name,team,pass_cmp,pass_att,pass_yd,pass_td,pass_int,sacks,rush_att,rush_yd,rush_td,tar,rec,rec_yd,rec_td,fum,g,core_pass_att,core_rush_att,core_tar,core_pass_yd,core_pass_td,core_int,core_rush_yd,core_rush_td,core_rec,core_rec_yd,core_rec_td,core_fum,proj_pass_att,proj_rush_att,proj_tar,proj_pass_yd,proj_pass_td,proj_int,proj_rush_yd,proj_rush_td,proj_rec,proj_rec_yd,proj_rec_td,proj_fum
A.J. Brown,PHI,0.0,0.0,0.0,0.0,0.0,0,0.0,0.0,0.0,7.46,0.69,11.12,0.07,0.0,13,0.0,0.0,7.57,0.0,0.0,0.0,0.0,0.0,5.17,81.24,0.49,0.0,0.0,0.0,7.57,0.0,0.0,0.0,0.0,0.0,5.17,81.24,0.49,0.0
AJ Barner,SEA,0.0,0.0,0.0,0.0,0.0,0,0.0,0.0,0.0,2.71,0.79,6.45,0.11,0.0,14,0.0,0.0,2.73,0.0,0.0,0.0,0.0,0.0,2.13,17.57,0.32,0.0,0.0,0.0,2.73,0.0,0.0,0.0,0.0,0.0,2.13,17.57,0.32,0.0
Aaron Rodgers,NYJ,0.63,34.35,6.67,0.05,0.02,40,1.29,4.86,0.0,0.0,0.0,0.0,0.0,0.23,17,34.18,1.29,0.0,230.01,1.68,0.65,6.38,0.0,0.0,0.0,0.0,0.29,34.18,1.29,0.0,230.01,1.68,0.65,6.38,0.0,0.0,0.0,0.0,0.29
Adam Trautman,DEN,0.0,0.0,0.0,0.0,0.0,0,0.0,0.0,0.0,1.69,0.59,8.55,0.09,0.0,13,0.0,0.0,1.66,0.0,0.0,0.0,0.0,0.0,0.98,14.24,0.15,0.0,0.0,0.0,1.66,0.0,0.0,0.0,0.0,0.0,0.98,14.24,0.15,0.0
Adonai Mitchell,IND,1.0,0.06,24.0,0.0,0.0,0,0.24,1.5,0.0,3.24,0.42,5.67,0.0,0.03,17,0.06,0.24,3.25,1.44,0.0,0.0,0.37,0.0,1.38,18.41,0.0,0.11,0.06,0.24,3.25,1.44,0.0,0.0,0.37,0.0,1.38,18.41,0.0,0.11
Aidan O'Connell,LVR,0.63,27.0,6.63,0.03,0.02,10,2.33,1.43,0.05,0.0,0.0,0.0,0.0,0.1,9,26.09,2.39,0.0,173.53,0.79,0.54,3.47,0.13,0.0,0.0,0.0,0.27,26.09,2.39,0.0,173.53,0.79,0.54,3.47,0.13,0.0,0.0,0.0,0.27
Alec Ingold,MIA,0.0,0.0,0.0,0.0,0.0,0,1.11,1.7,0.1,1.33,0.92,8.0,0.0,0.09,9,0.0,1.07,1.37,0.0,0.0,0.0,1.83,0.11,1.25,10.91,0.0,0.21,0.0,1.07,1.37,0.0,0.0,0.0,1.83,0.11,1.25,10.91,0.0,0.21
Alec Pierce,IND,0.0,0.0,0.0,0.0,0.0,0,0.0,0.0,0.0,4.31,0.54,11.94,0.1,0.0,16,0.0,0.0,4.33,0.0,0.0,0.0,0.0,0.0,2.35,51.58,0.44,0.0,0.0,0.0,4.33,0.0,0.0,0.0,0.0,0.0,2.35,51.58,0.44,0.0
Alexander Mattison,LVR,0.0,0.0,0.0,0.0,0.0,0,9.43,3.18,0.03,3.43,0.75,6.12,0.02,0.01,14,0.0,9.66,3.31,0.0,0.0,0.0,31.22,0.32,2.49,20.35,0.07,0.15,0.0,9.66,3.31,0.0,0.0,0.0,31.22,0.32,2.49,20.35,0.07,0.15
Allen Lazard,NYJ,0.0,0.08,0.0,0.0,0.0,0,0.0,0.0,0.0,5.0,0.62,8.83,0.1,0.0,12,0.08,0.0,4.98,0.0,0.0,0.0,0.0,0.0,3.07,44.32,0.49,0.0,0.08,0.0,4.98,0.0,0.0,0.0,0.0,0.0,3.07,44.32,0.49,0.0
Alvin Kamara,NOR,0.0,0.0,0.0,0.0,0.0,0,16.29,4.17,0.03,6.36,0.76,6.1,0.02,0.0,14,0.0,16.13,6.37,0.0,0.0,0.0,66.32,0.52,4.77,38.73,0.12,0.0,0.0,16.13,6.37,0.0,0.0,0.0,66.32,0.52,4.77,38.73,0.12,0.0
Amon-Ra St. Brown,DET,1.0,0.06,7.0,1.0,0.0,0,0.12,3.0,0.0,8.29,0.82,8.96,0.09,0.01,17,0.06,0.12,8.3,0.41,0.06,0.0,0.36,0.0,6.72,73.06,0.75,0.08,0.06,0.12,8.3,0.41,0.06,0.0,0.36,0.0,6.72,73.06,0.75,0.08
Andrei Iosivas,CIN,0.0,0.0,0.0,0.0,0.0,0,0.0,0.0,0.0,3.59,0.59,7.85,0.1,0.0,17,0.0,0.0,3.64,0.0,0.0,0.0,0.0,0.0,2.16,28.56,0.35,0.0,0.0,0.0,3.64,0.0,0.0,0.0,0.0,0.0,2.16,28.56,0.35,0.0
Andrew Beck,GNB,0.0,0.0,0.0,0.0,0.0,0,0.0,0.0,0.0,1.0,0.0,0.0,0.0,0.0,1,0.0,0.0,0.99,0.0,0.0,0.0,0.0,0.0,0.0,0.0,0.0,0.0,0.0,0.0,0.99,0.0,0.0,0.0,0.0,0.0,0.0,0.0,0.0,0.0
Andrew Beck,HOU,0.0,0.0,0.0,0.0,0.0,0,0.0,0.0,0.0,1.0,0.0,0.0,0.0,0.0,1,0.0,0.0,1.0,0.0,0.0,0.0,0.0,0.0,0.0,0.0,0.0,0.0,0.0,0.0,1.0,0.0,0.0,0.0,0.0,0.0,0.0,0.0,0.0,0.0
Andrew Ogletree,IND,0.0,0.0,0.0,0.0,0.0,0,0.0,0.0,0.0,1.27,0.64,7.79,0.07,0.0,11,0.0,0.0,1.28,0.0,0.0,0.0,0.0,0.0,0.82,9.92,0.09,0.0,0.0,0.0,1.28,0.0,0.0,0.0,0.0,0.0,0.82,9.92,0.09,0.0
Andy Dalton,CAR,0.66,26.67,6.18,0.04,0.04,7,1.83,3.09,0.0,0.0,0.0,0.0,0.0,0.18,6,26.38,1.85,0.0,163.44,1.08,1.14,5.63,0.0,0.0,0.0,0.0,0.33,26.38,1.85,0.0,163.44,1.08,1.14,5.63,0.0,0.0,0.0,0.0,0.33
Anthony Gould,IND,0.0,0.0,0.0,0.0,0.0,0,0.0,0.0,0.0,1.0,1.0,23.0,0.0,0.0,1,0.0,0.0,1.0,0.0,0.0,0.0,0.0,0.0,1.01,23.05,0.0,0.0,0.0,0.0,1.0,0.0,0.0,0.0,0.0,0.0,1.01,23.05,0.0,0.0
Anthony Richardson,IND,0.48,24.0,6.87,0.03,0.05,14,7.82,5.8,0.07,0.09,1.0,-1.0,0.0,0.1,11,24.1,7.84,0.09,165.27,0.73,1.15,46.49,0.55,0.09,-0.09,0.0,0.8,24.1,7.84,0.09,165.27,0.73,1.15,46.49,0.55,0.09,-0.09,0.0,0.8
Antonio Gibson,NWE,0.0,0.0,0.0,0.0,0.0,0,7.06,4.48,0.01,1.71,0.79,7.1,0.0,0.01,17,0.0,6.94,1.74,0.0,0.0,0.0,31.04,0.07,1.37,12.43,0.0,0.09,0.0,6.94,1.74,0.0,0.0,0.0,31.04,0.07,1.37,12.43,0.0,0.09
Ashton Dulin,IND,0.0,0.0,0.0,0.0,0.0,0,0.56,9.0,0.0,0.89,0.25,8.38,0.12,0.0,9,0.0,0.56,0.89,0.0,0.0,0.0,5.17,0.0,0.22,7.48,0.11,0.0,0.0,0.56,0.89,0.0,0.0,0.0,5.17,0.0,0.22,7.48,0.11,0.0
Austin Ekeler,WAS,0.0,0.0,0.0,0.0,0.0,0,6.42,4.77,0.05,3.42,0.85,8.93,0.0,0.03,12,0.0,6.3,3.5,0.0,0.0,0.0,29.57,0.3,2.94,30.8,0.0,0.27,0.0,6.3,3.5,0.0,0.0,0.0,29.57,0.3,2.94,30.8,0.0,0.27
Austin Hooper,NWE,0.0,0.0,0.0,0.0,0.0,0,0.0,0.0,0.0,3.47,0.76,8.07,0.05,0.03,17,0.0,0.0,3.53,0.0,0.0,0.0,0.0,0.0,2.68,28.66,0.18,0.11,0.0,0.0,3.53,0.0,0.0,0.0,0.0,0.0,2.68,28.66,0.18,0.11
Baker Mayfield,TAM,0.71,33.53,7.89,0.07,0.03,40,3.53,6.3,0.05,0.0,0.0,0.0,0.0,0.22,17,33.39,3.48,0.0,264.06,2.26,1.04,21.41,0.17,0.0,0.0,0.0,0.8,33.39,3.48,0.0,264.06,2.26,1.04,21.41,0.17,0.0,0.0,0.0,0.8
Ben Sims,GNB,0.0,0.0,0.0,0.0,0.0,0,0.0,0.0,0.0,1.25,0.8,8.4,0.0,0.0,4,0.0,0.0,1.24,0.0,0.0,0.0,0.0,0.0,1.01,10.39,0.0,0.0,0.0,0.0,1.24,0.0,0.0,0.0,0.0,0.0,1.01,10.39,0.0,0.0
Ben Sinnott,WAS,0.0,0.0,0.0,0.0,0.0,0,0.0,0.0,0.0,1.25,1.0,5.6,0.2,0.0,4,0.0,0.0,1.28,0.0,0.0,0.0,0.0,0.0,1.27,7.06,0.25,0.0,0.0,0.0,1.28,0.0,0.0,0.0,0.0,0.0,1.27,7.06,0.25,0.0
Ben Skowronek,PIT,0.0,0.0,0.0,0.0,0.0,0,0.0,0.0,0.0,1.25,1.0,13.8,0.0,0.0,4,0.0,0.0,1.26,0.0,0.0,0.0,0.0,0.0,1.26,17.35,0.0,0.0,0.0,0.0,1.26,0.0,0.0,0.0,0.0,0.0,1.26,17.35,0.0,0.0
Ben VanSumeren,PHI,0.0,0.0,0.0,0.0,0.0,0,0.0,0.0,0.0,1.0,1.0,0.0,0.0,0.0,1,0.0,0.0,1.01,0.0,0.0,0.0,0.0,0.0,1.0,0.0,0.0,0.0,0.0,0.0,1.01,0.0,0.0,0.0,0.0,0.0,1.0,0.0,0.0,0.0
Bijan Robinson,ATL,0.0,0.0,0.0,0.0,0.0,0,17.88,4.79,0.05,4.24,0.85,5.99,0.01,0.0,17,0.0,17.87,4.16,0.0,0.0,0.0,83.93,0.93,3.53,24.93,0.04,0.0,0.0,17.87,4.16,0.0,0.0,0.0,83.93,0.93,3.53,24.93,0.04,0.0
Blake Corum,LAR,0.0,0.0,0.0,0.0,0.0,0,4.14,3.57,0.0,0.57,0.88,7.25,0.0,0.0,14,0.0,4.21,0.57,0.0,0.0,0.0,15.04,0.0,0.5,4.21,0.0,0.0,0.0,4.21,0.57,0.0,0.0,0.0,15.04,0.0,0.5,4.21,0.0,0.0
Blake Whiteheart,CLE,0.0,0.0,0.0,0.0,0.0,0,0.0,0.0,0.0,1.29,0.67,5.67,0.11,0.0,7,0.0,0.0,1.26,0.0,0.0,0.0,0.0,0.0,0.85,7.2,0.14,0.0,0.0,0.0,1.26,0.0,0.0,0.0,0.0,0.0,0.85,7.2,0.14,0.0
Bo Nix,DEN,0.66,33.35,6.66,0.05,0.02,24,5.41,4.67,0.04,0.06,1.0,2.0,1.0,0.03,17,32.72,5.43,0.06,218.92,1.6,0.68,25.62,0.23,0.06,0.12,0.06,0.18,32.72,5.43,0.06,218.92,1.6,0.68,25.62,0.23,0.06,0.12,0.06,0.18
Braelon Allen,NYJ,0.0,0.0,0.0,0.0,0.0,0,5.41,3.63,0.02,1.59,0.7,5.48,0.04,0.0,17,0.0,5.42,1.58,0.0,0.0,0.0,19.99,0.12,1.1,8.75,0.06,0.0,0.0,5.42,1.58,0.0,0.0,0.0,19.99,0.12,1.1,8.75,0.06,0.0
Brandin Cooks,DAL,0.0,0.0,0.0,0.0,0.0,0,0.3,-1.0,0.0,5.4,0.48,4.8,0.06,0.0,10,0.0,0.3,5.45,0.0,0.0,0.0,-0.3,0.0,2.65,26.4,0.32,0.0,0.0,0.3,5.45,0.0,0.0,0.0,-0.3,0.0,2.65,26.4,0.32,0.0
Brandon Aiyuk,SFO,0.0,0.0,0.0,0.0,0.0,0,0.0,0.0,0.0,6.71,0.53,7.96,0.0,0.0,7,0.0,0.0,6.66,0.0,0.0,0.0,0.0,0.0,3.51,52.57,0.0,0.0,0.0,0.0,6.66,0.0,0.0,0.0,0.0,0.0,3.51,52.57,0.0,0.0
Brandon Allen,SFO,0.57,10.0,6.63,0.03,0.07,2,1.0,1.33,0.0,0.0,0.0,0.0,0.0,0.67,3,9.93,1.03,0.0,65.26,0.32,0.69,1.36,0.0,0.0,0.0,0.0,0.64,9.93,1.03,0.0,65.26,0.32,0.69,1.36,0.0,0.0,0.0,0.0,0.64
Braxton Berrios,MIA,0.0,0.0,0.0,0.0,0.0,0,0.0,0.0,0.0,1.33,0.0,0.0,0.0,0.0,3,0.0,0.0,1.37,0.0,0.0,0.0,0.0,0.0,0.0,0.0,0.0,0.0,0.0,0.0,1.37,0.0,0.0,0.0,0.0,0.0,0.0,0.0,0.0,0.0
Breece Hall,NYJ,0.0,0.0,0.0,0.0,0.0,0,13.06,4.19,0.02,4.75,0.75,6.36,0.04,0.02,16,0.0,13.09,4.73,0.0,0.0,0.0,55.71,0.28,3.52,30.33,0.19,0.35,0.0,13.09,4.73,0.0,0.0,0.0,55.71,0.28,3.52,30.33,0.19,0.35
Brenton Strange,JAX,0.0,0.0,0.0,0.0,0.0,0,0.0,0.0,0.0,3.79,0.75,7.75,0.04,0.02,14,0.0,0.0,3.87,0.0,0.0,0.0,0.0,0.0,2.93,30.3,0.15,0.07,0.0,0.0,3.87,0.0,0.0,0.0,0.0,0.0,2.93,30.3,0.15,0.07
Brevin Jordan,HOU,0.0,0.0,0.0,0.0,0.0,0,0.0,0.0,0.0,1.5,0.67,2.33,0.0,0.0,2,0.0,0.0,1.51,0.0,0.0,0.0,0.0,0.0,1.0,3.45,0.0,0.0,0.0,0.0,1.51,0.0,0.0,0.0,0.0,0.0,1.0,3.45,0.0,0.0
Brevyn Spann-Ford,DAL,0.0,0.0,0.0,0.0,0.0,0,0.0,0.0,0.0,2.33,0.64,6.29,0.0,0.0,6,0.0,0.0,2.35,0.0,0.0,0.0,0.0,0.0,1.53,14.93,0.0,0.0,0.0,0.0,2.35,0.0,0.0,0.0,0.0,0.0,1.53,14.93,0.0,0.0
Brian Robinson Jr.,WAS,0.0,0.0,0.0,0.0,0.0,0,13.36,4.27,0.04,1.79,0.8,6.36,0.0,0.01,14,0.0,13.12,1.83,0.0,0.0,0.0,55.08,0.49,1.45,11.48,0.0,0.14,0.0,13.12,1.83,0.0,0.0,0.0,55.08,0.49,1.45,11.48,0.0,0.14
Brian Thomas,JAX,0.0,0.0,0.0,0.0,0.0,0,0.35,8.0,0.0,7.82,0.65,9.64,0.08,0.0,17,0.0,0.35,7.98,0.0,0.0,0.0,2.84,0.0,5.24,77.76,0.63,0.0,0.0,0.35,7.98,0.0,0.0,0.0,2.84,0.0,5.24,77.76,0.63,0.0
British Brooks,HOU,0.0,0.0,0.0,0.0,0.0,0,1.0,2.0,0.0,0.0,0.0,0.0,0.0,0.0,1,0.0,0.99,0.0,0.0,0.0,0.0,2.03,0.0,0.0,0.0,0.0,0.0,0.0,0.99,0.0,0.0,0.0,0.0,2.03,0.0,0.0,0.0,0.0,0.0
Brock Bowers,LVR,0.0,0.0,0.0,0.0,0.0,0,0.29,2.6,0.0,9.0,0.73,7.8,0.03,0.0,17,0.0,0.3,8.7,0.0,0.0,0.0,0.79,0.0,6.35,68.05,0.26,0.0,0.0,0.3,8.7,0.0,0.0,0.0,0.79,0.0,6.35,68.05,0.26,0.0
Brock Purdy,SFO,0.66,30.33,8.49,0.04,0.03,31,4.4,4.89,0.08,0.0,0.0,0.0,0.0,0.11,15,30.11,4.52,0.0,253.46,1.28,0.89,22.06,0.37,0.0,0.0,0.0,0.46,30.11,4.52,0.0,253.46,1.28,0.89,22.06,0.37,0.0,0.0,0.0,0.46
Brock Wright,DET,0.0,0.0,0.0,0.0,0.0,0,0.0,0.0,0.0,1.6,0.81,6.25,0.12,0.0,10,0.0,0.0,1.6,0.0,0.0,0.0,0.0,0.0,1.28,9.84,0.19,0.0,0.0,0.0,1.6,0.0,0.0,0.0,0.0,0.0,1.28,9.84,0.19,0.0
Bryce Oliver,TEN,0.0,0.0,0.0,0.0,0.0,0,0.0,0.0,0.0,1.8,0.67,10.56,0.0,0.0,5,0.0,0.0,1.79,0.0,0.0,0.0,0.0,0.0,1.21,18.77,0.0,0.0,0.0,0.0,1.79,0.0,0.0,0.0,0.0,0.0,1.21,18.77,0.0,0.0
Bryce Young,CAR,0.61,27.43,6.26,0.04,0.02,29,3.07,5.79,0.14,0.0,0.0,0.0,0.0,0.12,14,27.13,3.11,0.0,170.28,1.11,0.59,17.68,0.45,0.0,0.0,0.0,0.37,27.13,3.11,0.0,170.28,1.11,0.59,17.68,0.45,0.0,0.0,0.0,0.37
Brycen Tremayne,WAS,0.0,0.0,0.0,0.0,0.0,0,0.0,0.0,0.0,1.0,1.0,-2.0,0.0,0.0,1,0.0,0.0,1.02,0.0,0.0,0.0,0.0,0.0,1.01,-2.02,0.0,0.0,0.0,0.0,1.02,0.0,0.0,0.0,0.0,0.0,1.01,-2.02,0.0,0.0
Bub Means,NOR,0.0,0.0,0.0,0.0,0.0,0,0.0,0.0,0.0,3.75,0.6,7.87,0.07,0.0,4,0.0,0.0,3.76,0.0,0.0,0.0,0.0,0.0,2.22,29.46,0.24,0.0,0.0,0.0,3.76,0.0,0.0,0.0,0.0,0.0,2.22,29.46,0.24,0.0
Bucky Irving,TAM,0.0,0.0,0.0,0.0,0.0,0,12.18,5.42,0.04,3.06,0.9,7.54,0.0,0.01,17,0.0,12.0,3.05,0.0,0.0,0.0,63.57,0.48,2.74,23.03,0.0,0.16,0.0,12.0,3.05,0.0,0.0,0.0,63.57,0.48,2.74,23.03,0.0,0.16
C.J. Stroud,HOU,0.63,31.29,7.01,0.04,0.02,52,3.06,4.48,0.0,0.06,0.0,0.0,0.0,0.11,17,31.43,3.02,0.06,216.25,1.27,0.61,13.9,0.0,0.0,0.0,0.0,0.34,31.43,3.02,0.06,216.25,1.27,0.61,13.9,0.0,0.0,0.0,0.0,0.34
Cade Otton,TAM,0.0,0.0,0.0,0.0,0.0,0,0.07,-4.0,0.0,6.21,0.68,6.9,0.05,0.02,14,0.0,0.07,6.18,0.0,0.0,0.0,-0.27,0.0,4.19,42.77,0.3,0.13,0.0,0.07,6.18,0.0,0.0,0.0,-0.27,0.0,4.19,42.77,0.3,0.13
Cade Stover,HOU,0.0,0.0,0.0,0.0,0.0,0,0.0,0.0,0.0,1.69,0.68,6.05,0.05,0.0,13,0.0,0.0,1.7,0.0,0.0,0.0,0.0,0.0,1.14,10.08,0.09,0.0,0.0,0.0,1.7,0.0,0.0,0.0,0.0,0.0,1.14,10.08,0.09,0.0
Caleb Williams,CHI,0.62,33.06,6.3,0.04,0.01,68,4.76,6.04,0.0,0.0,0.0,0.0,0.0,0.12,17,32.92,4.75,0.0,206.52,1.3,0.29,28.77,0.0,0.0,0.0,0.0,0.57,32.92,4.75,0.0,206.52,1.3,0.29,28.77,0.0,0.0,0.0,0.0,0.57
Calvin Austin III,PIT,0.0,0.0,0.0,0.0,0.0,0,0.0,0.0,0.0,3.41,0.62,9.45,0.07,0.02,17,0.0,0.0,3.43,0.0,0.0,0.0,0.0,0.0,2.13,32.42,0.23,0.07,0.0,0.0,3.43,0.0,0.0,0.0,0.0,0.0,2.13,32.42,0.23,0.07
Calvin Ridley,TEN,0.0,0.0,0.0,0.0,0.0,0,0.47,6.88,0.12,7.06,0.53,8.48,0.03,0.01,17,0.0,0.46,7.02,0.0,0.0,0.0,3.24,0.06,3.75,59.12,0.21,0.08,0.0,0.46,7.02,0.0,0.0,0.0,3.24,0.06,3.75,59.12,0.21,0.08
Cam Grandy,CIN,0.0,0.0,0.0,0.0,0.0,0,0.0,0.0,0.0,1.25,1.0,5.6,0.0,0.0,4,0.0,0.0,1.27,0.0,0.0,0.0,0.0,0.0,1.27,7.09,0.0,0.0,0.0,0.0,1.27,0.0,0.0,0.0,0.0,0.0,1.27,7.09,0.0,0.0
Casey Washington,ATL,0.0,0.0,0.0,0.0,0.0,0,0.0,0.0,0.0,1.0,0.5,7.0,0.0,0.0,2,0.0,0.0,0.98,0.0,0.0,0.0,0.0,0.0,0.49,6.87,0.0,0.0,0.0,0.0,0.98,0.0,0.0,0.0,0.0,0.0,0.49,6.87,0.0,0.0
Cedric Tillman,CLE,0.0,0.0,0.0,0.0,0.0,0,0.11,-5.0,0.0,5.44,0.59,6.92,0.06,0.02,9,0.0,0.11,5.33,0.0,0.0,0.0,-0.58,0.0,3.16,37.06,0.33,0.11,0.0,0.11,5.33,0.0,0.0,0.0,-0.58,0.0,3.16,37.06,0.33,0.11
CeeDee Lamb,DAL,0.0,0.0,0.0,0.0,0.0,0,0.93,5.0,0.0,10.13,0.66,7.86,0.04,0.01,15,0.0,0.93,10.22,0.0,0.0,0.0,4.62,0.0,6.84,81.11,0.4,0.1,0.0,0.93,10.22,0.0,0.0,0.0,4.62,0.0,6.84,81.11,0.4,0.1
Charlie Jones,CIN,0.0,0.0,0.0,0.0,0.0,0,0.0,0.0,0.0,1.0,1.0,5.0,0.0,1.0,1,0.0,0.0,1.01,0.0,0.0,0.0,0.0,0.0,1.02,5.07,0.0,1.02,0.0,0.0,1.01,0.0,0.0,0.0,0.0,0.0,1.02,5.07,0.0,1.02
Charlie Kolar,BAL,0.0,0.0,0.0,0.0,0.0,0,0.14,2.0,0.0,1.57,0.82,11.91,0.09,0.0,7,0.0,0.14,1.57,0.0,0.0,0.0,0.29,0.0,1.3,18.83,0.14,0.0,0.0,0.14,1.57,0.0,0.0,0.0,0.29,0.0,1.3,18.83,0.14,0.0
Charlie Woerner,ATL,0.0,0.0,0.0,0.0,0.0,0,0.0,0.0,0.0,1.5,0.58,3.83,0.0,0.0,8,0.0,0.0,1.47,0.0,0.0,0.0,0.0,0.0,0.85,5.64,0.0,0.0,0.0,0.0,1.47,0.0,0.0,0.0,0.0,0.0,0.85,5.64,0.0,0.0
Chase Brown,CIN,0.0,0.0,0.0,0.0,0.0,0,14.31,4.32,0.03,4.06,0.83,5.54,0.06,0.01,16,0.0,14.35,4.12,0.0,0.0,0.0,63.26,0.44,3.44,22.79,0.24,0.18,0.0,14.35,4.12,0.0,0.0,0.0,63.26,0.44,3.44,22.79,0.24,0.18
Chigoziem Okonkwo,TEN,0.0,0.0,0.0,0.0,0.0,0,0.06,17.0,0.0,4.38,0.74,6.84,0.03,0.03,16,0.0,0.06,4.36,0.0,0.0,0.0,1.02,0.0,3.25,29.59,0.13,0.14,0.0,0.06,4.36,0.0,0.0,0.0,1.02,0.0,3.25,29.59,0.13,0.14
Chris Brooks,GNB,0.0,0.0,0.0,0.0,0.0,0,3.27,5.08,0.03,1.18,0.85,5.31,0.0,0.0,11,0.0,3.33,1.17,0.0,0.0,0.0,16.79,0.1,1.01,6.2,0.0,0.0,0.0,3.33,1.17,0.0,0.0,0.0,16.79,0.1,1.01,6.2,0.0,0.0
Chris Godwin,TAM,0.0,0.0,0.0,0.0,0.0,0,0.14,2.0,0.0,8.86,0.81,9.29,0.08,0.02,7,0.0,0.14,8.82,0.0,0.0,0.0,0.27,0.0,7.13,82.16,0.68,0.19,0.0,0.14,8.82,0.0,0.0,0.0,0.27,0.0,7.13,82.16,0.68,0.19
Chris Manhertz,NYG,0.0,0.0,0.0,0.0,0.0,0,0.0,0.0,0.0,1.0,0.75,7.5,0.25,0.0,4,0.0,0.0,1.0,0.0,0.0,0.0,0.0,0.0,0.75,7.49,0.24,0.0,0.0,0.0,1.0,0.0,0.0,0.0,0.0,0.0,0.75,7.49,0.24,0.0
Chris Olave,NOR,0.0,0.0,0.0,0.0,0.0,0,0.12,7.0,0.0,5.5,0.73,9.09,0.02,0.02,8,0.0,0.12,5.51,0.0,0.0,0.0,0.82,0.0,3.96,49.91,0.1,0.11,0.0,0.12,5.51,0.0,0.0,0.0,0.82,0.0,3.96,49.91,0.1,0.11
Chris Rodriguez,WAS,0.0,0.0,0.0,0.0,0.0,0,5.83,4.94,0.06,0.17,1.0,12.0,0.0,0.0,6,0.0,5.73,0.17,0.0,0.0,0.0,27.81,0.32,0.17,2.06,0.0,0.0,0.0,5.73,0.17,0.0,0.0,0.0,27.81,0.32,0.17,2.06,0.0,0.0
Christian Kirk,JAX,0.0,0.0,0.0,0.0,0.0,0,0.0,0.0,0.0,5.88,0.57,8.06,0.02,0.0,8,0.0,0.0,6.0,0.0,0.0,0.0,0.0,0.0,3.46,48.89,0.12,0.0,0.0,0.0,6.0,0.0,0.0,0.0,0.0,0.0,3.46,48.89,0.12,0.0
Christian McCaffrey,SFO,0.0,0.0,0.0,0.0,0.0,0,12.5,4.04,0.0,4.75,0.79,7.68,0.0,0.01,4,0.0,12.84,4.72,0.0,0.0,0.0,51.79,0.0,3.7,35.91,0.0,0.16,0.0,12.84,4.72,0.0,0.0,0.0,51.79,0.0,3.7,35.91,0.0,0.16
Christian Watson,GNB,0.0,0.0,0.0,0.0,0.0,0,0.29,5.75,0.0,3.79,0.55,11.7,0.04,0.02,14,0.0,0.3,3.77,0.0,0.0,0.0,1.69,0.0,2.1,43.86,0.16,0.08,0.0,0.3,3.77,0.0,0.0,0.0,1.69,0.0,2.1,43.86,0.16,0.08
Chuba Hubbard,CAR,0.0,0.0,0.0,0.0,0.0,0,16.67,4.78,0.04,3.6,0.8,3.17,0.02,0.01,15,0.0,16.86,3.56,0.0,0.0,0.0,79.26,0.7,2.83,11.32,0.07,0.2,0.0,16.86,3.56,0.0,0.0,0.0,79.26,0.7,2.83,11.32,0.07,0.2
Cody White,SEA,0.0,0.0,0.0,0.0,0.0,0,0.0,0.0,0.0,3.0,0.67,14.67,0.0,0.0,1,0.0,0.0,3.02,0.0,0.0,0.0,0.0,0.0,2.0,44.24,0.0,0.0,0.0,0.0,3.02,0.0,0.0,0.0,0.0,0.0,2.0,44.24,0.0,0.0
Colby Parkinson,LAR,0.0,0.0,0.0,0.0,0.0,0,0.0,0.0,0.0,3.27,0.61,6.0,0.02,0.0,15,0.0,0.0,3.27,0.0,0.0,0.0,0.0,0.0,2.0,19.98,0.07,0.0,0.0,0.0,3.27,0.0,0.0,0.0,0.0,0.0,2.0,19.98,0.07,0.0
Cole Kmet,CHI,0.0,0.0,0.0,0.0,0.0,0,0.0,0.0,0.0,3.93,0.85,8.62,0.07,0.0,14,0.0,0.0,3.91,0.0,0.0,0.0,0.0,0.0,3.33,33.59,0.27,0.0,0.0,0.0,3.91,0.0,0.0,0.0,0.0,0.0,3.33,33.59,0.27,0.0
Connor Heyward,PIT,0.0,0.0,0.0,0.0,0.0,0,0.0,0.0,0.0,1.6,0.75,5.0,0.12,0.0,5,0.0,0.0,1.61,0.0,0.0,0.0,0.0,0.0,1.21,8.05,0.19,0.0,0.0,0.0,1.61,0.0,0.0,0.0,0.0,0.0,1.21,8.05,0.19,0.0
Cooper Kupp,LAR,0.0,0.0,0.0,0.0,0.0,0,0.17,5.0,0.0,8.33,0.67,7.1,0.06,0.01,12,0.0,0.17,8.33,0.0,0.0,0.0,0.86,0.0,5.6,60.22,0.55,0.08,0.0,0.17,8.33,0.0,0.0,0.0,0.86,0.0,5.6,60.22,0.55,0.08
Cooper Rush,DAL,0.61,25.67,5.99,0.04,0.02,13,2.17,0.69,0.0,0.0,0.0,0.0,0.0,0.35,12,25.89,2.17,0.0,156.63,1.01,0.57,1.49,0.0,0.0,0.0,0.0,0.71,25.89,2.17,0.0,156.63,1.01,0.57,1.49,0.0,0.0,0.0,0.0,0.71
Courtland Sutton,DEN,1.0,0.12,15.0,0.5,0.0,0,0.0,0.0,0.0,8.44,0.6,8.01,0.06,0.01,16,0.12,0.0,8.28,1.77,0.06,0.0,0.0,0.0,4.96,66.63,0.49,0.09,0.12,0.0,8.28,1.77,0.06,0.0,0.0,0.0,4.96,66.63,0.49,0.09
Craig Reynolds,DET,0.0,0.0,0.0,0.0,0.0,0,4.43,4.48,0.0,0.71,0.6,8.0,0.0,0.03,7,0.0,4.45,0.71,0.0,0.0,0.0,20.05,0.0,0.42,5.59,0.0,0.15,0.0,4.45,0.71,0.0,0.0,0.0,20.05,0.0,0.42,5.59,0.0,0.15
Curtis Samuel,BUF,0.0,0.0,0.0,0.0,0.0,0,0.36,2.8,0.0,3.29,0.67,5.5,0.02,0.0,14,0.0,0.36,3.32,0.0,0.0,0.0,1.02,0.0,2.25,18.42,0.07,0.0,0.0,0.36,3.32,0.0,0.0,0.0,1.02,0.0,2.25,18.42,0.07,0.0
D'Andre Swift,CHI,0.0,0.0,0.0,0.0,0.0,0,14.88,3.79,0.02,3.06,0.81,7.42,0.0,0.01,17,0.0,14.84,3.05,0.0,0.0,0.0,56.43,0.29,2.47,22.51,0.0,0.18,0.0,14.84,3.05,0.0,0.0,0.0,56.43,0.29,2.47,22.51,0.0,0.18
D'Wayne Eskridge,MIA,0.0,0.0,0.0,0.0,0.0,0,0.0,0.0,0.0,1.0,1.0,14.67,0.0,0.0,3,0.0,0.0,1.03,0.0,0.0,0.0,0.0,0.0,1.02,15.04,0.0,0.0,0.0,0.0,1.03,0.0,0.0,0.0,0.0,0.0,1.02,15.04,0.0,0.0
D.J. Moore,CHI,0.0,0.06,0.0,0.0,0.0,0,0.82,5.36,0.0,8.24,0.7,6.9,0.04,0.01,17,0.06,0.82,8.21,0.0,0.0,0.0,4.4,0.0,5.75,56.38,0.32,0.09,0.06,0.82,8.21,0.0,0.0,0.0,4.4,0.0,5.75,56.38,0.32,0.09
D.K. Metcalf,SEA,0.0,0.0,0.0,0.0,0.0,0,0.0,0.0,0.0,7.2,0.61,9.19,0.05,0.02,15,0.0,0.0,7.25,0.0,0.0,0.0,0.0,0.0,4.38,66.52,0.38,0.14,0.0,0.0,7.25,0.0,0.0,0.0,0.0,0.0,4.38,66.52,0.38,0.14
Dak Prescott,DAL,0.65,35.75,6.92,0.04,0.03,21,1.62,4.15,0.08,0.0,0.0,0.0,0.0,0.31,8,36.06,1.62,0.0,252.01,1.4,1.2,6.68,0.13,0.0,0.0,0.0,0.47,36.06,1.62,0.0,252.01,1.4,1.2,6.68,0.13,0.0,0.0,0.0,0.47
Dallas Goedert,PHI,0.0,0.0,0.0,0.0,0.0,0,0.0,0.0,0.0,5.2,0.81,9.54,0.04,0.04,10,0.0,0.0,5.27,0.0,0.0,0.0,0.0,0.0,4.23,48.58,0.2,0.22,0.0,0.0,5.27,0.0,0.0,0.0,0.0,0.0,4.23,48.58,0.2,0.22
Dalton Kincaid,BUF,0.0,0.0,0.0,0.0,0.0,0,0.0,0.0,0.0,5.77,0.59,5.97,0.03,0.01,13,0.0,0.0,5.82,0.0,0.0,0.0,0.0,0.0,3.47,35.07,0.18,0.06,0.0,0.0,5.82,0.0,0.0,0.0,0.0,0.0,3.47,35.07,0.18,0.06
Dalton Schultz,HOU,0.0,0.0,0.0,0.0,0.0,0,0.0,0.0,0.0,5.0,0.62,6.26,0.02,0.0,17,0.0,0.0,5.02,0.0,0.0,0.0,0.0,0.0,3.08,30.86,0.1,0.0,0.0,0.0,5.02,0.0,0.0,0.0,0.0,0.0,3.08,30.86,0.1,0.0
Dameon Pierce,HOU,0.0,0.0,0.0,0.0,0.0,0,4.44,7.32,0.05,0.44,0.5,0.5,0.0,0.02,9,0.0,4.39,0.44,0.0,0.0,0.0,32.95,0.21,0.22,0.22,0.0,0.1,0.0,4.39,0.44,0.0,0.0,0.0,32.95,0.21,0.22,0.22,0.0,0.1
Daniel Bellinger,NYG,0.0,0.0,0.0,0.0,0.0,0,0.0,0.0,0.0,2.43,0.82,7.35,0.0,0.0,7,0.0,0.0,2.43,0.0,0.0,0.0,0.0,0.0,2.0,17.85,0.0,0.0,0.0,0.0,2.43,0.0,0.0,0.0,0.0,0.0,2.0,17.85,0.0,0.0
Daniel Jones,NYG,0.63,34.1,6.07,0.02,0.02,29,6.7,3.96,0.03,0.0,0.0,0.0,0.0,0.06,10,34.07,6.67,0.0,206.81,0.65,0.68,26.22,0.2,0.0,0.0,0.0,0.38,34.07,6.67,0.0,206.81,0.65,0.68,26.22,0.2,0.0,0.0,0.0,0.38
Dare Ogunbowale,HOU,0.0,0.0,0.0,0.0,0.0,0,2.0,3.73,0.0,1.87,0.68,7.07,0.04,0.0,15,0.0,1.98,1.88,0.0,0.0,0.0,7.56,0.0,1.26,13.03,0.08,0.0,0.0,1.98,1.88,0.0,0.0,0.0,7.56,0.0,1.26,13.03,0.08,0.0
Dareke Young,SEA,0.0,0.0,0.0,0.0,0.0,0,0.0,0.0,0.0,1.0,0.0,0.0,0.0,0.0,1,0.0,0.0,1.01,0.0,0.0,0.0,0.0,0.0,0.0,0.0,0.0,0.0,0.0,0.0,1.01,0.0,0.0,0.0,0.0,0.0,0.0,0.0,0.0,0.0
Darius Slayton,NYG,0.0,0.0,0.0,0.0,0.0,0,0.12,8.5,0.0,4.44,0.55,8.07,0.03,0.01,16,0.0,0.12,4.44,0.0,0.0,0.0,1.01,0.0,2.45,35.8,0.13,0.04,0.0,0.12,4.44,0.0,0.0,0.0,1.01,0.0,2.45,35.8,0.13,0.04
Darnell Mooney,ATL,0.0,0.06,0.0,0.0,0.0,0,0.0,0.0,0.0,6.62,0.6,9.36,0.05,0.0,16,0.06,0.0,6.5,0.0,0.0,0.0,0.0,0.0,3.89,60.82,0.33,0.0,0.06,0.0,6.5,0.0,0.0,0.0,0.0,0.0,3.89,60.82,0.33,0.0
Darnell Washington,PIT,0.0,0.0,0.0,0.0,0.0,0,0.0,0.0,0.0,1.92,0.76,8.0,0.04,0.0,13,0.0,0.0,1.93,0.0,0.0,0.0,0.0,0.0,1.47,15.45,0.07,0.0,0.0,0.0,1.93,0.0,0.0,0.0,0.0,0.0,1.47,15.45,0.07,0.0
Davante Adams,LVR,0.0,0.0,0.0,0.0,0.0,0,0.0,0.0,0.0,9.0,0.67,7.74,0.04,0.0,3,0.0,0.0,8.7,0.0,0.0,0.0,0.0,0.0,5.83,67.53,0.35,0.0,0.0,0.0,8.7,0.0,0.0,0.0,0.0,0.0,5.83,67.53,0.35,0.0
Davante Adams,NYJ,0.0,0.0,0.0,0.0,0.0,0,0.0,0.0,0.0,10.36,0.59,7.49,0.06,0.0,11,0.0,0.0,10.31,0.0,0.0,0.0,0.0,0.0,6.05,77.9,0.61,0.0,0.0,0.0,10.31,0.0,0.0,0.0,0.0,0.0,6.05,77.9,0.61,0.0
David Martin-Robinson,TEN,0.0,0.0,0.0,0.0,0.0,0,0.0,0.0,0.0,1.0,0.5,3.0,0.0,0.0,2,0.0,0.0,0.99,0.0,0.0,0.0,0.0,0.0,0.5,2.96,0.0,0.0,0.0,0.0,0.99,0.0,0.0,0.0,0.0,0.0,0.5,2.96,0.0,0.0
David Montgomery,DET,1.0,0.07,3.0,1.0,0.0,0,13.21,4.19,0.06,2.71,0.95,8.97,0.0,0.01,14,0.07,13.26,2.71,0.21,0.07,0.0,55.91,0.79,2.55,23.91,0.0,0.15,0.07,13.26,2.71,0.21,0.07,0.0,55.91,0.79,2.55,23.91,0.0,0.15
David Moore,CAR,0.0,0.0,0.0,0.0,0.0,0,0.07,0.0,0.0,4.07,0.56,6.16,0.05,0.0,14,0.0,0.07,4.03,0.0,0.0,0.0,0.0,0.0,2.24,24.86,0.21,0.0,0.0,0.07,4.03,0.0,0.0,0.0,0.0,0.0,2.24,24.86,0.21,0.0
David Njoku,CLE,0.0,0.0,0.0,0.0,0.0,0,0.0,0.0,0.0,8.82,0.66,5.21,0.05,0.0,11,0.0,0.0,8.64,0.0,0.0,0.0,0.0,0.0,5.73,45.24,0.44,0.0,0.0,0.0,8.64,0.0,0.0,0.0,0.0,0.0,5.73,45.24,0.44,0.0
Davis Allen,LAR,0.0,0.0,0.0,0.0,0.0,0,0.0,0.0,0.0,2.17,0.46,3.0,0.0,0.0,6,0.0,0.0,2.17,0.0,0.0,0.0,0.0,0.0,1.0,6.63,0.0,0.0,0.0,0.0,2.17,0.0,0.0,0.0,0.0,0.0,1.0,6.63,0.0,0.0
Davis Mills,HOU,0.56,9.0,5.89,0.0,0.0,2,0.75,3.67,0.0,0.0,0.0,0.0,0.0,0.0,4,9.04,0.74,0.0,52.26,0.0,0.0,2.79,0.0,0.0,0.0,0.0,0.0,9.04,0.74,0.0,52.26,0.0,0.0,2.79,0.0,0.0,0.0,0.0,0.0
Dawson Knox,BUF,0.0,0.0,0.0,0.0,0.0,0,0.0,0.0,0.0,2.36,0.67,9.42,0.03,0.0,14,0.0,0.0,2.38,0.0,0.0,0.0,0.0,0.0,1.61,22.64,0.07,0.0,0.0,0.0,2.38,0.0,0.0,0.0,0.0,0.0,1.61,22.64,0.07,0.0
De'Von Achane,MIA,0.0,0.0,0.0,0.0,0.0,0,11.94,4.47,0.03,5.12,0.9,6.8,0.07,0.0,17,0.0,11.47,5.26,0.0,0.0,0.0,51.84,0.34,4.71,35.7,0.35,0.0,0.0,11.47,5.26,0.0,0.0,0.0,51.84,0.34,4.71,35.7,0.35,0.0
DeAndre Carter,CHI,0.0,0.0,0.0,0.0,0.0,0,0.0,0.0,0.0,2.8,0.64,5.14,0.0,0.0,5,0.0,0.0,2.79,0.0,0.0,0.0,0.0,0.0,1.79,14.27,0.0,0.0,0.0,0.0,2.79,0.0,0.0,0.0,0.0,0.0,1.79,14.27,0.0,0.0
DeAndre Hopkins,KAN,0.0,0.0,0.0,0.0,0.0,0,0.0,0.0,0.0,5.9,0.69,7.41,0.07,0.0,10,0.0,0.0,5.74,0.0,0.0,0.0,0.0,0.0,3.97,43.13,0.39,0.0,0.0,0.0,5.74,0.0,0.0,0.0,0.0,0.0,3.97,43.13,0.39,0.0
DeAndre Hopkins,TEN,0.0,0.0,0.0,0.0,0.0,0,0.0,0.0,0.0,3.5,0.71,8.24,0.05,0.05,6,0.0,0.0,3.48,0.0,0.0,0.0,0.0,0.0,2.49,28.48,0.17,0.18,0.0,0.0,3.48,0.0,0.0,0.0,0.0,0.0,2.49,28.48,0.17,0.18
DeVonta Smith,PHI,0.0,0.0,0.0,0.0,0.0,0,0.08,1.0,0.0,6.85,0.76,9.36,0.09,0.0,13,0.0,0.08,6.95,0.0,0.0,0.0,0.08,0.0,5.23,62.79,0.58,0.0,0.0,0.08,6.95,0.0,0.0,0.0,0.08,0.0,5.23,62.79,0.58,0.0
Deebo Samuel,SFO,0.0,0.0,0.0,0.0,0.0,1,3.0,3.24,0.02,5.79,0.63,8.27,0.04,0.02,14,0.0,3.08,5.75,0.0,0.0,0.0,9.97,0.06,3.6,47.13,0.24,0.16,0.0,3.08,5.75,0.0,0.0,0.0,9.97,0.06,3.6,47.13,0.24,0.16
Demario Douglas,NWE,0.0,0.0,0.0,0.0,0.0,0,0.19,5.33,0.0,5.44,0.76,7.14,0.03,0.01,16,0.0,0.19,5.53,0.0,0.0,0.0,0.99,0.0,4.2,39.76,0.17,0.06,0.0,0.19,5.53,0.0,0.0,0.0,0.99,0.0,4.2,39.76,0.17,0.06
Derius Davis,LAC,0.0,0.0,0.0,0.0,0.0,0,1.09,3.25,0.0,1.55,0.76,6.59,0.12,0.07,11,0.0,1.1,1.52,0.0,0.0,0.0,3.65,0.0,1.15,10.08,0.18,0.19,0.0,1.1,1.52,0.0,0.0,0.0,3.65,0.0,1.15,10.08,0.18,0.19
Derrick Henry,BAL,0.0,0.0,0.0,0.0,0.0,0,19.12,5.91,0.05,1.29,0.86,8.77,0.09,0.01,17,0.0,19.52,1.29,0.0,0.0,0.0,116.51,1.0,1.12,11.39,0.11,0.2,0.0,19.52,1.29,0.0,0.0,0.0,116.51,1.0,1.12,11.39,0.11,0.2
Deshaun Watson,CLE,0.63,30.86,5.31,0.02,0.01,33,4.43,4.77,0.03,0.0,0.0,0.0,0.0,0.16,7,30.24,4.57,0.0,161.32,0.62,0.31,22.42,0.14,0.0,0.0,0.0,0.76,30.24,4.57,0.0,161.32,0.62,0.31,22.42,0.14,0.0,0.0,0.0,0.76
Devaughn Vele,DEN,0.0,0.0,0.0,0.0,0.0,0,0.0,0.0,0.0,4.23,0.75,8.64,0.05,0.0,13,0.0,0.0,4.15,0.0,0.0,0.0,0.0,0.0,3.1,36.02,0.2,0.0,0.0,0.0,4.15,0.0,0.0,0.0,0.0,0.0,3.1,36.02,0.2,0.0
Devin Culp,TAM,0.0,0.0,0.0,0.0,0.0,0,0.0,0.0,0.0,3.0,0.83,14.67,0.0,0.0,2,0.0,0.0,2.99,0.0,0.0,0.0,0.0,0.0,2.47,43.93,0.0,0.0,0.0,0.0,2.99,0.0,0.0,0.0,0.0,0.0,2.47,43.93,0.0,0.0
Devin Duvernay,JAX,0.0,0.0,0.0,0.0,0.0,0,0.4,0.75,0.0,1.6,0.69,4.94,0.0,0.05,10,0.0,0.4,1.63,0.0,0.0,0.0,0.3,0.0,1.14,8.15,0.0,0.1,0.0,0.4,1.63,0.0,0.0,0.0,0.3,0.0,1.14,8.15,0.0,0.1
Devin Singletary,NYG,0.0,0.0,0.0,0.0,0.0,0,7.53,3.87,0.04,1.6,0.88,4.96,0.0,0.01,15,0.0,7.49,1.6,0.0,0.0,0.0,28.8,0.3,1.41,7.93,0.0,0.09,0.0,7.49,1.6,0.0,0.0,0.0,28.8,0.3,1.41,7.93,0.0,0.09
Devontez Walker,BAL,0.0,0.0,0.0,0.0,0.0,0,0.0,0.0,0.0,1.5,0.33,7.0,0.33,0.0,2,0.0,0.0,1.5,0.0,0.0,0.0,0.0,0.0,0.5,10.57,0.48,0.0,0.0,0.0,1.5,0.0,0.0,0.0,0.0,0.0,0.5,10.57,0.48,0.0
Dontayvion Wicks,GNB,0.0,0.0,0.0,0.0,0.0,0,0.0,0.0,0.0,4.47,0.51,5.46,0.07,0.0,17,0.0,0.0,4.44,0.0,0.0,0.0,0.0,0.0,2.29,24.14,0.34,0.0,0.0,0.0,4.44,0.0,0.0,0.0,0.0,0.0,2.29,24.14,0.34,0.0
Drake London,ATL,0.0,0.0,0.0,0.0,0.0,0,0.06,-3.0,0.0,9.29,0.63,8.04,0.06,0.0,17,0.0,0.06,9.11,0.0,0.0,0.0,-0.18,0.0,5.73,73.31,0.55,0.0,0.0,0.06,9.11,0.0,0.0,0.0,-0.18,0.0,5.73,73.31,0.55,0.0
Drake Maye,NWE,0.67,26.0,6.73,0.04,0.03,34,4.15,7.8,0.04,0.0,0.0,0.0,0.0,0.17,13,26.45,4.08,0.0,179.1,1.06,0.78,31.77,0.17,0.0,0.0,0.0,0.7,26.45,4.08,0.0,179.1,1.06,0.78,31.77,0.17,0.0,0.0,0.0,0.7
Drew Lock,NYG,0.59,25.86,5.92,0.03,0.03,12,2.57,7.39,0.11,0.0,0.0,0.0,0.0,0.28,7,25.84,2.56,0.0,152.96,0.74,0.77,18.77,0.28,0.0,0.0,0.0,0.68,25.84,2.56,0.0,152.96,0.74,0.77,18.77,0.28,0.0,0.0,0.0,0.68
Drew Sample,CIN,0.0,0.0,0.0,0.0,0.0,0,0.09,-4.0,0.0,2.0,0.91,4.95,0.05,0.04,11,0.0,0.09,2.03,0.0,0.0,0.0,-0.37,0.0,1.86,10.03,0.1,0.08,0.0,0.09,2.03,0.0,0.0,0.0,-0.37,0.0,1.86,10.03,0.1,0.08
Durham Smythe,MIA,0.0,0.0,0.0,0.0,0.0,0,0.0,0.0,0.0,1.31,0.53,3.12,0.0,0.0,13,0.0,0.0,1.34,0.0,0.0,0.0,0.0,0.0,0.71,4.19,0.0,0.0,0.0,0.0,1.34,0.0,0.0,0.0,0.0,0.0,0.71,4.19,0.0,0.0
Dyami Brown,WAS,0.0,0.07,0.0,0.0,0.0,0,0.2,8.67,0.0,2.67,0.75,7.7,0.02,0.02,15,0.07,0.2,2.73,0.0,0.0,0.0,1.67,0.0,2.03,20.73,0.05,0.05,0.07,0.2,2.73,0.0,0.0,0.0,1.67,0.0,2.03,20.73,0.05,0.05
Dylan Laube,LVR,0.0,0.0,0.0,0.0,0.0,0,1.0,0.0,0.0,0.0,0.0,0.0,0.0,1.0,1,0.0,1.02,0.0,0.0,0.0,0.0,0.0,0.0,0.0,0.0,0.0,1.17,0.0,1.02,0.0,0.0,0.0,0.0,0.0,0.0,0.0,0.0,0.0,1.17
Elijah Higgins,ARI,0.0,0.0,0.0,0.0,0.0,0,0.0,0.0,0.0,1.71,0.83,7.17,0.08,0.0,14,0.0,0.0,1.73,0.0,0.0,0.0,0.0,0.0,1.44,12.46,0.14,0.0,0.0,0.0,1.73,0.0,0.0,0.0,0.0,0.0,1.44,12.46,0.14,0.0
Elijah Moore,CLE,0.0,0.0,0.0,0.0,0.0,0,0.06,1.0,0.0,6.0,0.6,5.27,0.01,0.0,17,0.0,0.06,5.88,0.0,0.0,0.0,0.06,0.0,3.55,31.13,0.06,0.0,0.0,0.06,5.88,0.0,0.0,0.0,0.06,0.0,3.55,31.13,0.06,0.0
Emanuel Wilson,GNB,0.0,0.0,0.0,0.0,0.0,0,6.06,4.87,0.04,0.82,0.79,3.43,0.07,0.0,17,0.0,6.17,0.81,0.0,0.0,0.0,29.83,0.24,0.65,2.78,0.06,0.0,0.0,6.17,0.81,0.0,0.0,0.0,29.83,0.24,0.65,2.78,0.06,0.0
Emari Demercado,ARI,0.0,0.0,0.0,0.0,0.0,0,1.85,9.29,0.04,1.54,0.8,5.2,0.0,0.0,13,0.0,1.84,1.56,0.0,0.0,0.0,16.85,0.07,1.25,8.14,0.0,0.0,0.0,1.84,1.56,0.0,0.0,0.0,16.85,0.07,1.25,8.14,0.0,0.0
Eric Gray,NYG,0.0,0.0,0.0,0.0,0.0,0,1.4,2.21,0.0,1.1,0.91,7.45,0.0,0.08,10,0.0,1.39,1.1,0.0,0.0,0.0,3.06,0.0,1.0,8.19,0.0,0.19,0.0,1.39,1.1,0.0,0.0,0.0,3.06,0.0,1.0,8.19,0.0,0.19
Eric Saubert,SFO,0.0,0.0,0.0,0.0,0.0,0,0.0,0.0,0.0,1.75,0.79,6.93,0.07,0.07,8,0.0,0.0,1.74,0.0,0.0,0.0,0.0,0.0,1.36,11.94,0.13,0.11,0.0,0.0,1.74,0.0,0.0,0.0,0.0,0.0,1.36,11.94,0.13,0.11
Erick All,CIN,0.0,0.0,0.0,0.0,0.0,0,0.0,0.0,0.0,2.75,0.91,7.18,0.0,0.0,8,0.0,0.0,2.79,0.0,0.0,0.0,0.0,0.0,2.55,20.01,0.0,0.0,0.0,0.0,2.79,0.0,0.0,0.0,0.0,0.0,2.55,20.01,0.0,0.0
Evan Engram,JAX,0.0,0.0,0.0,0.0,0.0,0,0.0,0.0,0.0,7.11,0.73,5.7,0.02,0.02,9,0.0,0.0,7.25,0.0,0.0,0.0,0.0,0.0,5.35,41.81,0.14,0.14,0.0,0.0,7.25,0.0,0.0,0.0,0.0,0.0,5.35,41.81,0.14,0.14
Feleipe Franks,CAR,0.0,0.0,0.0,0.0,0.0,0,0.0,0.0,0.0,1.0,0.33,4.0,0.0,0.0,3,0.0,0.0,0.99,0.0,0.0,0.0,0.0,0.0,0.32,3.97,0.0,0.0,0.0,0.0,0.99,0.0,0.0,0.0,0.0,0.0,0.32,3.97,0.0,0.0
Foster Moreau,NOR,0.0,0.0,0.0,0.0,0.0,0,0.0,0.0,0.0,2.87,0.74,9.6,0.12,0.0,15,0.0,0.0,2.87,0.0,0.0,0.0,0.0,0.0,2.1,27.5,0.32,0.0,0.0,0.0,2.87,0.0,0.0,0.0,0.0,0.0,2.1,27.5,0.32,0.0
Gardner Minshew II,LVR,0.66,30.6,6.58,0.03,0.03,29,1.9,3.05,0.0,0.0,0.0,0.0,0.0,0.32,10,29.56,1.95,0.0,195.19,0.89,0.92,6.03,0.0,0.0,0.0,0.0,0.71,29.56,1.95,0.0,195.19,0.89,0.92,6.03,0.0,0.0,0.0,0.0,0.71
Garrett Wilson,NYJ,0.0,0.0,0.0,0.0,0.0,0,0.12,2.5,0.0,9.06,0.66,7.17,0.05,0.01,17,0.0,0.12,9.02,0.0,0.0,0.0,0.31,0.0,5.92,65.21,0.44,0.09,0.0,0.12,9.02,0.0,0.0,0.0,0.31,0.0,5.92,65.21,0.44,0.09
Geno Smith,SEA,0.7,34.0,7.47,0.04,0.03,50,3.12,5.13,0.04,0.0,0.0,0.0,0.0,0.17,17,34.22,3.14,0.0,255.32,1.44,1.03,16.21,0.12,0.0,0.0,0.0,0.51,34.22,3.14,0.0,255.32,1.44,1.03,16.21,0.12,0.0,0.0,0.0,0.51
George Holani,SEA,0.0,0.0,0.0,0.0,0.0,0,1.5,3.33,0.0,0.5,1.0,-1.0,0.0,0.0,2,0.0,1.51,0.5,0.0,0.0,0.0,5.06,0.0,0.5,-0.5,0.0,0.0,0.0,1.51,0.5,0.0,0.0,0.0,5.06,0.0,0.5,-0.5,0.0,0.0
George Kittle,SFO,0.0,0.0,0.0,0.0,0.0,0,0.0,0.0,0.0,6.27,0.83,11.77,0.09,0.0,15,0.0,0.0,6.23,0.0,0.0,0.0,0.0,0.0,5.13,72.64,0.6,0.0,0.0,0.0,6.23,0.0,0.0,0.0,0.0,0.0,5.13,72.64,0.6,0.0
George Pickens,PIT,0.0,0.0,0.0,0.0,0.0,0,0.14,-3.0,0.0,7.36,0.57,8.74,0.03,0.01,14,0.0,0.14,7.4,0.0,0.0,0.0,-0.43,0.0,4.23,64.72,0.21,0.08,0.0,0.14,7.4,0.0,0.0,0.0,-0.43,0.0,4.23,64.72,0.21,0.08
Grant Calcaterra,PHI,0.0,0.0,0.0,0.0,0.0,0,0.0,0.0,0.0,2.31,0.8,9.93,0.03,0.0,13,0.0,0.0,2.34,0.0,0.0,0.0,0.0,0.0,1.86,22.46,0.07,0.0,0.0,0.0,2.34,0.0,0.0,0.0,0.0,0.0,1.86,22.46,0.07,0.0
Greg Dortch,ARI,0.0,0.0,0.0,0.0,0.0,0,0.29,6.2,0.0,2.94,0.74,6.84,0.06,0.05,17,0.0,0.29,2.97,0.0,0.0,0.0,1.76,0.0,2.21,20.44,0.18,0.16,0.0,0.29,2.97,0.0,0.0,0.0,1.76,0.0,2.21,20.44,0.18,0.16
Hassan Haskins,LAC,0.0,0.0,0.0,0.0,0.0,0,3.09,2.62,0.06,0.27,1.0,16.33,0.33,0.03,11,0.0,3.11,0.27,0.0,0.0,0.0,8.33,0.19,0.26,4.35,0.09,0.11,0.0,3.11,0.27,0.0,0.0,0.0,8.33,0.19,0.26,4.35,0.09,0.11
Hunter Henry,NWE,0.0,0.0,0.0,0.0,0.0,0,0.0,0.0,0.0,6.06,0.68,6.95,0.02,0.0,16,0.0,0.0,6.16,0.0,0.0,0.0,0.0,0.0,4.19,43.11,0.12,0.0,0.0,0.0,6.16,0.0,0.0,0.0,0.0,0.0,4.19,43.11,0.12,0.0
Hunter Long,LAR,0.0,0.0,0.0,0.0,0.0,0,0.0,0.0,0.0,1.29,0.78,6.67,0.0,0.0,7,0.0,0.0,1.29,0.0,0.0,0.0,0.0,0.0,1.01,8.76,0.0,0.0,0.0,0.0,1.29,0.0,0.0,0.0,0.0,0.0,1.01,8.76,0.0,0.0
Hunter Luepke,DAL,0.0,0.0,0.0,0.0,0.0,0,0.92,3.17,0.0,1.23,0.75,6.94,0.0,0.0,13,0.0,0.92,1.24,0.0,0.0,0.0,2.9,0.0,0.94,8.7,0.0,0.0,0.0,0.92,1.24,0.0,0.0,0.0,2.9,0.0,0.94,8.7,0.0,0.0
Ian Thomas,CAR,0.0,0.0,0.0,0.0,0.0,0,0.0,0.0,0.0,2.0,0.5,1.17,0.0,0.0,3,0.0,0.0,1.98,0.0,0.0,0.0,0.0,0.0,0.98,2.32,0.0,0.0,0.0,0.0,1.98,0.0,0.0,0.0,0.0,0.0,0.98,2.32,0.0,0.0
Irvin Charles,NYJ,0.0,0.0,0.0,0.0,0.0,0,0.0,0.0,0.0,1.0,0.0,0.0,0.0,0.0,1,0.0,0.0,1.0,0.0,0.0,0.0,0.0,0.0,0.0,0.0,0.0,0.0,0.0,0.0,1.0,0.0,0.0,0.0,0.0,0.0,0.0,0.0,0.0,0.0
Isaac Guerendo,SFO,0.0,0.0,0.0,0.0,0.0,0,6.46,5.0,0.05,1.23,0.94,9.5,0.0,0.02,13,0.0,6.63,1.22,0.0,0.0,0.0,33.12,0.34,1.14,11.5,0.0,0.15,0.0,6.63,1.22,0.0,0.0,0.0,33.12,0.34,1.14,11.5,0.0,0.15
Isaiah Davis,NYJ,0.0,0.0,0.0,0.0,0.0,0,3.33,5.8,0.03,1.33,0.75,6.25,0.08,0.0,9,0.0,3.34,1.32,0.0,0.0,0.0,19.66,0.11,0.99,8.34,0.1,0.0,0.0,3.34,1.32,0.0,0.0,0.0,19.66,0.11,0.99,8.34,0.1,0.0
Isaiah Likely,BAL,0.0,0.0,0.0,0.0,0.0,0,0.0,0.0,0.0,3.87,0.72,8.22,0.1,0.02,15,0.0,0.0,3.88,0.0,0.0,0.0,0.0,0.0,2.81,32.03,0.38,0.07,0.0,0.0,3.88,0.0,0.0,0.0,0.0,0.0,2.81,32.03,0.38,0.07
Isiah Pacheco,KAN,0.0,0.0,0.0,0.0,0.0,0,11.86,3.73,0.01,2.29,0.75,4.94,0.0,0.0,7,0.0,12.09,2.23,0.0,0.0,0.0,45.61,0.13,1.68,11.16,0.0,0.0,0.0,12.09,2.23,0.0,0.0,0.0,45.61,0.13,1.68,11.16,0.0,0.0
J.K. Dobbins,LAC,0.0,0.0,0.0,0.0,0.0,0,15.0,4.64,0.05,2.92,0.84,4.03,0.0,0.0,13,0.0,15.09,2.87,0.0,0.0,0.0,71.63,0.78,2.4,11.61,0.0,0.0,0.0,15.09,2.87,0.0,0.0,0.0,71.63,0.78,2.4,11.61,0.0,0.0
Ja'Lynn Polk,NWE,0.0,0.0,0.0,0.0,0.0,0,0.08,0.0,0.0,2.54,0.36,2.64,0.06,0.0,13,0.0,0.08,2.58,0.0,0.0,0.0,0.0,0.0,0.93,6.86,0.16,0.0,0.0,0.08,2.58,0.0,0.0,0.0,0.0,0.0,0.93,6.86,0.16,0.0
Ja'Marr Chase,CIN,0.0,0.0,0.0,0.0,0.0,0,0.18,10.67,0.0,10.29,0.73,9.76,0.1,0.0,17,0.0,0.18,10.44,0.0,0.0,0.0,1.97,0.0,7.66,101.77,1.0,0.0,0.0,0.18,10.44,0.0,0.0,0.0,1.97,0.0,7.66,101.77,1.0,0.0
Ja'Tavion Sanders,CAR,0.0,0.0,0.0,0.0,0.0,0,0.0,0.0,0.0,2.87,0.77,7.95,0.02,0.02,15,0.0,0.0,2.84,0.0,0.0,0.0,0.0,0.0,2.17,22.63,0.06,0.06,0.0,0.0,2.84,0.0,0.0,0.0,0.0,0.0,2.17,22.63,0.06,0.06
Jacob Cowing,SFO,0.0,0.0,0.0,0.0,0.0,0,0.33,7.0,0.0,2.0,0.67,13.33,0.0,0.0,3,0.0,0.34,1.99,0.0,0.0,0.0,2.37,0.0,1.32,26.24,0.0,0.0,0.0,0.34,1.99,0.0,0.0,0.0,2.37,0.0,1.32,26.24,0.0,0.0
Jacoby Brissett,NWE,0.59,23.0,5.13,0.01,0.01,18,2.14,4.13,0.0,0.0,0.0,0.0,0.0,0.27,7,23.4,2.1,0.0,120.77,0.23,0.23,8.67,0.0,0.0,0.0,0.0,0.57,23.4,2.1,0.0,120.77,0.23,0.23,8.67,0.0,0.0,0.0,0.0,0.57
Jahan Dotson,PHI,0.0,0.0,0.0,0.0,0.0,0,0.07,13.0,0.0,2.36,0.58,6.55,0.0,0.0,14,0.0,0.07,2.39,0.0,0.0,0.0,0.87,0.0,1.38,15.14,0.0,0.0,0.0,0.07,2.39,0.0,0.0,0.0,0.87,0.0,1.38,15.14,0.0,0.0
Jahmyr Gibbs,DET,0.0,0.0,0.0,0.0,0.0,0,14.71,5.65,0.06,3.71,0.83,8.21,0.06,0.0,17,0.0,14.77,3.72,0.0,0.0,0.0,83.96,0.88,3.05,29.96,0.22,0.0,0.0,14.77,3.72,0.0,0.0,0.0,83.96,0.88,3.05,29.96,0.22,0.0
Jake Bobo,SEA,0.0,0.0,0.0,0.0,0.0,0,0.0,0.0,0.0,1.55,0.76,6.29,0.06,0.0,11,0.0,0.0,1.56,0.0,0.0,0.0,0.0,0.0,1.17,9.8,0.1,0.0,0.0,0.0,1.56,0.0,0.0,0.0,0.0,0.0,1.17,9.8,0.1,0.0
Jake Browning,CIN,0.0,0.0,0.0,0.0,0.0,0,1.0,-1.0,0.0,0.0,0.0,0.0,0.0,0.0,2,0.0,1.0,0.0,0.0,0.0,0.0,-1.02,0.0,0.0,0.0,0.0,0.0,0.0,1.0,0.0,0.0,0.0,0.0,-1.02,0.0,0.0,0.0,0.0,0.0
Jake Ferguson,DAL,0.0,0.0,0.0,0.0,0.0,0,0.0,0.0,0.0,6.14,0.69,5.74,0.0,0.05,14,0.0,0.0,6.19,0.0,0.0,0.0,0.0,0.0,4.33,35.9,0.0,0.29,0.0,0.0,6.19,0.0,0.0,0.0,0.0,0.0,4.33,35.9,0.0,0.29
Jake Haener,NOR,0.46,4.88,5.79,0.03,0.03,6,1.38,2.0,0.0,0.0,0.0,0.0,0.0,0.0,8,4.89,1.37,0.0,28.21,0.13,0.17,2.69,0.0,0.0,0.0,0.0,0.0,4.89,1.37,0.0,28.21,0.13,0.17,2.69,0.0,0.0,0.0,0.0,0.0
Jakobi Meyers,LVR,0.0,0.0,0.0,0.0,0.0,1,0.13,11.5,0.0,8.6,0.67,7.96,0.03,0.0,15,0.0,0.13,8.31,0.0,0.0,0.0,1.56,0.0,5.57,66.36,0.25,0.0,0.0,0.13,8.31,0.0,0.0,0.0,1.56,0.0,5.57,66.36,0.25,0.0
Jaleel McLaughlin,DEN,0.0,0.0,0.0,0.0,0.0,0,7.06,4.39,0.01,1.69,0.89,2.81,0.07,0.01,16,0.0,7.09,1.66,0.0,0.0,0.0,31.43,0.08,1.47,4.68,0.11,0.09,0.0,7.09,1.66,0.0,0.0,0.0,31.43,0.08,1.47,4.68,0.11,0.09
Jalen Coker,CAR,1.0,0.09,19.0,0.0,0.0,0,0.0,0.0,0.0,4.18,0.7,10.39,0.04,0.0,11,0.09,0.0,4.13,1.7,0.0,0.0,0.0,0.0,2.87,43.07,0.17,0.0,0.09,0.0,4.13,1.7,0.0,0.0,0.0,0.0,2.87,43.07,0.17,0.0
Jalen Hurts,PHI,0.69,24.07,8.04,0.05,0.01,38,10.0,4.2,0.09,0.0,0.0,0.0,0.0,0.06,15,24.41,9.69,0.0,189.52,1.13,0.28,39.95,0.81,0.0,0.0,0.0,0.61,24.41,9.69,0.0,189.52,1.13,0.28,39.95,0.81,0.0,0.0,0.0,0.61
Jalen McMillan,TAM,0.0,0.0,0.0,0.0,0.0,0,0.31,10.75,0.0,4.46,0.64,7.95,0.14,0.0,13,0.0,0.31,4.44,0.0,0.0,0.0,3.21,0.0,2.83,35.39,0.6,0.0,0.0,0.31,4.44,0.0,0.0,0.0,3.21,0.0,2.83,35.39,0.6,0.0
Jalen Nailor,MIN,0.0,0.0,0.0,0.0,0.0,0,0.2,-1.33,0.0,2.8,0.67,9.86,0.14,0.02,15,0.0,0.2,2.86,0.0,0.0,0.0,-0.26,0.0,1.91,27.69,0.41,0.06,0.0,0.2,2.86,0.0,0.0,0.0,-0.26,0.0,1.91,27.69,0.41,0.06
Jalen Tolbert,DAL,0.0,0.0,0.0,0.0,0.0,0,0.0,0.0,0.0,4.65,0.62,7.72,0.09,0.0,17,0.0,0.0,4.69,0.0,0.0,0.0,0.0,0.0,2.95,36.57,0.41,0.0,0.0,0.0,4.69,0.0,0.0,0.0,0.0,0.0,2.95,36.57,0.41,0.0
Jalin Hyatt,NYG,0.0,0.0,0.0,0.0,0.0,0,0.0,0.0,0.0,1.9,0.42,3.26,0.0,0.0,10,0.0,0.0,1.9,0.0,0.0,0.0,0.0,0.0,0.8,6.19,0.0,0.0,0.0,0.0,1.9,0.0,0.0,0.0,0.0,0.0,0.8,6.19,0.0,0.0
Jamari Thrash,CLE,0.0,0.0,0.0,0.0,0.0,0,0.0,0.0,0.0,1.17,0.43,3.14,0.0,0.0,6,0.0,0.0,1.15,0.0,0.0,0.0,0.0,0.0,0.5,3.62,0.0,0.0,0.0,0.0,1.15,0.0,0.0,0.0,0.0,0.0,0.5,3.62,0.0,0.0
Jameis Winston,CLE,0.61,26.91,7.17,0.04,0.04,24,2.27,3.32,0.04,0.0,0.0,0.0,0.0,0.2,11,26.37,2.34,0.0,189.94,1.08,1.06,8.0,0.1,0.0,0.0,0.0,0.49,26.37,2.34,0.0,189.94,1.08,1.06,8.0,0.1,0.0,0.0,0.0,0.49
James Conner,ARI,0.0,0.0,0.0,0.0,0.0,0,14.75,4.64,0.03,3.44,0.85,7.53,0.02,0.01,16,0.0,14.68,3.48,0.0,0.0,0.0,67.11,0.45,2.97,26.32,0.07,0.18,0.0,14.68,3.48,0.0,0.0,0.0,67.11,0.45,2.97,26.32,0.07,0.18
James Cook,BUF,0.0,0.0,0.0,0.0,0.0,0,12.94,4.87,0.08,2.38,0.84,6.79,0.05,0.0,16,0.0,12.84,2.4,0.0,0.0,0.0,64.04,1.01,2.04,16.45,0.12,0.0,0.0,12.84,2.4,0.0,0.0,0.0,64.04,1.01,2.04,16.45,0.12,0.0
Jameson Williams,DET,0.0,0.0,0.0,0.0,0.0,0,0.73,5.55,0.09,6.07,0.64,11.0,0.08,0.0,15,0.0,0.73,6.08,0.0,0.0,0.0,4.09,0.07,3.84,65.67,0.49,0.0,0.0,0.73,6.08,0.0,0.0,0.0,4.09,0.07,3.84,65.67,0.49,0.0
Jared Goff,DET,0.72,31.71,8.59,0.07,0.02,31,2.06,1.6,0.0,0.06,1.0,7.0,1.0,0.17,17,31.76,2.07,0.06,267.91,2.24,0.55,3.33,0.0,0.06,0.41,0.06,0.35,31.76,2.07,0.06,267.91,2.24,0.55,3.33,0.0,0.06,0.41,0.06,0.35
Jared Wiley,KAN,0.0,0.0,0.0,0.0,0.0,0,0.0,0.0,0.0,1.0,1.0,7.0,0.0,0.0,1,0.0,0.0,0.97,0.0,0.0,0.0,0.0,0.0,0.98,6.9,0.0,0.0,0.0,0.0,0.97,0.0,0.0,0.0,0.0,0.0,0.98,6.9,0.0,0.0
Jarrett Stidham,DEN,0.0,0.0,0.0,0.0,0.0,0,2.0,1.25,0.0,0.0,0.0,0.0,0.0,0.0,2,0.0,2.01,0.0,0.0,0.0,0.0,2.54,0.0,0.0,0.0,0.0,0.0,0.0,2.01,0.0,0.0,0.0,0.0,2.54,0.0,0.0,0.0,0.0,0.0
Jauan Jennings,SFO,0.0,0.0,0.0,0.0,0.0,0,0.0,0.0,0.0,7.53,0.68,8.63,0.05,0.01,15,0.0,0.0,7.48,0.0,0.0,0.0,0.0,0.0,5.05,63.96,0.4,0.07,0.0,0.0,7.48,0.0,0.0,0.0,0.0,0.0,5.05,63.96,0.4,0.07
Javonte Williams,DEN,0.0,0.0,0.0,0.0,0.0,0,8.18,3.69,0.03,4.12,0.74,4.94,0.0,0.01,17,0.0,8.21,4.04,0.0,0.0,0.0,30.61,0.27,2.98,20.06,0.0,0.13,0.0,8.21,4.04,0.0,0.0,0.0,30.61,0.27,2.98,20.06,0.0,0.13
Jaxon Smith-Njigba,SEA,1.0,0.06,35.0,0.0,0.0,0,0.29,5.2,0.0,8.06,0.73,8.25,0.04,0.01,17,0.06,0.29,8.11,2.11,0.0,0.0,1.53,0.0,5.86,66.85,0.34,0.08,0.06,0.29,8.11,2.11,0.0,0.0,1.53,0.0,5.86,66.85,0.34,0.08
Jayden Daniels,WAS,0.69,28.24,7.43,0.05,0.02,47,8.71,6.02,0.04,0.0,0.0,0.0,0.0,0.03,17,28.89,8.55,0.0,211.61,1.4,0.64,50.63,0.32,0.0,0.0,0.0,0.24,28.89,8.55,0.0,211.61,1.4,0.64,50.63,0.32,0.0,0.0,0.0,0.24
Jayden Reed,GNB,0.0,0.0,0.0,0.0,0.0,0,1.18,8.15,0.05,4.41,0.73,11.43,0.08,0.03,17,0.0,1.2,4.38,0.0,0.0,0.0,9.72,0.06,3.24,49.86,0.38,0.17,0.0,1.2,4.38,0.0,0.0,0.0,9.72,0.06,3.24,49.86,0.38,0.17
Jaylen Waddle,MIA,0.0,0.0,0.0,0.0,0.0,0,0.27,3.0,0.0,5.53,0.7,8.96,0.02,0.0,15,0.0,0.26,5.68,0.0,0.0,0.0,0.79,0.0,3.96,50.81,0.11,0.0,0.0,0.26,5.68,0.0,0.0,0.0,0.79,0.0,3.96,50.81,0.11,0.0
Jaylen Warren,PIT,0.0,0.0,0.0,0.0,0.0,0,8.0,4.26,0.01,3.13,0.81,6.6,0.0,0.01,15,0.0,8.0,3.15,0.0,0.0,0.0,35.05,0.08,2.56,20.78,0.0,0.11,0.0,8.0,3.15,0.0,0.0,0.0,35.05,0.08,2.56,20.78,0.0,0.11
Jaylen Wright,MIA,0.0,0.0,0.0,0.0,0.0,0,5.23,3.66,0.0,0.46,0.5,1.33,0.0,0.01,13,0.0,5.02,0.47,0.0,0.0,0.0,18.59,0.0,0.24,0.63,0.0,0.05,0.0,5.02,0.47,0.0,0.0,0.0,18.59,0.0,0.24,0.63,0.0,0.05
Jeremy McNichols,WAS,0.0,0.0,0.0,0.0,0.0,0,3.93,4.75,0.07,0.86,0.75,2.25,0.0,0.0,14,0.0,3.86,0.88,0.0,0.0,0.0,18.02,0.25,0.65,1.95,0.0,0.0,0.0,3.86,0.88,0.0,0.0,0.0,18.02,0.25,0.65,1.95,0.0,0.0
Jeremy Ruckert,NYJ,0.0,0.0,0.0,0.0,0.0,0,0.0,0.0,0.0,2.15,0.64,3.75,0.0,0.0,13,0.0,0.0,2.14,0.0,0.0,0.0,0.0,0.0,1.36,8.09,0.0,0.0,0.0,0.0,2.14,0.0,0.0,0.0,0.0,0.0,1.36,8.09,0.0,0.0
Jermaine Burton,CIN,0.0,0.0,0.0,0.0,0.0,0,0.0,0.0,0.0,3.5,0.29,7.64,0.0,0.0,4,0.0,0.0,3.55,0.0,0.0,0.0,0.0,0.0,1.04,27.1,0.0,0.0,0.0,0.0,3.55,0.0,0.0,0.0,0.0,0.0,1.04,27.1,0.0,0.0
Jerome Ford,CLE,0.0,0.0,0.0,0.0,0.0,0,7.43,5.43,0.03,3.07,0.86,5.23,0.0,0.0,14,0.0,7.66,3.01,0.0,0.0,0.0,42.8,0.24,2.6,15.81,0.0,0.0,0.0,7.66,3.01,0.0,0.0,0.0,42.8,0.24,2.6,15.81,0.0,0.0
Jerry Jeudy,CLE,0.0,0.0,0.0,0.0,0.0,0,0.0,0.0,0.0,8.53,0.62,8.48,0.03,0.0,17,0.0,0.0,8.36,0.0,0.0,0.0,0.0,0.0,5.21,71.21,0.26,0.0,0.0,0.0,8.36,0.0,0.0,0.0,0.0,0.0,5.21,71.21,0.26,0.0
Jimmy Garoppolo,LAR,0.66,41.0,8.15,0.05,0.02,3,2.0,2.5,0.0,0.0,0.0,0.0,0.0,0.0,1,41.0,2.04,0.0,340.26,2.26,0.81,5.09,0.0,0.0,0.0,0.0,0.0,41.0,2.04,0.0,340.26,2.26,0.81,5.09,0.0,0.0,0.0,0.0,0.0
Joe Burrow,CIN,0.71,38.35,7.54,0.07,0.01,48,2.47,4.79,0.05,0.0,0.0,0.0,0.0,0.26,17,38.91,2.48,0.0,293.01,2.61,0.43,12.11,0.13,0.0,0.0,0.0,0.64,38.91,2.48,0.0,293.01,2.61,0.43,12.11,0.13,0.0,0.0,0.0,0.64
Joe Flacco,IND,0.65,35.43,7.1,0.05,0.03,18,1.29,2.89,0.0,0.0,0.0,0.0,0.0,0.44,7,35.57,1.29,0.0,252.15,1.8,1.02,3.82,0.0,0.0,0.0,0.0,0.57,35.57,1.29,0.0,252.15,1.8,1.02,3.82,0.0,0.0,0.0,0.0,0.57
Joe Milton,NWE,0.76,29.0,8.31,0.03,0.0,0,10.0,1.6,0.1,0.0,0.0,0.0,0.0,0.1,1,29.5,9.83,0.0,246.67,0.89,0.0,15.7,1.0,0.0,0.0,0.0,0.99,29.5,9.83,0.0,246.67,0.89,0.0,15.7,1.0,0.0,0.0,0.0,0.99
John Bates,WAS,0.0,0.0,0.0,0.0,0.0,0,0.0,0.0,0.0,1.3,0.62,6.46,0.0,0.08,10,0.0,0.0,1.33,0.0,0.0,0.0,0.0,0.0,0.82,8.47,0.0,0.1,0.0,0.0,1.33,0.0,0.0,0.0,0.0,0.0,0.82,8.47,0.0,0.1
John FitzPatrick,GNB,0.0,0.0,0.0,0.0,0.0,0,0.0,0.0,0.0,1.0,1.0,2.0,0.0,0.0,1,0.0,0.0,0.99,0.0,0.0,0.0,0.0,0.0,1.01,1.98,0.0,0.0,0.0,0.0,0.99,0.0,0.0,0.0,0.0,0.0,1.01,1.98,0.0,0.0
John Metchie,HOU,0.0,0.0,0.0,0.0,0.0,0,0.0,0.0,0.0,3.7,0.65,6.86,0.03,0.03,10,0.0,0.0,3.72,0.0,0.0,0.0,0.0,0.0,2.39,25.02,0.11,0.11,0.0,0.0,3.72,0.0,0.0,0.0,0.0,0.0,2.39,25.02,0.11,0.11
Johnny Mundt,MIN,0.0,0.0,0.0,0.0,0.0,0,0.0,0.0,0.0,2.08,0.7,5.26,0.07,0.0,13,0.0,0.0,2.12,0.0,0.0,0.0,0.0,0.0,1.48,10.97,0.15,0.0,0.0,0.0,2.12,0.0,0.0,0.0,0.0,0.0,1.48,10.97,0.15,0.0
Johnny Wilson,PHI,0.0,0.0,0.0,0.0,0.0,0,0.0,0.0,0.0,1.67,0.33,2.53,0.07,0.0,9,0.0,0.0,1.69,0.0,0.0,0.0,0.0,0.0,0.55,4.14,0.11,0.0,0.0,0.0,1.69,0.0,0.0,0.0,0.0,0.0,0.55,4.14,0.11,0.0
Jonathan Taylor,IND,0.0,0.0,0.0,0.0,0.0,0,21.64,4.72,0.04,2.21,0.58,4.39,0.03,0.01,14,0.0,21.69,2.22,0.0,0.0,0.0,104.7,0.88,1.3,9.72,0.07,0.24,0.0,21.69,2.22,0.0,0.0,0.0,104.7,0.88,1.3,9.72,0.07,0.24
Jonathon Brooks,CAR,0.0,0.0,0.0,0.0,0.0,0,3.0,2.44,0.0,1.0,1.0,7.67,0.0,0.0,3,0.0,3.03,0.99,0.0,0.0,0.0,7.28,0.0,0.98,7.61,0.0,0.0,0.0,3.03,0.99,0.0,0.0,0.0,7.28,0.0,0.98,7.61,0.0,0.0
Jonnu Smith,MIA,0.0,0.0,0.0,0.0,0.0,0,0.12,-0.5,0.0,6.53,0.79,7.96,0.07,0.02,17,0.0,0.12,6.7,0.0,0.0,0.0,-0.06,0.0,5.28,53.3,0.45,0.13,0.0,0.12,6.7,0.0,0.0,0.0,-0.06,0.0,5.28,53.3,0.45,0.13
Jordan Love,GNB,0.63,28.33,7.97,0.06,0.03,14,1.67,3.32,0.04,0.0,0.0,0.0,0.0,0.16,15,28.15,1.7,0.0,223.35,1.84,0.74,5.6,0.07,0.0,0.0,0.0,0.28,28.15,1.7,0.0,223.35,1.84,0.74,5.6,0.07,0.0,0.0,0.0,0.28
Jordan Whittington,LAR,0.0,0.0,0.0,0.0,0.0,0,0.33,6.0,0.0,4.67,0.79,10.46,0.0,0.0,6,0.0,0.34,4.67,0.0,0.0,0.0,2.01,0.0,3.7,49.74,0.0,0.0,0.0,0.34,4.67,0.0,0.0,0.0,2.01,0.0,3.7,49.74,0.0,0.0
Josh Allen,BUF,0.64,30.19,7.72,0.06,0.01,14,6.38,5.21,0.12,0.0,0.0,70000.0,10000.0,0.05,16,30.47,6.33,0.0,237.31,1.86,0.33,33.78,0.75,0.0,0.0,0.0,0.33,30.47,6.33,0.0,237.31,1.86,0.33,33.78,0.75,0.0,0.0,0.0,0.33
Josh Downs,IND,0.0,0.0,0.0,0.0,0.0,0,0.07,12.0,0.0,7.64,0.67,7.5,0.05,0.0,14,0.0,0.07,7.67,0.0,0.0,0.0,0.86,0.0,5.17,57.44,0.39,0.0,0.0,0.07,7.67,0.0,0.0,0.0,0.86,0.0,5.17,57.44,0.39,0.0
Josh Jacobs,GNB,0.0,0.0,0.0,0.0,0.0,0,17.71,4.42,0.05,2.53,0.84,7.95,0.02,0.01,17,0.0,18.03,2.51,0.0,0.0,0.0,79.12,0.87,2.14,19.9,0.05,0.21,0.0,18.03,2.51,0.0,0.0,0.0,79.12,0.87,2.14,19.9,0.05,0.21
Josh Johnson,BAL,0.67,0.75,5.67,0.0,0.0,1,1.0,0.25,0.0,0.0,0.0,0.0,0.0,0.0,4,0.75,1.02,0.0,4.28,0.0,0.0,0.26,0.0,0.0,0.0,0.0,0.0,0.75,1.02,0.0,4.28,0.0,0.0,0.26,0.0,0.0,0.0,0.0,0.0
Josh Palmer,LAC,0.0,0.0,0.0,0.0,0.0,0,0.0,0.0,0.0,4.33,0.6,8.98,0.02,0.0,15,0.0,0.0,4.25,0.0,0.0,0.0,0.0,0.0,2.54,38.36,0.08,0.0,0.0,0.0,4.25,0.0,0.0,0.0,0.0,0.0,2.54,38.36,0.08,0.0
Josh Reynolds,DEN,0.0,0.0,0.0,0.0,0.0,0,0.0,0.0,0.0,3.8,0.63,9.63,0.05,0.0,5,0.0,0.0,3.73,0.0,0.0,0.0,0.0,0.0,2.34,36.07,0.18,0.0,0.0,0.0,3.73,0.0,0.0,0.0,0.0,0.0,2.34,36.07,0.18,0.0
Josh Reynolds,JAX,0.0,0.0,0.0,0.0,0.0,0,0.0,0.0,0.0,1.67,0.2,2.2,0.0,0.0,3,0.0,0.0,1.7,0.0,0.0,0.0,0.0,0.0,0.34,3.79,0.0,0.0,0.0,0.0,1.7,0.0,0.0,0.0,0.0,0.0,0.34,3.79,0.0,0.0
Joshua Dobbs,SFO,0.68,23.5,7.68,0.04,0.04,2,4.5,2.67,0.22,0.0,0.0,0.0,0.0,0.22,2,23.33,4.62,0.0,177.64,0.99,0.92,12.32,1.03,0.0,0.0,0.0,0.94,23.33,4.62,0.0,177.64,0.99,0.92,12.32,1.03,0.0,0.0,0.0,0.94
JuJu Smith-Schuster,KAN,0.0,0.0,0.0,0.0,0.0,0,0.0,0.0,0.0,2.36,0.69,8.88,0.08,0.0,11,0.0,0.0,2.29,0.0,0.0,0.0,0.0,0.0,1.59,20.67,0.18,0.0,0.0,0.0,2.29,0.0,0.0,0.0,0.0,0.0,1.59,20.67,0.18,0.0
Julian Hill,MIA,0.0,0.0,0.0,0.0,0.0,0,0.0,0.0,0.0,1.73,0.63,5.26,0.0,0.05,11,0.0,0.0,1.78,0.0,0.0,0.0,0.0,0.0,1.11,9.33,0.0,0.09,0.0,0.0,1.78,0.0,0.0,0.0,0.0,0.0,1.11,9.33,0.0,0.09
Julius Chestnut,TEN,0.0,0.0,0.0,0.0,0.0,0,3.14,4.64,0.0,0.43,0.67,3.67,0.0,0.0,7,0.0,3.1,0.43,0.0,0.0,0.0,14.58,0.0,0.29,1.56,0.0,0.0,0.0,3.1,0.43,0.0,0.0,0.0,14.58,0.0,0.29,1.56,0.0,0.0
Justice Hill,BAL,0.0,0.0,0.0,0.0,0.0,0,3.13,4.85,0.02,3.4,0.82,7.51,0.06,0.0,15,0.0,3.2,3.41,0.0,0.0,0.0,15.65,0.07,2.81,25.71,0.2,0.0,0.0,3.2,3.41,0.0,0.0,0.0,15.65,0.07,2.81,25.71,0.2,0.0
Justin Fields,PIT,0.66,16.1,6.87,0.03,0.01,16,6.2,4.66,0.08,0.0,0.0,0.0,0.0,0.1,10,16.18,6.2,0.0,111.28,0.47,0.18,29.71,0.5,0.0,0.0,0.0,0.63,16.18,6.2,0.0,111.28,0.47,0.18,29.71,0.5,0.0,0.0,0.0,0.63
Justin Herbert,LAC,0.66,29.65,7.68,0.05,0.01,41,4.06,4.43,0.03,0.0,0.0,0.0,0.0,0.09,17,29.11,4.08,0.0,224.66,1.42,0.32,18.51,0.13,0.0,0.0,0.0,0.38,29.11,4.08,0.0,224.66,1.42,0.32,18.51,0.13,0.0,0.0,0.0,0.38
Justin Watson,KAN,0.0,0.0,0.0,0.0,0.0,0,0.0,0.0,0.0,2.13,0.69,9.03,0.06,0.0,15,0.0,0.0,2.07,0.0,0.0,0.0,0.0,0.0,1.43,18.97,0.12,0.0,0.0,0.0,2.07,0.0,0.0,0.0,0.0,0.0,1.43,18.97,0.12,0.0
Juwan Johnson,NOR,0.0,0.0,0.0,0.0,0.0,0,0.0,0.0,0.0,4.4,0.76,8.3,0.05,0.03,15,0.0,0.0,4.41,0.0,0.0,0.0,0.0,0.0,3.3,36.46,0.2,0.13,0.0,0.0,4.41,0.0,0.0,0.0,0.0,0.0,3.3,36.46,0.2,0.13
KaVontae Turpin,DAL,0.0,0.0,0.0,0.0,0.0,0,1.07,5.75,0.0,3.47,0.6,8.08,0.04,0.04,15,0.0,1.07,3.5,0.0,0.0,0.0,6.11,0.0,2.13,28.56,0.14,0.17,0.0,1.07,3.5,0.0,0.0,0.0,6.11,0.0,2.13,28.56,0.14,0.17
Kalif Raymond,DET,0.0,0.0,0.0,0.0,0.0,0,0.2,0.0,0.0,2.2,0.77,9.77,0.09,0.0,10,0.0,0.2,2.2,0.0,0.0,0.0,0.0,0.0,1.68,21.14,0.2,0.0,0.0,0.2,2.2,0.0,0.0,0.0,0.0,0.0,1.68,21.14,0.2,0.0
Kameron Johnson,TAM,0.0,0.0,0.0,0.0,0.0,0,0.67,5.5,0.0,0.33,0.0,0.0,0.0,0.0,3,0.0,0.66,0.33,0.0,0.0,0.0,3.55,0.0,0.0,0.0,0.0,0.0,0.0,0.66,0.33,0.0,0.0,0.0,3.55,0.0,0.0,0.0,0.0,0.0
Kareem Hunt,KAN,0.0,0.0,0.0,0.0,0.0,0,15.38,3.64,0.04,2.46,0.72,5.5,0.0,0.0,13,0.0,15.67,2.39,0.0,0.0,0.0,57.72,0.69,1.73,13.35,0.0,0.0,0.0,15.67,2.39,0.0,0.0,0.0,57.72,0.69,1.73,13.35,0.0,0.0
Kayshon Boutte,NWE,0.0,0.0,0.0,0.0,0.0,0,0.0,0.0,0.0,4.53,0.63,8.66,0.04,0.0,15,0.0,0.0,4.61,0.0,0.0,0.0,0.0,0.0,2.9,40.15,0.19,0.0,0.0,0.0,4.61,0.0,0.0,0.0,0.0,0.0,2.9,40.15,0.19,0.0
Keaton Mitchell,BAL,0.0,0.0,0.0,0.0,0.0,0,7.5,2.0,0.0,0.5,1.0,28.0,0.0,0.0,2,0.0,7.66,0.5,0.0,0.0,0.0,15.47,0.0,0.5,14.09,0.0,0.0,0.0,7.66,0.5,0.0,0.0,0.0,15.47,0.0,0.5,14.09,0.0,0.0
Keenan Allen,CHI,0.0,0.07,0.0,0.0,1.0,0,0.0,0.0,0.0,8.07,0.58,6.15,0.06,0.01,15,0.07,0.0,8.04,0.0,0.0,0.06,0.0,0.0,4.67,49.21,0.48,0.08,0.07,0.0,8.04,0.0,0.0,0.06,0.0,0.0,4.67,49.21,0.48,0.08
Kendre Miller,NOR,0.0,0.0,0.0,0.0,0.0,0,6.5,3.79,0.03,1.33,0.62,4.12,0.0,0.0,6,0.0,6.43,1.33,0.0,0.0,0.0,24.05,0.21,0.81,5.47,0.0,0.0,0.0,6.43,1.33,0.0,0.0,0.0,24.05,0.21,0.81,5.47,0.0,0.0
Kenneth Gainwell,PHI,0.0,0.0,0.0,0.0,0.0,0,4.69,3.87,0.01,1.38,0.73,5.27,0.0,0.0,16,0.0,4.54,1.4,0.0,0.0,0.0,17.26,0.04,1.01,7.12,0.0,0.0,0.0,4.54,1.4,0.0,0.0,0.0,17.26,0.04,1.01,7.12,0.0,0.0
Kenneth Walker III,SEA,0.0,0.0,0.0,0.0,0.0,0,13.91,3.75,0.05,4.82,0.87,5.64,0.02,0.0,11,0.0,14.02,4.85,0.0,0.0,0.0,52.84,0.69,4.18,27.33,0.1,0.0,0.0,14.02,4.85,0.0,0.0,0.0,52.84,0.69,4.18,27.33,0.1,0.0
Kenny McIntosh,SEA,0.0,0.0,0.0,0.0,0.0,0,4.43,5.55,0.0,0.57,0.75,5.5,0.0,0.0,7,0.0,4.46,0.57,0.0,0.0,0.0,24.9,0.0,0.43,3.15,0.0,0.0,0.0,4.46,0.57,0.0,0.0,0.0,24.9,0.0,0.43,3.15,0.0,0.0
Kenny Pickett,PHI,0.6,8.4,6.93,0.05,0.02,4,1.8,1.67,0.11,0.0,0.0,0.0,0.0,0.11,5,8.52,1.74,0.0,57.01,0.4,0.2,2.86,0.18,0.0,0.0,0.0,0.2,8.52,1.74,0.0,57.01,0.4,0.2,2.86,0.18,0.0,0.0,0.0,0.2
Kenny Yeboah,NYJ,0.0,0.0,0.0,0.0,0.0,0,0.0,0.0,0.0,1.33,0.62,5.88,0.12,0.0,6,0.0,0.0,1.32,0.0,0.0,0.0,0.0,0.0,0.82,7.85,0.16,0.0,0.0,0.0,1.32,0.0,0.0,0.0,0.0,0.0,0.82,7.85,0.16,0.0
Keon Coleman,BUF,0.0,0.0,0.0,0.0,0.0,0,0.08,9.0,0.0,4.38,0.51,9.75,0.07,0.0,13,0.0,0.08,4.42,0.0,0.0,0.0,0.73,0.0,2.28,43.48,0.31,0.0,0.0,0.08,4.42,0.0,0.0,0.0,0.73,0.0,2.28,43.48,0.31,0.0
KhaDarel Hodge,ATL,0.0,0.0,0.0,0.0,0.0,0,0.0,0.0,0.0,2.4,0.58,10.92,0.08,0.0,5,0.0,0.0,2.35,0.0,0.0,0.0,0.0,0.0,1.36,25.72,0.19,0.0,0.0,0.0,2.35,0.0,0.0,0.0,0.0,0.0,1.36,25.72,0.19,0.0
Khalil Shakir,BUF,0.0,0.0,0.0,0.0,0.0,0,0.13,2.0,0.0,6.67,0.76,8.21,0.04,0.01,15,0.0,0.13,6.73,0.0,0.0,0.0,0.26,0.0,5.16,55.76,0.27,0.07,0.0,0.13,6.73,0.0,0.0,0.0,0.26,0.0,5.16,55.76,0.27,0.07
Kirk Cousins,ATL,0.67,32.36,7.74,0.04,0.04,28,1.64,0.0,0.0,0.0,0.0,0.0,0.0,0.57,14,31.75,1.64,0.0,245.84,1.28,1.31,0.0,0.0,0.0,0.0,0.0,0.95,31.75,1.64,0.0,245.84,1.28,1.31,0.0,0.0,0.0,0.0,0.0,0.95
Kyle Allen,PIT,1.0,1.0,19.0,0.0,0.0,0,0.0,0.0,0.0,0.0,0.0,0.0,0.0,0.0,1,1.0,0.0,0.0,19.12,0.0,0.0,0.0,0.0,0.0,0.0,0.0,0.0,1.0,0.0,0.0,19.12,0.0,0.0,0.0,0.0,0.0,0.0,0.0,0.0
Kyle Juszczyk,SFO,0.0,0.0,0.0,0.0,0.0,0,0.36,5.2,0.2,2.21,0.61,6.45,0.06,0.03,14,0.0,0.37,2.19,0.0,0.0,0.0,1.92,0.08,1.33,14.03,0.14,0.07,0.0,0.37,2.19,0.0,0.0,0.0,1.92,0.08,1.33,14.03,0.14,0.07
Kyle Pitts,ATL,0.0,0.0,0.0,0.0,0.0,0,0.0,0.0,0.0,4.35,0.64,8.14,0.05,0.0,17,0.0,0.0,4.27,0.0,0.0,0.0,0.0,0.0,2.73,34.75,0.21,0.0,0.0,0.0,4.27,0.0,0.0,0.0,0.0,0.0,2.73,34.75,0.21,0.0
Kylen Granson,IND,0.0,0.0,0.0,0.0,0.0,0,0.0,0.0,0.0,2.21,0.45,5.87,0.0,0.0,14,0.0,0.0,2.22,0.0,0.0,0.0,0.0,0.0,1.0,13.0,0.0,0.0,0.0,0.0,2.22,0.0,0.0,0.0,0.0,0.0,1.0,13.0,0.0,0.0
Kyler Murray,ARI,0.69,31.82,7.12,0.04,0.02,30,4.59,7.33,0.06,0.0,0.0,0.0,0.0,0.1,17,32.15,4.57,0.0,230.24,1.29,0.62,32.99,0.28,0.0,0.0,0.0,0.46,32.15,4.57,0.0,230.24,1.29,0.62,32.99,0.28,0.0,0.0,0.0,0.46
Kyren Williams,LAR,0.0,0.0,0.0,0.0,0.0,0,19.75,4.11,0.04,2.5,0.85,4.55,0.05,0.01,16,0.0,20.1,2.5,0.0,0.0,0.0,82.58,0.78,2.13,11.58,0.14,0.2,0.0,20.1,2.5,0.0,0.0,0.0,82.58,0.78,2.13,11.58,0.14,0.2
Ladd McConkey,LAC,0.0,0.0,0.0,0.0,0.0,0,0.0,0.0,0.0,7.0,0.73,10.26,0.06,0.02,16,0.0,0.0,6.87,0.0,0.0,0.0,0.0,0.0,4.99,70.86,0.4,0.14,0.0,0.0,6.87,0.0,0.0,0.0,0.0,0.0,4.99,70.86,0.4,0.14
Lamar Jackson,BAL,0.67,27.88,8.8,0.09,0.01,23,8.18,6.58,0.03,0.0,0.0,0.0,0.0,0.07,17,27.92,8.35,0.0,247.01,2.44,0.28,55.49,0.26,0.0,0.0,0.0,0.55,27.92,8.35,0.0,247.01,2.44,0.28,55.49,0.26,0.0,0.0,0.0,0.55
Lucas Krull,DEN,0.0,0.0,0.0,0.0,0.0,0,0.0,0.0,0.0,2.3,0.83,6.61,0.0,0.0,10,0.0,0.0,2.26,0.0,0.0,0.0,0.0,0.0,1.87,14.98,0.0,0.0,0.0,0.0,2.26,0.0,0.0,0.0,0.0,0.0,1.87,14.98,0.0,0.0
Luke Farrell,JAX,0.0,0.0,0.0,0.0,0.0,0,0.0,0.0,0.0,1.7,0.71,3.94,0.0,0.0,10,0.0,0.0,1.73,0.0,0.0,0.0,0.0,0.0,1.25,6.91,0.0,0.0,0.0,0.0,1.73,0.0,0.0,0.0,0.0,0.0,1.25,6.91,0.0,0.0
Luke McCaffrey,WAS,0.0,0.0,0.0,0.0,0.0,0,0.0,0.0,0.0,2.0,0.75,7.0,0.0,0.0,12,0.0,0.0,2.05,0.0,0.0,0.0,0.0,0.0,1.52,14.12,0.0,0.0,0.0,0.0,2.05,0.0,0.0,0.0,0.0,0.0,1.52,14.12,0.0,0.0
Luke Musgrave,GNB,0.0,0.0,0.0,0.0,0.0,0,0.0,0.0,0.0,1.43,0.7,4.5,0.0,0.0,7,0.0,0.0,1.42,0.0,0.0,0.0,0.0,0.0,1.01,6.37,0.0,0.0,0.0,0.0,1.42,0.0,0.0,0.0,0.0,0.0,1.01,6.37,0.0,0.0
Luke Schoonmaker,DAL,0.0,0.0,0.0,0.0,0.0,0,0.0,0.0,0.0,3.6,0.75,6.69,0.03,0.0,10,0.0,0.0,3.63,0.0,0.0,0.0,0.0,0.0,2.76,24.53,0.11,0.0,0.0,0.0,3.63,0.0,0.0,0.0,0.0,0.0,2.76,24.53,0.11,0.0
Mac Jones,JAX,0.65,26.2,6.38,0.03,0.03,14,2.8,3.29,0.04,0.0,0.0,0.0,0.0,0.07,10,26.72,2.79,0.0,172.43,0.79,0.72,9.34,0.11,0.0,0.0,0.0,0.18,26.72,2.79,0.0,172.43,0.79,0.72,9.34,0.11,0.0,0.0,0.0,0.18
Mack Hollins,BUF,0.0,0.0,0.0,0.0,0.0,0,0.0,0.0,0.0,3.12,0.62,7.56,0.1,0.0,16,0.0,0.0,3.15,0.0,0.0,0.0,0.0,0.0,1.97,24.02,0.32,0.0,0.0,0.0,3.15,0.0,0.0,0.0,0.0,0.0,1.97,24.02,0.32,0.0
Malik Heath,GNB,0.0,0.0,0.0,0.0,0.0,0,0.0,0.0,0.0,2.6,0.77,7.46,0.15,0.0,5,0.0,0.0,2.58,0.0,0.0,0.0,0.0,0.0,2.01,19.19,0.42,0.0,0.0,0.0,2.58,0.0,0.0,0.0,0.0,0.0,2.01,19.19,0.42,0.0
Malik Nabers,NYG,0.0,0.07,0.0,0.0,0.0,0,0.33,0.4,0.0,11.33,0.64,7.08,0.04,0.01,15,0.07,0.33,11.32,0.0,0.0,0.0,0.13,0.0,7.27,80.15,0.43,0.11,0.07,0.33,11.32,0.0,0.0,0.0,0.13,0.0,7.27,80.15,0.43,0.11
Malik Washington,MIA,0.0,0.0,0.0,0.0,0.0,0,0.42,5.0,0.2,3.0,0.72,6.19,0.0,0.02,12,0.0,0.4,3.08,0.0,0.0,0.0,2.04,0.08,2.21,19.04,0.0,0.07,0.0,0.4,3.08,0.0,0.0,0.0,2.04,0.08,2.21,19.04,0.0,0.07
Malik Willis,GNB,0.74,9.0,10.19,0.06,0.0,8,3.33,6.9,0.05,0.0,0.0,0.0,0.0,0.05,6,8.94,3.39,0.0,90.72,0.58,0.0,23.22,0.16,0.0,0.0,0.0,0.17,8.94,3.39,0.0,90.72,0.58,0.0,23.22,0.16,0.0,0.0,0.0,0.17
Marcus Mariota,WAS,0.77,14.67,8.27,0.09,0.0,3,6.0,5.11,0.06,0.0,0.0,0.0,0.0,0.0,3,15.01,5.89,0.0,122.36,1.31,0.0,29.6,0.33,0.0,0.0,0.0,0.0,15.01,5.89,0.0,122.36,1.31,0.0,29.6,0.33,0.0,0.0,0.0,0.0
Mark Andrews,BAL,0.0,0.0,0.0,0.0,0.0,0,0.24,1.25,0.0,4.06,0.8,9.75,0.16,0.0,17,0.0,0.25,4.07,0.0,0.0,0.0,0.31,0.0,3.28,39.85,0.63,0.0,0.0,0.25,4.07,0.0,0.0,0.0,0.31,0.0,3.28,39.85,0.63,0.0
Marquez Valdes-Scantling,BUF,0.0,0.0,0.0,0.0,0.0,0,0.0,0.0,0.0,1.8,0.22,2.89,0.0,0.0,5,0.0,0.0,1.82,0.0,0.0,0.0,0.0,0.0,0.4,5.3,0.0,0.0,0.0,0.0,1.82,0.0,0.0,0.0,0.0,0.0,0.4,5.3,0.0,0.0
Marquez Valdes-Scantling,NOR,0.0,0.0,0.0,0.0,0.0,0,0.12,4.0,0.0,4.38,0.49,11.0,0.11,0.0,8,0.0,0.12,4.39,0.0,0.0,0.0,0.47,0.0,2.12,48.1,0.44,0.0,0.0,0.12,4.39,0.0,0.0,0.0,0.47,0.0,2.12,48.1,0.44,0.0
Marquise Brown,KAN,0.0,0.0,0.0,0.0,0.0,0,0.0,0.0,0.0,7.5,0.6,6.07,0.0,0.0,2,0.0,0.0,7.29,0.0,0.0,0.0,0.0,0.0,4.39,44.91,0.0,0.0,0.0,0.0,7.29,0.0,0.0,0.0,0.0,0.0,4.39,44.91,0.0,0.0
Marvin Harrison Jr.,ARI,0.0,0.0,0.0,0.0,0.0,0,0.0,0.0,0.0,6.82,0.53,7.63,0.07,0.01,17,0.0,0.0,6.89,0.0,0.0,0.0,0.0,0.0,3.67,52.88,0.49,0.07,0.0,0.0,6.89,0.0,0.0,0.0,0.0,0.0,3.67,52.88,0.49,0.07
Marvin Mims,DEN,0.0,0.0,0.0,0.0,0.0,0,0.81,3.23,0.0,3.25,0.75,9.67,0.12,0.02,16,0.0,0.81,3.19,0.0,0.0,0.0,2.65,0.0,2.39,30.98,0.37,0.09,0.0,0.81,3.19,0.0,0.0,0.0,2.65,0.0,2.39,30.98,0.37,0.09
Mason Rudolph,TEN,0.64,28.5,6.71,0.04,0.04,11,3.12,4.24,0.04,0.0,0.0,0.0,0.0,0.2,8,28.35,3.08,0.0,188.85,1.14,1.04,13.24,0.13,0.0,0.0,0.0,0.65,28.35,3.08,0.0,188.85,1.14,1.04,13.24,0.13,0.0,0.0,0.0,0.65
Mason Tipton,NOR,0.0,0.0,0.0,0.0,0.0,0,0.0,0.0,0.0,2.89,0.54,3.81,0.0,0.0,9,0.0,0.0,2.89,0.0,0.0,0.0,0.0,0.0,1.54,10.99,0.0,0.0,0.0,0.0,2.89,0.0,0.0,0.0,0.0,0.0,1.54,10.99,0.0,0.0
Matthew Stafford,LAR,0.66,32.31,7.28,0.04,0.02,28,1.88,1.37,0.0,0.0,0.0,0.0,0.0,0.2,16,32.31,1.91,0.0,239.51,1.42,0.64,2.62,0.0,0.0,0.0,0.0,0.35,32.31,1.91,0.0,239.51,1.42,0.64,2.62,0.0,0.0,0.0,0.0,0.35
Michael Burton,DEN,0.0,0.0,0.0,0.0,0.0,0,0.64,1.14,0.14,0.91,1.0,6.5,0.1,0.0,11,0.0,0.64,0.89,0.0,0.0,0.0,0.74,0.1,0.89,5.83,0.09,0.0,0.0,0.64,0.89,0.0,0.0,0.0,0.74,0.1,0.89,5.83,0.09,0.0
Michael Mayer,LVR,0.0,0.0,0.0,0.0,0.0,0,0.0,0.0,0.0,2.91,0.66,4.88,0.0,0.0,11,0.0,0.0,2.81,0.0,0.0,0.0,0.0,0.0,1.86,13.77,0.0,0.0,0.0,0.0,2.81,0.0,0.0,0.0,0.0,0.0,1.86,13.77,0.0,0.0
Michael Penix,ATL,0.58,21.0,7.38,0.03,0.03,4,1.4,1.57,0.14,0.0,0.0,0.0,0.0,0.29,5,20.6,1.4,0.0,152.12,0.62,0.64,2.15,0.2,0.0,0.0,0.0,0.41,20.6,1.4,0.0,152.12,0.62,0.64,2.15,0.2,0.0,0.0,0.0,0.41
Michael Pittman Jr.,IND,0.0,0.0,0.0,0.0,0.0,0,0.0,0.0,0.0,6.94,0.62,7.28,0.03,0.01,16,0.0,0.0,6.97,0.0,0.0,0.0,0.0,0.0,4.35,50.64,0.21,0.07,0.0,0.0,6.97,0.0,0.0,0.0,0.0,0.0,4.35,50.64,0.21,0.07
Michael Wilson,ARI,0.0,0.0,0.0,0.0,0.0,0,0.06,7.0,0.0,4.44,0.66,7.72,0.06,0.01,16,0.0,0.06,4.49,0.0,0.0,0.0,0.41,0.0,2.97,34.83,0.27,0.05,0.0,0.06,4.49,0.0,0.0,0.0,0.41,0.0,2.97,34.83,0.27,0.05
Mike Evans,TAM,0.0,0.0,0.0,0.0,0.0,0,0.0,0.0,0.0,7.86,0.67,9.13,0.1,0.0,14,0.0,0.0,7.83,0.0,0.0,0.0,0.0,0.0,5.23,71.63,0.76,0.0,0.0,0.0,7.83,0.0,0.0,0.0,0.0,0.0,5.23,71.63,0.76,0.0
Mike Gesicki,CIN,0.0,0.0,0.0,0.0,0.0,0,0.0,0.0,0.0,5.19,0.78,8.01,0.02,0.01,16,0.0,0.0,5.27,0.0,0.0,0.0,0.0,0.0,4.13,42.13,0.1,0.05,0.0,0.0,5.27,0.0,0.0,0.0,0.0,0.0,4.13,42.13,0.1,0.05
Miles Sanders,CAR,0.0,0.0,0.0,0.0,0.0,0,5.0,3.73,0.04,2.73,0.8,4.93,0.03,0.01,11,0.0,5.06,2.7,0.0,0.0,0.0,18.55,0.21,2.14,13.35,0.08,0.08,0.0,5.06,2.7,0.0,0.0,0.0,18.55,0.21,2.14,13.35,0.08,0.08
Mitchell Trubisky,BUF,0.73,3.25,6.88,0.08,0.0,0,2.12,0.06,0.0,0.0,0.0,0.0,0.0,0.06,8,3.28,2.1,0.0,22.77,0.27,0.0,0.13,0.0,0.0,0.0,0.0,0.13,3.28,2.1,0.0,22.77,0.27,0.0,0.13,0.0,0.0,0.0,0.0,0.13
Mo Alie-Cox,IND,0.0,0.0,0.0,0.0,0.0,0,0.0,0.0,0.0,1.83,0.55,6.68,0.05,0.0,12,0.0,0.0,1.84,0.0,0.0,0.0,0.0,0.0,1.02,12.25,0.09,0.0,0.0,0.0,1.84,0.0,0.0,0.0,0.0,0.0,1.02,12.25,0.09,0.0
Najee Harris,PIT,0.0,0.0,0.0,0.0,0.0,0,15.47,3.97,0.02,2.82,0.75,5.9,0.0,0.0,17,0.0,15.46,2.83,0.0,0.0,0.0,63.16,0.31,2.13,16.74,0.0,0.0,0.0,15.46,2.83,0.0,0.0,0.0,63.16,0.31,2.13,16.74,0.0,0.0
Nate Adkins,DEN,0.0,0.0,0.0,0.0,0.0,0,0.0,0.0,0.0,1.25,0.93,7.67,0.2,0.0,12,0.0,0.0,1.23,0.0,0.0,0.0,0.0,0.0,1.14,9.45,0.24,0.0,0.0,0.0,1.23,0.0,0.0,0.0,0.0,0.0,1.14,9.45,0.24,0.0
Nick Chubb,CLE,0.0,0.0,0.0,0.0,0.0,0,12.75,3.25,0.03,1.38,0.45,2.82,0.09,0.01,8,0.0,13.15,1.35,0.0,0.0,0.0,43.96,0.41,0.61,3.83,0.12,0.15,0.0,13.15,1.35,0.0,0.0,0.0,43.96,0.41,0.61,3.83,0.12,0.15
Nick Mullens,MIN,1.0,0.5,19.0,0.0,0.0,0,0.75,-0.67,0.0,0.0,0.0,0.0,0.0,0.0,4,0.51,0.74,0.0,9.53,0.0,0.0,-0.5,0.0,0.0,0.0,0.0,0.0,0.51,0.74,0.0,9.53,0.0,0.0,-0.5,0.0,0.0,0.0,0.0,0.0
Nick Westbrook-Ikhine,TEN,0.0,0.0,0.0,0.0,0.0,0,0.0,0.0,0.0,4.62,0.53,8.28,0.15,0.0,13,0.0,0.0,4.6,0.0,0.0,0.0,0.0,0.0,2.46,37.78,0.69,0.0,0.0,0.0,4.6,0.0,0.0,0.0,0.0,0.0,2.46,37.78,0.69,0.0
Nico Collins,HOU,0.0,0.0,0.0,0.0,0.0,0,0.0,0.0,0.0,8.25,0.69,10.16,0.07,0.0,12,0.0,0.0,8.29,0.0,0.0,0.0,0.0,0.0,5.66,82.64,0.58,0.0,0.0,0.0,8.29,0.0,0.0,0.0,0.0,0.0,5.66,82.64,0.58,0.0
Nikko Remigio,KAN,0.0,0.0,0.0,0.0,0.0,0,0.0,0.0,0.0,6.0,0.33,8.0,0.0,0.0,1,0.0,0.0,5.83,0.0,0.0,0.0,0.0,0.0,1.93,47.35,0.0,0.0,0.0,0.0,5.83,0.0,0.0,0.0,0.0,0.0,1.93,47.35,0.0,0.0
Noah Brown,WAS,0.0,0.0,0.0,0.0,0.0,0,0.0,0.0,0.0,5.09,0.62,8.09,0.02,0.0,11,0.0,0.0,5.21,0.0,0.0,0.0,0.0,0.0,3.2,41.53,0.1,0.0,0.0,0.0,5.21,0.0,0.0,0.0,0.0,0.0,3.2,41.53,0.1,0.0
Noah Fant,SEA,0.0,0.0,0.0,0.0,0.0,0,0.0,0.0,0.0,4.57,0.75,7.81,0.02,0.0,14,0.0,0.0,4.6,0.0,0.0,0.0,0.0,0.0,3.41,35.88,0.1,0.0,0.0,0.0,4.6,0.0,0.0,0.0,0.0,0.0,3.41,35.88,0.1,0.0
Noah Gray,KAN,0.0,0.0,0.0,0.0,0.0,0,0.06,-4.0,0.0,3.06,0.82,8.92,0.1,0.0,16,0.0,0.06,2.98,0.0,0.0,0.0,-0.25,0.0,2.45,26.92,0.29,0.0,0.0,0.06,2.98,0.0,0.0,0.0,-0.25,0.0,2.45,26.92,0.29,0.0
Olamide Zaccheaus,WAS,0.0,0.0,0.0,0.0,0.0,0,0.07,8.0,0.0,4.27,0.7,7.91,0.05,0.03,15,0.0,0.07,4.37,0.0,0.0,0.0,0.54,0.0,3.03,34.06,0.21,0.12,0.0,0.07,4.37,0.0,0.0,0.0,0.54,0.0,3.03,34.06,0.21,0.12
Parker Washington,JAX,0.0,0.0,0.0,0.0,0.0,0,0.0,0.0,0.0,4.25,0.63,7.65,0.06,0.04,12,0.0,0.0,4.33,0.0,0.0,0.0,0.0,0.0,2.76,33.54,0.26,0.16,0.0,0.0,4.33,0.0,0.0,0.0,0.0,0.0,2.76,33.54,0.26,0.16
Pat Freiermuth,PIT,0.0,0.0,0.0,0.0,0.0,0,0.0,0.0,0.0,4.59,0.83,8.37,0.09,0.04,17,0.0,0.0,4.61,0.0,0.0,0.0,0.0,0.0,3.84,38.65,0.4,0.19,0.0,0.0,4.61,0.0,0.0,0.0,0.0,0.0,3.84,38.65,0.4,0.19
Patrick Mahomes,KAN,0.67,36.31,6.76,0.04,0.02,36,3.62,5.29,0.03,0.06,1.0,2.0,0.0,0.03,16,35.3,3.69,0.06,242.12,1.36,0.69,19.74,0.12,0.06,0.12,0.0,0.12,35.3,3.69,0.06,242.12,1.36,0.69,19.74,0.12,0.06,0.12,0.0,0.12
Patrick Ricard,BAL,0.0,0.0,0.0,0.0,0.0,0,0.0,0.0,0.0,1.0,0.6,4.4,0.2,0.0,5,0.0,0.0,1.0,0.0,0.0,0.0,0.0,0.0,0.61,4.43,0.19,0.0,0.0,0.0,1.0,0.0,0.0,0.0,0.0,0.0,0.61,4.43,0.19,0.0
Patrick Taylor,SFO,0.0,0.0,0.0,0.0,0.0,0,7.8,4.69,0.03,2.2,0.27,2.27,0.0,0.0,5,0.0,8.01,2.18,0.0,0.0,0.0,37.51,0.24,0.59,4.92,0.0,0.0,0.0,8.01,2.18,0.0,0.0,0.0,37.51,0.24,0.59,4.92,0.0,0.0
Payne Durham,TAM,0.0,0.0,0.0,0.0,0.0,0,0.0,0.0,0.0,2.8,0.79,8.21,0.14,0.07,5,0.0,0.0,2.79,0.0,0.0,0.0,0.0,0.0,2.2,22.95,0.38,0.2,0.0,0.0,2.79,0.0,0.0,0.0,0.0,0.0,2.2,22.95,0.38,0.2
Puka Nacua,LAR,0.0,0.0,0.0,0.0,0.0,0,1.0,4.18,0.09,9.64,0.75,9.34,0.03,0.0,11,0.0,1.02,9.64,0.0,0.0,0.0,4.25,0.09,7.25,91.68,0.32,0.0,0.0,1.02,9.64,0.0,0.0,0.0,4.25,0.09,7.25,91.68,0.32,0.0
Quentin Johnston,LAC,0.0,0.0,0.0,0.0,0.0,0,0.2,2.0,0.0,6.07,0.6,7.81,0.09,0.0,15,0.0,0.2,5.96,0.0,0.0,0.0,0.41,0.0,3.56,46.77,0.52,0.0,0.0,0.2,5.96,0.0,0.0,0.0,0.41,0.0,3.56,46.77,0.52,0.0
Rachaad White,TAM,0.0,0.0,0.0,0.0,0.0,0,9.6,4.26,0.02,3.8,0.89,6.89,0.11,0.01,15,0.0,9.46,3.78,0.0,0.0,0.0,39.38,0.19,3.36,26.13,0.4,0.14,0.0,9.46,3.78,0.0,0.0,0.0,39.38,0.19,3.36,26.13,0.4,0.14
Raheem Mostert,MIA,0.0,0.0,0.0,0.0,0.0,0,7.08,3.27,0.02,1.92,0.83,7.0,0.0,0.02,12,0.0,6.8,1.97,0.0,0.0,0.0,22.49,0.14,1.63,13.78,0.0,0.17,0.0,6.8,1.97,0.0,0.0,0.0,22.49,0.14,1.63,13.78,0.0,0.17
Rasheen Ali,BAL,0.0,0.0,0.0,0.0,0.0,0,2.5,3.1,0.0,0.5,0.0,0.0,0.0,0.0,4,0.0,2.55,0.5,0.0,0.0,0.0,7.99,0.0,0.0,0.0,0.0,0.0,0.0,2.55,0.5,0.0,0.0,0.0,7.99,0.0,0.0,0.0,0.0,0.0
Rashid Shaheed,NOR,0.0,0.0,0.0,0.0,0.0,0,1.0,4.83,0.0,6.83,0.49,8.51,0.07,0.02,6,0.0,0.99,6.84,0.0,0.0,0.0,4.72,0.0,3.3,58.02,0.44,0.16,0.0,0.99,6.84,0.0,0.0,0.0,4.72,0.0,3.3,58.02,0.44,0.16
Rashod Bateman,BAL,0.0,0.0,0.0,0.0,0.0,0,0.0,0.0,0.0,4.5,0.62,10.5,0.12,0.0,16,0.0,0.0,4.51,0.0,0.0,0.0,0.0,0.0,2.81,47.57,0.52,0.0,0.0,0.0,4.51,0.0,0.0,0.0,0.0,0.0,2.81,47.57,0.52,0.0
Ray Davis,BUF,0.0,0.0,0.0,0.0,0.0,0,7.06,3.91,0.03,1.19,0.89,9.95,0.16,0.0,16,0.0,7.01,1.2,0.0,0.0,0.0,28.05,0.21,1.08,12.06,0.2,0.0,0.0,7.01,1.2,0.0,0.0,0.0,28.05,0.21,1.08,12.06,0.2,0.0
Ray-Ray McCloud,ATL,0.0,0.0,0.0,0.0,0.0,0,0.59,7.9,0.0,5.12,0.71,7.89,0.01,0.04,17,0.0,0.59,5.02,0.0,0.0,0.0,4.57,0.0,3.56,39.65,0.05,0.23,0.0,0.59,5.02,0.0,0.0,0.0,4.57,0.0,3.56,39.65,0.05,0.23
Reggie Gilliam,BUF,0.0,0.0,0.0,0.0,0.0,0,1.5,2.33,0.0,0.0,0.0,0.0,0.0,0.0,2,0.0,1.49,0.0,0.0,0.0,0.0,3.55,0.0,0.0,0.0,0.0,0.0,0.0,1.49,0.0,0.0,0.0,0.0,3.55,0.0,0.0,0.0,0.0,0.0
Rhamondre Stevenson,NWE,0.0,0.0,0.0,0.0,0.0,0,13.8,3.87,0.03,2.73,0.8,4.1,0.02,0.03,15,0.0,13.56,2.78,0.0,0.0,0.0,52.41,0.41,2.22,11.46,0.06,0.5,0.0,13.56,2.78,0.0,0.0,0.0,52.41,0.41,2.22,11.46,0.06,0.5
Ricky Pearsall,SFO,0.0,0.1,0.0,0.0,0.0,0,0.3,15.0,0.0,4.6,0.67,8.7,0.07,0.0,10,0.1,0.31,4.57,0.0,0.0,0.0,4.61,0.0,3.04,39.39,0.34,0.0,0.1,0.31,4.57,0.0,0.0,0.0,4.61,0.0,3.04,39.39,0.34,0.0
Rico Dowdle,DAL,0.0,0.0,0.0,0.0,0.0,0,14.69,4.59,0.01,3.06,0.8,5.08,0.06,0.01,16,0.0,14.69,3.09,0.0,0.0,0.0,66.96,0.14,2.5,15.84,0.18,0.17,0.0,14.69,3.09,0.0,0.0,0.0,66.96,0.14,2.5,15.84,0.18,0.17
Rome Odunze,CHI,0.0,0.0,0.0,0.0,0.0,0,0.18,5.0,0.0,5.94,0.53,7.27,0.03,0.02,17,0.0,0.18,5.92,0.0,0.0,0.0,0.9,0.0,3.14,42.82,0.18,0.12,0.0,0.18,5.92,0.0,0.0,0.0,0.9,0.0,3.14,42.82,0.18,0.12
Romeo Doubs,GNB,0.0,0.0,0.0,0.0,0.0,0,0.0,0.0,0.0,5.54,0.64,8.35,0.06,0.0,13,0.0,0.0,5.5,0.0,0.0,0.0,0.0,0.0,3.57,45.76,0.36,0.0,0.0,0.0,5.5,0.0,0.0,0.0,0.0,0.0,3.57,45.76,0.36,0.0
Roschon Johnson,CHI,0.0,0.0,0.0,0.0,0.0,0,4.58,2.73,0.11,1.67,0.8,5.2,0.0,0.0,12,0.0,4.57,1.66,0.0,0.0,0.0,12.51,0.49,1.33,8.61,0.0,0.0,0.0,4.57,1.66,0.0,0.0,0.0,12.51,0.49,1.33,8.61,0.0,0.0
Russell Wilson,PIT,0.64,30.55,7.39,0.05,0.01,33,3.91,3.6,0.05,0.0,0.0,0.0,0.0,0.12,11,30.7,3.91,0.0,227.14,1.48,0.34,14.47,0.2,0.0,0.0,0.0,0.48,30.7,3.91,0.0,227.14,1.48,0.34,14.47,0.2,0.0,0.0,0.0,0.48
Ryan Flournoy,DAL,0.0,0.0,0.0,0.0,0.0,0,0.0,0.0,0.0,2.0,0.71,7.29,0.0,0.07,7,0.0,0.0,2.02,0.0,0.0,0.0,0.0,0.0,1.45,14.85,0.0,0.13,0.0,0.0,2.02,0.0,0.0,0.0,0.0,0.0,1.45,14.85,0.0,0.13
Ryan Miller,TAM,0.0,0.0,0.0,0.0,0.0,0,0.0,0.0,0.0,2.5,0.6,6.4,0.1,0.0,8,0.0,0.0,2.49,0.0,0.0,0.0,0.0,0.0,1.49,15.97,0.24,0.0,0.0,0.0,2.49,0.0,0.0,0.0,0.0,0.0,1.49,15.97,0.24,0.0
Sam Darnold,MIN,0.66,32.06,7.92,0.06,0.02,48,3.94,3.16,0.01,0.0,0.0,0.0,0.0,0.12,17,32.7,3.9,0.0,254.65,2.04,0.63,12.31,0.04,0.0,0.0,0.0,0.45,32.7,3.9,0.0,254.65,2.04,0.63,12.31,0.04,0.0,0.0,0.0,0.45
Sam Howell,SEA,0.36,14.0,1.71,0.0,0.07,4,1.0,2.0,0.0,0.0,0.0,0.0,0.0,0.0,1,14.09,1.01,0.0,24.07,0.0,0.99,2.03,0.0,0.0,0.0,0.0,0.0,14.09,1.01,0.0,24.07,0.0,0.99,2.03,0.0,0.0,0.0,0.0,0.0
Sam LaPorta,DET,0.0,0.0,0.0,0.0,0.0,0,0.0,0.0,0.0,5.19,0.72,8.75,0.08,0.0,16,0.0,0.0,5.2,0.0,0.0,0.0,0.0,0.0,3.7,44.67,0.42,0.0,0.0,0.0,5.2,0.0,0.0,0.0,0.0,0.0,3.7,44.67,0.42,0.0
Samaje Perine,KAN,0.0,0.0,0.0,0.0,0.0,0,1.18,4.6,0.05,2.06,0.8,9.2,0.03,0.0,17,0.0,1.2,2.0,0.0,0.0,0.0,5.6,0.07,1.61,18.69,0.06,0.0,0.0,1.2,2.0,0.0,0.0,0.0,5.6,0.07,1.61,18.69,0.06,0.0
Saquon Barkley,PHI,0.0,0.0,0.0,0.0,0.0,1,21.56,5.81,0.04,2.69,0.77,6.47,0.05,0.01,16,0.0,20.89,2.73,0.0,0.0,0.0,119.14,0.78,2.08,17.04,0.13,0.25,0.0,20.89,2.73,0.0,0.0,0.0,119.14,0.78,2.08,17.04,0.13,0.25
Scott Miller,PIT,0.0,0.0,0.0,0.0,0.0,0,0.0,0.0,0.0,2.25,0.56,7.67,0.0,0.0,4,0.0,0.0,2.26,0.0,0.0,0.0,0.0,0.0,1.27,17.36,0.0,0.0,0.0,0.0,2.26,0.0,0.0,0.0,0.0,0.0,1.27,17.36,0.0,0.0
Sean Tucker,TAM,0.0,0.0,0.0,0.0,0.0,0,4.55,6.16,0.04,1.09,0.75,9.08,0.08,0.02,11,0.0,4.48,1.09,0.0,0.0,0.0,26.99,0.18,0.81,9.88,0.08,0.12,0.0,4.48,1.09,0.0,0.0,0.0,26.99,0.18,0.81,9.88,0.08,0.12
Shane Zylstra,DET,0.0,0.0,0.0,0.0,0.0,0,0.0,0.0,0.0,1.0,1.0,22.0,0.0,0.0,1,0.0,0.0,1.0,0.0,0.0,0.0,0.0,0.0,0.99,21.64,0.0,0.0,0.0,0.0,1.0,0.0,0.0,0.0,0.0,0.0,0.99,21.64,0.0,0.0
Sione Vaki,DET,0.0,0.0,0.0,0.0,0.0,0,1.5,2.33,0.0,0.75,1.0,12.33,0.0,0.0,4,0.0,1.51,0.75,0.0,0.0,0.0,3.53,0.0,0.74,9.1,0.0,0.0,0.0,1.51,0.75,0.0,0.0,0.0,3.53,0.0,0.74,9.1,0.0,0.0
Skylar Thompson,MIA,0.64,16.5,5.67,0.0,0.0,6,0.5,4.0,0.0,0.0,0.0,0.0,0.0,2.0,2,16.94,0.48,0.0,95.94,0.0,0.0,1.94,0.0,0.0,0.0,0.0,0.93,16.94,0.48,0.0,95.94,0.0,0.0,1.94,0.0,0.0,0.0,0.0,0.93
Skyy Moore,KAN,0.0,0.0,0.0,0.0,0.0,0,0.0,0.0,0.0,1.5,0.0,0.0,0.0,0.0,2,0.0,0.0,1.46,0.0,0.0,0.0,0.0,0.0,0.0,0.0,0.0,0.0,0.0,0.0,1.46,0.0,0.0,0.0,0.0,0.0,0.0,0.0,0.0,0.0
Spencer Rattler,NOR,0.57,32.57,5.78,0.02,0.02,22,2.57,8.11,0.0,0.0,0.0,0.0,0.0,0.28,7,32.62,2.54,0.0,187.92,0.6,0.74,20.35,0.0,0.0,0.0,0.0,0.71,32.62,2.54,0.0,187.92,0.6,0.74,20.35,0.0,0.0,0.0,0.0,0.71
Stefon Diggs,HOU,1.0,0.12,13.0,0.0,0.0,0,0.38,2.67,0.33,8.0,0.73,7.75,0.05,0.0,8,0.12,0.38,8.03,1.54,0.0,0.0,1.03,0.12,5.81,61.13,0.4,0.0,0.12,0.38,8.03,1.54,0.0,0.0,1.03,0.12,5.81,61.13,0.4,0.0
Sterling Shepard,TAM,0.0,0.0,0.0,0.0,0.0,0,0.62,8.62,0.0,3.92,0.63,6.55,0.02,0.0,13,0.0,0.61,3.9,0.0,0.0,0.0,5.15,0.0,2.45,25.63,0.08,0.0,0.0,0.61,3.9,0.0,0.0,0.0,5.15,0.0,2.45,25.63,0.08,0.0
Stone Smartt,LAC,0.0,0.0,0.0,0.0,0.0,0,0.0,0.0,0.0,2.71,0.84,10.95,0.0,0.05,7,0.0,0.0,2.66,0.0,0.0,0.0,0.0,0.0,2.22,29.28,0.0,0.14,0.0,0.0,2.66,0.0,0.0,0.0,0.0,0.0,2.22,29.28,0.0,0.14
Tank Bigsby,JAX,0.0,0.0,0.0,0.0,0.0,0,11.2,4.56,0.04,0.8,0.58,4.5,0.0,0.02,15,0.0,11.14,0.82,0.0,0.0,0.0,51.8,0.45,0.48,3.71,0.0,0.23,0.0,11.14,0.82,0.0,0.0,0.0,51.8,0.45,0.48,3.71,0.0,0.23
Tank Dell,HOU,0.0,0.0,0.0,0.0,0.0,0,0.64,4.78,0.0,5.79,0.63,8.23,0.04,0.0,14,0.0,0.63,5.82,0.0,0.0,0.0,3.1,0.0,3.63,46.98,0.23,0.0,0.0,0.63,5.82,0.0,0.0,0.0,3.1,0.0,3.63,46.98,0.23,0.0
Tanner Conner,MIA,0.0,0.0,0.0,0.0,0.0,0,0.0,0.0,0.0,2.0,0.75,4.0,0.0,0.0,2,0.0,0.0,2.05,0.0,0.0,0.0,0.0,0.0,1.53,8.2,0.0,0.0,0.0,0.0,2.05,0.0,0.0,0.0,0.0,0.0,1.53,8.2,0.0,0.0
Tanner Hudson,CIN,0.0,0.0,0.0,0.0,0.0,0,0.11,1.0,0.0,2.56,0.83,6.7,0.04,0.04,9,0.0,0.11,2.6,0.0,0.0,0.0,0.11,0.0,2.17,17.38,0.1,0.11,0.0,0.11,2.6,0.0,0.0,0.0,0.11,0.0,2.17,17.38,0.1,0.11
Tanner McKee,PHI,0.67,22.5,7.18,0.09,0.0,2,2.5,-0.2,0.0,0.0,0.0,0.0,0.0,0.0,2,22.82,2.42,0.0,158.21,1.91,0.0,-0.48,0.0,0.0,0.0,0.0,0.0,22.82,2.42,0.0,158.21,1.91,0.0,-0.48,0.0,0.0,0.0,0.0,0.0
Taysom Hill,NOR,0.5,0.5,5.25,0.0,0.25,0,4.88,7.13,0.15,3.88,0.74,6.03,0.0,0.01,8,0.5,4.83,3.89,2.62,0.0,0.14,33.97,0.78,2.83,23.36,0.0,0.09,0.5,4.83,3.89,2.62,0.0,0.14,33.97,0.78,2.83,23.36,0.0,0.09
Tee Higgins,CIN,0.0,0.0,0.0,0.0,0.0,0,0.0,0.0,0.0,9.08,0.67,8.36,0.09,0.01,12,0.0,0.0,9.21,0.0,0.0,0.0,0.0,0.0,6.2,76.92,0.8,0.09,0.0,0.0,9.21,0.0,0.0,0.0,0.0,0.0,6.2,76.92,0.8,0.09
Terry McLaurin,WAS,0.0,0.0,0.0,0.0,0.0,0,0.12,1.0,0.0,6.88,0.7,9.37,0.11,0.01,17,0.0,0.12,7.04,0.0,0.0,0.0,0.12,0.0,4.88,65.02,0.75,0.07,0.0,0.12,7.04,0.0,0.0,0.0,0.12,0.0,4.88,65.02,0.75,0.07
Theo Johnson,NYG,0.0,0.0,0.0,0.0,0.0,0,0.0,0.0,0.0,4.3,0.67,7.7,0.02,0.0,10,0.0,0.0,4.3,0.0,0.0,0.0,0.0,0.0,2.89,33.08,0.08,0.0,0.0,0.0,4.3,0.0,0.0,0.0,0.0,0.0,2.89,33.08,0.08,0.0
Tim Patrick,DET,0.0,0.0,0.0,0.0,0.0,0,0.0,0.0,0.0,3.14,0.75,8.95,0.07,0.0,14,0.0,0.0,3.14,0.0,0.0,0.0,0.0,0.0,2.33,27.64,0.22,0.0,0.0,0.0,3.14,0.0,0.0,0.0,0.0,0.0,2.33,27.64,0.22,0.0
Tip Reiman,ARI,0.0,0.0,0.0,0.0,0.0,0,0.0,0.0,0.0,1.4,0.86,5.29,0.0,0.0,5,0.0,0.0,1.41,0.0,0.0,0.0,0.0,0.0,1.22,7.53,0.0,0.0,0.0,0.0,1.41,0.0,0.0,0.0,0.0,0.0,1.22,7.53,0.0,0.0
Tommy DeVito,NYG,0.7,22.0,5.84,0.0,0.0,6,4.0,4.0,0.0,0.0,0.0,0.0,0.0,0.0,2,21.98,3.98,0.0,128.37,0.0,0.0,15.81,0.0,0.0,0.0,0.0,0.0,21.98,3.98,0.0,128.37,0.0,0.0,15.81,0.0,0.0,0.0,0.0,0.0
Tommy Tremble,CAR,0.0,0.0,0.0,0.0,0.0,0,0.0,0.0,0.0,3.2,0.72,7.31,0.06,0.03,10,0.0,0.0,3.16,0.0,0.0,0.0,0.0,0.0,2.26,23.2,0.19,0.09,0.0,0.0,3.16,0.0,0.0,0.0,0.0,0.0,2.26,23.2,0.19,0.09
Tony Pollard,TEN,0.0,0.0,0.0,0.0,0.0,0,16.25,4.15,0.02,3.56,0.72,4.18,0.0,0.01,16,0.0,16.06,3.54,0.0,0.0,0.0,67.48,0.33,2.57,14.7,0.0,0.21,0.0,16.06,3.54,0.0,0.0,0.0,67.48,0.33,2.57,14.7,0.0,0.21
Travis Etienne,JAX,0.0,0.0,0.0,0.0,0.0,0,10.0,3.72,0.01,3.47,0.75,4.88,0.0,0.0,15,0.0,9.95,3.54,0.0,0.0,0.0,37.73,0.1,2.68,17.47,0.0,0.0,0.0,9.95,3.54,0.0,0.0,0.0,37.73,0.1,2.68,17.47,0.0,0.0
Travis Kelce,KAN,0.0,0.0,0.0,0.0,0.0,0,0.06,1.0,0.0,8.31,0.73,6.19,0.02,0.01,16,0.0,0.06,8.08,0.0,0.0,0.0,0.06,0.0,5.92,50.74,0.16,0.09,0.0,0.06,8.08,0.0,0.0,0.0,0.06,0.0,5.92,50.74,0.16,0.09
Tre Tucker,LVR,0.0,0.0,0.0,0.0,0.0,0,0.53,4.89,0.11,4.76,0.58,6.65,0.04,0.0,17,0.0,0.54,4.6,0.0,0.0,0.0,2.7,0.07,2.67,30.69,0.18,0.0,0.0,0.54,4.6,0.0,0.0,0.0,2.7,0.07,2.67,30.69,0.18,0.0
Trent Sherfield,MIN,0.0,0.0,0.0,0.0,0.0,0,0.0,0.0,0.0,1.12,0.89,9.22,0.11,0.0,8,0.0,0.0,1.14,0.0,0.0,0.0,0.0,0.0,1.01,10.36,0.13,0.0,0.0,0.0,1.14,0.0,0.0,0.0,0.0,0.0,1.01,10.36,0.13,0.0
Trent Taylor,SFO,0.0,0.0,0.0,0.0,0.0,0,0.0,0.0,0.0,1.0,1.0,11.0,0.0,0.0,1,0.0,0.0,0.99,0.0,0.0,0.0,0.0,0.0,0.99,10.83,0.0,0.0,0.0,0.0,0.99,0.0,0.0,0.0,0.0,0.0,0.99,10.83,0.0,0.0
Trevor Lawrence,JAX,0.61,28.4,7.2,0.04,0.02,18,2.6,4.58,0.12,0.0,0.0,-50000.0,0.0,0.12,10,28.97,2.59,0.0,210.93,1.14,0.52,12.08,0.31,0.0,-0.0,0.0,0.29,28.97,2.59,0.0,210.93,1.14,0.52,12.08,0.31,0.0,-0.0,0.0,0.29
Trey Benson,ARI,0.0,0.0,0.0,0.0,0.0,0,5.25,4.62,0.02,0.5,1.0,9.83,0.0,0.01,12,0.0,5.23,0.51,0.0,0.0,0.0,23.78,0.11,0.51,4.99,0.0,0.06,0.0,5.23,0.51,0.0,0.0,0.0,23.78,0.11,0.51,4.99,0.0,0.06
Trey Lance,DAL,0.61,10.25,6.49,0.0,0.02,4,2.75,3.73,0.0,0.0,0.0,0.0,0.0,0.0,4,10.34,2.75,0.0,67.76,0.0,0.23,10.19,0.0,0.0,0.0,0.0,0.0,10.34,2.75,0.0,67.76,0.0,0.23,10.19,0.0,0.0,0.0,0.0,0.0
Trey McBride,ARI,0.0,0.0,0.0,0.0,0.0,0,0.06,2.0,1.0,9.19,0.76,7.8,0.01,0.0,16,0.0,0.06,9.29,0.0,0.0,0.0,0.12,0.06,7.09,72.85,0.09,0.0,0.0,0.06,9.29,0.0,0.0,0.0,0.12,0.06,7.09,72.85,0.09,0.0
Trey Palmer,TAM,0.0,0.0,0.0,0.0,0.0,0,0.0,0.0,0.0,2.2,0.55,7.82,0.05,0.0,10,0.0,0.0,2.19,0.0,0.0,0.0,0.0,0.0,1.2,17.17,0.11,0.0,0.0,0.0,2.19,0.0,0.0,0.0,0.0,0.0,1.2,17.17,0.11,0.0
Treylon Burks,TEN,0.0,0.0,0.0,0.0,0.0,0,0.4,0.5,0.0,1.6,0.5,4.25,0.0,0.0,5,0.0,0.4,1.59,0.0,0.0,0.0,0.2,0.0,0.8,6.72,0.0,0.0,0.0,0.4,1.59,0.0,0.0,0.0,0.2,0.0,0.8,6.72,0.0,0.0
Troy Franklin,DEN,0.0,0.0,0.0,0.0,0.0,0,0.12,4.0,0.0,3.31,0.53,4.96,0.04,0.0,16,0.0,0.12,3.25,0.0,0.0,0.0,0.49,0.0,1.72,16.18,0.13,0.0,0.0,0.12,3.25,0.0,0.0,0.0,0.49,0.0,1.72,16.18,0.13,0.0
Tua Tagovailoa,MIA,0.73,36.27,7.19,0.05,0.02,21,1.55,2.88,0.0,0.0,0.0,0.0,0.0,0.41,11,37.23,1.49,0.0,267.42,1.78,0.79,4.34,0.0,0.0,0.0,0.0,0.59,37.23,1.49,0.0,267.42,1.78,0.79,4.34,0.0,0.0,0.0,0.0,0.59
Tucker Fisk,LAC,0.0,0.0,0.0,0.0,0.0,0,0.0,0.0,0.0,1.14,0.88,4.88,0.0,0.0,7,0.0,0.0,1.12,0.0,0.0,0.0,0.0,0.0,0.98,5.49,0.0,0.0,0.0,0.0,1.12,0.0,0.0,0.0,0.0,0.0,0.98,5.49,0.0,0.0
Tucker Kraft,GNB,0.0,0.0,0.0,0.0,0.0,0,0.18,2.0,0.0,4.12,0.71,10.1,0.1,0.01,17,0.0,0.18,4.09,0.0,0.0,0.0,0.36,0.0,2.94,41.16,0.44,0.04,0.0,0.18,4.09,0.0,0.0,0.0,0.36,0.0,2.94,41.16,0.44,0.04
Tutu Atwell,LAR,0.0,0.07,0.0,0.0,0.0,0,0.13,3.5,0.0,4.13,0.68,9.06,0.0,0.0,15,0.07,0.13,4.13,0.0,0.0,0.0,0.46,0.0,2.82,38.1,0.0,0.0,0.07,0.13,4.13,0.0,0.0,0.0,0.46,0.0,2.82,38.1,0.0,0.0
Ty Johnson,BUF,0.0,0.0,0.0,0.0,0.0,0,2.41,5.2,0.02,1.47,0.72,11.36,0.12,0.0,17,0.0,2.39,1.48,0.0,0.0,0.0,12.74,0.05,1.08,17.0,0.18,0.0,0.0,2.39,1.48,0.0,0.0,0.0,12.74,0.05,1.08,17.0,0.18,0.0
Tylan Wallace,BAL,0.0,0.0,0.0,0.0,0.0,0,0.0,0.0,0.0,1.5,0.92,16.08,0.08,0.08,8,0.0,0.0,1.5,0.0,0.0,0.0,0.0,0.0,1.39,24.28,0.12,0.11,0.0,0.0,1.5,0.0,0.0,0.0,0.0,0.0,1.39,24.28,0.12,0.11
Tyler Allgeier,ATL,0.0,0.0,0.0,0.0,0.0,0,8.06,4.7,0.02,0.76,1.0,6.77,0.0,0.0,17,0.0,8.05,0.75,0.0,0.0,0.0,37.12,0.17,0.74,5.05,0.0,0.0,0.0,8.05,0.75,0.0,0.0,0.0,37.12,0.17,0.74,5.05,0.0,0.0
Tyler Badie,DEN,0.0,0.0,0.0,0.0,0.0,0,3.67,7.82,0.0,1.0,1.0,-0.67,0.0,0.07,3,0.0,3.68,0.98,0.0,0.0,0.0,29.11,0.0,0.98,-0.66,0.0,0.35,0.0,3.68,0.98,0.0,0.0,0.0,29.11,0.0,0.98,-0.66,0.0,0.35
Tyler Conklin,NYJ,0.0,0.0,0.0,0.0,0.0,0,0.06,0.0,0.0,4.5,0.71,6.24,0.06,0.0,16,0.0,0.06,4.48,0.0,0.0,0.0,0.0,0.0,3.16,28.19,0.26,0.0,0.0,0.06,4.48,0.0,0.0,0.0,0.0,0.0,3.16,28.19,0.26,0.0
Tyler Goodson,IND,0.0,0.0,0.0,0.0,0.0,0,3.56,4.78,0.03,1.67,0.73,4.07,0.07,0.0,9,0.0,3.57,1.68,0.0,0.0,0.0,17.44,0.11,1.23,6.81,0.12,0.0,0.0,3.57,1.68,0.0,0.0,0.0,17.44,0.11,1.23,6.81,0.12,0.0
Tyler Higbee,LAR,0.0,0.0,0.0,0.0,0.0,0,0.0,0.0,0.0,4.0,0.67,5.5,0.17,0.0,3,0.0,0.0,4.0,0.0,0.0,0.0,0.0,0.0,2.69,22.4,0.75,0.0,0.0,0.0,4.0,0.0,0.0,0.0,0.0,0.0,2.69,22.4,0.75,0.0
Tyler Lockett,SEA,0.0,0.0,0.0,0.0,0.0,0,0.0,0.0,0.0,4.35,0.66,8.11,0.03,0.0,17,0.0,0.0,4.38,0.0,0.0,0.0,0.0,0.0,2.86,35.47,0.14,0.0,0.0,0.0,4.38,0.0,0.0,0.0,0.0,0.0,2.86,35.47,0.14,0.0
Tyquan Thornton,NWE,0.0,0.0,0.0,0.0,0.0,0,0.0,0.0,0.0,2.0,0.5,5.88,0.0,0.0,4,0.0,0.0,2.03,0.0,0.0,0.0,0.0,0.0,1.02,12.04,0.0,0.0,0.0,0.0,2.03,0.0,0.0,0.0,0.0,0.0,1.02,12.04,0.0,0.0
Tyreek Hill,MIA,0.0,0.0,0.0,0.0,0.0,0,0.47,6.62,0.0,7.24,0.66,7.8,0.05,0.0,17,0.0,0.45,7.43,0.0,0.0,0.0,3.02,0.0,4.89,57.91,0.36,0.0,0.0,0.45,7.43,0.0,0.0,0.0,3.02,0.0,4.89,57.91,0.36,0.0
Tyrell Shavers,BUF,0.0,0.0,0.0,0.0,0.0,0,0.0,0.0,0.0,1.0,1.0,69.0,1.0,0.0,1,0.0,0.0,1.01,0.0,0.0,0.0,0.0,0.0,1.02,70.26,1.03,0.0,0.0,0.0,1.01,0.0,0.0,0.0,0.0,0.0,1.02,70.26,1.03,0.0
Tyrod Taylor,NYJ,0.77,11.0,5.41,0.14,0.0,0,1.5,4.33,0.0,0.0,0.0,0.0,0.0,0.33,2,10.95,1.5,0.0,59.74,1.51,0.0,6.61,0.0,0.0,0.0,0.0,0.49,10.95,1.5,0.0,59.74,1.51,0.0,6.61,0.0,0.0,0.0,0.0,0.49
Tyrone Tracy Jr.,NYG,0.0,0.0,0.0,0.0,0.0,0,11.29,4.37,0.03,3.12,0.72,5.36,0.02,0.02,17,0.0,11.24,3.12,0.0,0.0,0.0,48.77,0.33,2.25,16.71,0.06,0.27,0.0,11.24,3.12,0.0,0.0,0.0,48.77,0.33,2.25,16.71,0.06,0.27
Tyson Bagent,CHI,1.0,0.5,5.5,0.0,0.0,0,1.5,-1.17,0.0,0.0,0.0,0.0,0.0,0.0,4,0.5,1.5,0.0,2.73,0.0,0.0,-1.76,0.0,0.0,0.0,0.0,0.0,0.5,1.5,0.0,2.73,0.0,0.0,-1.76,0.0,0.0,0.0,0.0,0.0
Van Jefferson,PIT,0.0,0.0,0.0,0.0,0.0,0,0.0,0.0,0.0,2.67,0.6,6.9,0.05,0.0,15,0.0,0.0,2.68,0.0,0.0,0.0,0.0,0.0,1.62,18.54,0.13,0.0,0.0,0.0,2.68,0.0,0.0,0.0,0.0,0.0,1.62,18.54,0.13,0.0
Velus Jones Jr.,CAR,0.0,0.0,0.0,0.0,0.0,0,1.0,0.0,0.0,0.0,0.0,0.0,0.0,0.0,1,0.0,1.01,0.0,0.0,0.0,0.0,0.0,0.0,0.0,0.0,0.0,0.0,0.0,1.01,0.0,0.0,0.0,0.0,0.0,0.0,0.0,0.0,0.0,0.0
Velus Jones Jr.,CHI,0.0,0.0,0.0,0.0,0.0,0,2.0,5.5,0.0,1.0,1.0,8.0,0.0,0.33,1,0.0,1.99,1.0,0.0,0.0,0.0,11.01,0.0,1.0,7.93,0.0,1.0,0.0,1.99,1.0,0.0,0.0,0.0,11.01,0.0,1.0,7.93,0.0,1.0
Wan'Dale Robinson,NYG,0.0,0.0,0.0,0.0,0.0,0,0.18,6.0,0.0,8.24,0.66,4.99,0.02,0.0,17,0.0,0.18,8.23,0.0,0.0,0.0,1.07,0.0,5.45,41.08,0.16,0.0,0.0,0.18,8.23,0.0,0.0,0.0,1.07,0.0,5.45,41.08,0.16,0.0
Will Dissly,LAC,0.0,0.0,0.0,0.0,0.0,0,0.0,0.0,0.0,4.27,0.78,7.52,0.03,0.0,15,0.0,0.0,4.19,0.0,0.0,0.0,0.0,0.0,3.25,31.68,0.12,0.0,0.0,0.0,4.19,0.0,0.0,0.0,0.0,0.0,3.25,31.68,0.12,0.0
Will Levis,TEN,0.63,25.08,6.95,0.04,0.04,41,3.75,4.07,0.0,0.0,0.0,0.0,0.0,0.22,12,24.95,3.71,0.0,172.13,1.0,0.92,15.27,0.0,0.0,0.0,0.0,0.85,24.95,3.71,0.0,172.13,1.0,0.92,15.27,0.0,0.0,0.0,0.0,0.85
Will Mallory,IND,0.0,0.0,0.0,0.0,0.0,0,0.0,0.0,0.0,1.14,0.5,3.62,0.0,0.0,7,0.0,0.0,1.14,0.0,0.0,0.0,0.0,0.0,0.58,4.14,0.0,0.0,0.0,0.0,1.14,0.0,0.0,0.0,0.0,0.0,0.58,4.14,0.0,0.0
Will Shipley,PHI,0.0,0.0,0.0,0.0,0.0,0,6.0,2.73,0.0,0.8,1.0,8.75,0.0,0.0,5,0.0,5.81,0.81,0.0,0.0,0.0,15.58,0.0,0.8,6.86,0.0,0.0,0.0,5.81,0.81,0.0,0.0,0.0,15.58,0.0,0.8,6.86,0.0,0.0
Xavier Gipson,NYJ,0.0,0.0,0.0,0.0,0.0,0,0.14,5.0,0.0,1.43,0.6,3.9,0.1,0.09,7,0.0,0.14,1.42,0.0,0.0,0.0,0.71,0.0,0.85,5.6,0.14,0.14,0.0,0.14,1.42,0.0,0.0,0.0,0.71,0.0,0.85,5.6,0.14,0.14
Xavier Hutchinson,HOU,0.0,0.0,0.0,0.0,0.0,0,0.0,0.0,0.0,1.86,0.46,4.5,0.0,0.0,14,0.0,0.0,1.87,0.0,0.0,0.0,0.0,0.0,0.85,8.25,0.0,0.0,0.0,0.0,1.87,0.0,0.0,0.0,0.0,0.0,0.85,8.25,0.0,0.0
Xavier Legette,CAR,0.0,0.0,0.0,0.0,0.0,0,0.4,4.0,0.0,5.6,0.58,5.92,0.05,0.0,15,0.0,0.4,5.54,0.0,0.0,0.0,1.59,0.0,3.19,32.87,0.28,0.0,0.0,0.4,5.54,0.0,0.0,0.0,1.59,0.0,3.19,32.87,0.28,0.0
Xavier Smith,LAR,0.0,0.0,0.0,0.0,0.0,0,1.33,9.0,0.0,0.67,1.0,3.0,0.0,0.0,3,0.0,1.35,0.67,0.0,0.0,0.0,12.18,0.0,0.67,2.05,0.0,0.0,0.0,1.35,0.67,0.0,0.0,0.0,12.18,0.0,0.67,2.05,0.0,0.0
Xavier Weaver,ARI,0.0,0.0,0.0,0.0,0.0,0,0.0,0.0,0.0,1.0,0.0,0.0,0.0,0.0,2,0.0,0.0,1.01,0.0,0.0,0.0,0.0,0.0,0.0,0.0,0.0,0.0,0.0,0.0,1.01,0.0,0.0,0.0,0.0,0.0,0.0,0.0,0.0,0.0
Xavier Worthy,KAN,0.0,0.0,0.0,0.0,0.0,0,1.25,5.2,0.15,6.12,0.6,6.51,0.06,0.0,16,0.0,1.27,5.95,0.0,0.0,0.0,6.7,0.21,3.58,39.3,0.34,0.0,0.0,1.27,5.95,0.0,0.0,0.0,6.7,0.21,3.58,39.3,0.34,0.0
Zach Charbonnet,SEA,0.0,0.0,0.0,0.0,0.0,0,7.94,4.21,0.06,3.06,0.81,6.54,0.02,0.0,17,0.0,8.0,3.08,0.0,0.0,0.0,33.86,0.47,2.47,20.12,0.06,0.0,0.0,8.0,3.08,0.0,0.0,0.0,33.86,0.47,2.47,20.12,0.06,0.0
Zach Ertz,WAS,0.0,0.0,0.0,0.0,0.0,0,0.0,0.0,0.0,5.35,0.73,7.19,0.08,0.01,17,0.0,0.0,5.47,0.0,0.0,0.0,0.0,0.0,3.96,38.79,0.42,0.05,0.0,0.0,5.47,0.0,0.0,0.0,0.0,0.0,3.96,38.79,0.42,0.05
Zamir White,LVR,0.0,0.0,0.0,0.0,0.0,0,8.12,2.82,0.02,1.0,0.75,3.75,0.0,0.03,8,0.0,8.32,0.97,0.0,0.0,0.0,23.84,0.19,0.72,3.64,0.0,0.32,0.0,8.32,0.97,0.0,0.0,0.0,23.84,0.19,0.72,3.64,0.0,0.32
Zay Flowers,BAL,0.0,0.0,0.0,0.0,0.0,0,0.53,6.22,0.0,6.82,0.64,9.13,0.03,0.0,17,0.0,0.54,6.83,0.0,0.0,0.0,3.4,0.0,4.4,62.69,0.2,0.0,0.0,0.54,6.83,0.0,0.0,0.0,3.4,0.0,4.4,62.69,0.2,0.0
Zay Jones,ARI,0.0,0.0,0.0,0.0,0.0,0,0.0,0.0,0.0,1.83,0.73,7.64,0.0,0.0,6,0.0,0.0,1.85,0.0,0.0,0.0,0.0,0.0,1.36,14.21,0.0,0.0,0.0,0.0,1.85,0.0,0.0,0.0,0.0,0.0,1.36,14.21,0.0,0.0
