team,pass_cmp,pass_att,pass_yd,pass_td,pass_int,sacks,rush_att,rush_yd,rush_td,targets,rec,rec_yd,rec_td,off_fum,def_pass_cmp,def_pass_att,def_pass_yd,def_pass_td,def_int,def_sacks,def_rush_att,def_rush_yd,def_rush_td,def_targets,def_rec,def_rec_yd,def_rec_td,def_fum,opps,games,next_op,ratio_pass_cmp,ratio_pass_att,ratio_pass_yd,ratio_pass_td,ratio_pass_int,ratio_sacks,ratio_rush_att,ratio_rush_yd,ratio_rush_td,ratio_targets,ratio_rec,ratio_rec_yd,ratio_rec_td,ratio_off_fum,ratio_def_pass_cmp,ratio_def_pass_att,ratio_def_pass_yd,ratio_def_pass_td,ratio_def_int,ratio_def_sacks,ratio_def_rush_att,ratio_def_rush_yd,ratio_def_rush_td,ratio_def_targets,ratio_def_rec,ratio_def_rec_yd,ratio_def_rec_td,ratio_def_fum,schedstr_ratio_pass_cmp,schedstr_ratio_pass_att,schedstr_ratio_pass_yd,schedstr_ratio_pass_td,schedstr_ratio_pass_int,schedstr_ratio_sacks,schedstr_ratio_rush_att,schedstr_ratio_rush_yd,schedstr_ratio_rush_td,schedstr_ratio_targets,schedstr_ratio_rec,schedstr_ratio_rec_yd,schedstr_ratio_rec_td,schedstr_ratio_off_fum,schedstr_ratio_def_pass_cmp,schedstr_ratio_def_pass_att,schedstr_ratio_def_pass_yd,schedstr_ratio_def_pass_td,schedstr_ratio_def_int,schedstr_ratio_def_sacks,schedstr_ratio_def_rush_att,schedstr_ratio_def_rush_yd,schedstr_ratio_def_rush_td,schedstr_ratio_def_targets,schedstr_ratio_def_rec,schedstr_ratio_def_rec_yd,schedstr_ratio_def_rec_td,schedstr_ratio_def_fum
ARI,0.6887661141804788,31.941176470588236,7.106813996316759,0.03867403314917127,0.020257826887661142,1.7647058823529411,1.602076124567474,89.99352051835854,0.6609071274298056,0.9631675874769797,388.302103250478,7.106813996316759,0.03867403314917127,0.033319579121105836,0.686456400742115,31.705882352941178,7.291280148423006,0.03710575139146568,0.016697588126159554,2.411764705882353,27.352941176470587,4.621505376344086,0.03870967741935484,0.9517625231910947,0.686456400742115,7.291280148423006,0.03710575139146568,0.0199203187250996,"['GNB', 'NWE', 'CAR', 'SEA', 'LAR', 'BUF', 'SFO', 'MIA', 'CHI', 'WAS', 'SEA', 'MIN', 'SFO', 'LAR', 'DET', 'NYJ', 'LAC']",17,NOR,0.03222020518653199,0.9755768906855313,0.9965003785772594,0.8514501908774901,0.932331149085614,0.730593607305936,0.059340192807564904,20.2800938388488,18.995583132214396,1.0083452595399098,594.7242893623065,0.9965003785772594,0.8514501908774901,1.9475174141685205,0.03211215770949442,0.9683903205884005,1.0223657790934166,0.8169227911414032,0.7684773698062735,0.9984779299847792,1.013140872880779,1.0414590091503604,1.1125812764345686,0.9964052372042901,1.0513780164775828,1.0223657790934166,0.8169227911414032,1.1643354638997965,0.030985535203803916,0.9874135943749236,1.037517407657355,1.0164329845162845,0.9286721123084363,0.9927477840451249,0.05786253078364384,16.71677992071171,18.5250572801322,1.0017359239803554,583.1339579698664,1.037517407657355,1.0164329845162845,1.674854018186225,0.030411148327332604,0.9896329763166847,0.9943240978386404,0.9946310582814578,1.032923034462724,0.969827200286507,1.0046820117030268,1.0150100319413708,0.9868630397549215,0.9997824821730739,0.9956855934891928,0.9943240978386404,0.9946310582814578,1.0014242009969228
ATL,0.6511627906976745,32.88235294117647,7.661896243291592,0.03756708407871199,0.03398926654740608,1.8823529411764706,1.71280276816609,76.20808080808081,0.6181818181818182,0.964221824686941,377.5064935064935,7.661896243291592,0.03756708407871199,0.03400680136027205,0.698961937716263,34.0,6.927335640138408,0.058823529411764705,0.020761245674740483,1.8235294117647058,26.941176470588236,4.478165938864628,0.024017467248908297,0.9550173010380623,0.698961937716263,6.927335640138408,0.058823529411764705,0.017374517374517374,"['LAC', 'MIN', 'NOR', 'CAR', 'KAN', 'NYG', 'SEA', 'TAM', 'PHI', 'NOR', 'DAL', 'PIT', 'DEN', 'CAR', 'LVR', 'WAS', 'TAM']",17,TAM,0.030461136653154607,1.0043231710740554,1.0743326772048316,0.8270795235178482,1.5642967092399218,0.7792998477929984,0.06344145883314176,17.173536729804567,17.767585838818718,1.0094489460705993,578.1897115697097,1.0743326772048316,0.8270795235178482,1.9876853068455413,0.03269716176091213,1.0384593790354275,0.9713343548188152,1.2950628953682832,0.9555001207049166,0.7549467275494672,0.9978892898481649,1.009157380920379,0.6903024295199925,0.999812681407684,1.07053152228604,0.9713343548188152,1.2950628953682832,1.0155342907141467,0.030743500078140234,1.0033720073847292,0.9870649617023032,1.0139288796425916,0.9754835801871622,1.028561196167965,0.058812456370450246,16.82332971341762,16.475935888573847,0.9967608921983528,589.7577759063461,0.9870649617023032,1.0139288796425916,1.6917391073334545,0.030590512774071165,1.0192247355401651,0.9996015443260446,0.9959528617073228,0.9710848231470739,1.052914316411496,1.000708910240749,1.0197024090063236,0.9580751259438652,1.002071277919475,1.0015581305495982,0.9996015443260446,0.9959528617073228,0.9868747884897047
BAL,0.6666666666666666,28.058823529411764,8.781970649895179,0.0859538784067086,0.008385744234800839,1.411764705882353,1.916955017301038,97.85740072202167,0.644404332129964,0.9580712788259959,331.91684901531727,8.781970649895179,0.0859538784067086,0.029435530416714765,0.6336,36.76470588235294,7.1488,0.0432,0.0192,3.176470588235294,22.529411764705884,3.553524804177546,0.031331592689295036,0.9504,0.6336,7.1488,0.0432,0.01488095238095238,"['BUF', 'HOU', 'NYG', 'DAL', 'CIN', 'CLE', 'CLE', 'LAC', 'DEN', 'TAM', 'KAN', 'PIT', 'LVR', 'WAS', 'CIN', 'PIT', 'PHI']",17,BUF,0.03118640181156305,0.85699848408287,1.2313868185955648,1.8923665368379317,0.3859392521086247,0.5844748858447488,0.07100316806779905,22.052223960541507,18.521265021512292,1.0030099069634875,508.3645195469787,1.2313868185955648,1.8923665368379317,1.720496164536684,0.029639556281709525,1.1229015776767166,1.0023875551076962,0.9510941903584673,0.8836465116279069,1.3150684931506849,0.8344794716415878,0.8007889464963883,0.9005227041637499,0.9949788044436608,0.9704230458336917,1.0023875551076962,0.9510941903584673,0.8697863138060978,0.03061237351833513,1.035817257676188,0.9811412368127407,1.0094029814601575,0.8848231244233492,1.1087832393231265,0.058578744519728033,16.371054580334302,15.678020227231476,0.9977878254577016,605.1098586153407,0.9811412368127407,1.0094029814601575,1.670553667893081,0.03031828935990776,0.9985105040837285,0.9947497785979562,1.0319433791053332,0.98793609994274,1.0529143164114962,0.9794335927330691,0.9902720917967396,0.9764075830690444,0.9992597341999352,0.9926453157891857,0.9947497785979562,1.0319433791053332,1.0626523308664872
BUF,0.6326923076923077,30.58823529411765,7.573076923076923,0.057692307692307696,0.011538461538461539,0.8235294117647058,1.698961937716263,77.20977596741344,1.1079429735234216,0.95,346.3157894736842,7.573076923076923,0.057692307692307696,0.01639695638195263,0.6851211072664359,34.0,7.093425605536332,0.04844290657439446,0.02768166089965398,2.2941176470588234,25.58823529411765,4.512643678160919,0.029885057471264367,0.9480968858131488,0.6851211072664359,7.093425605536332,0.04844290657439446,0.02566633761105627,"['JAX', 'BAL', 'IND', 'TEN', 'KAN', 'ARI', 'DET', 'SEA', 'NYJ', 'HOU', 'NWE', 'NWE', 'LAR', 'NYJ', 'MIA', 'SFO', 'MIA']",17,BAL,0.029597094796166085,0.9342541126270283,1.0618786455860552,1.2701578396881241,0.5310375670840788,0.3409436834094368,0.06292880057994464,17.399269334909643,31.844145698901166,0.9945600423205784,530.4179659743563,1.0618786455860552,1.2701578396881241,0.9583962023393823,0.03204969321119109,1.0384593790354275,0.9946230905986869,1.066522384420939,1.274000160939889,0.9497716894977168,0.9477769455981481,1.0169269601551143,0.8589468475155769,0.9925676619771936,1.0493328782803757,0.9946230905986869,1.066522384420939,1.5001882008706953,0.030741582107506698,1.0007298860254898,1.0006992398216061,0.9734851781319188,1.0252719509126853,0.9870176381054703,0.057289559794776505,16.9983352034105,16.010510772805244,1.00357098611134,585.3790598282336,1.0006992398216061,0.9734851781319188,1.8600540286010603,0.030261328086872097,0.9906898248603803,0.9913298172559967,0.9836744240035877,0.916354663423408,0.9368788611334945,1.0077579612222092,0.9764487539986934,1.0128938322205612,0.9993461486289557,0.9907803576383797,0.9913298172559967,0.9836744240035877,0.9718175440692116
CAR,0.623400365630713,32.1764705882353,6.235831809872029,0.04021937842778794,0.027422303473491772,2.1176470588235294,1.4186851211072664,77.86829268292684,0.7463414634146341,0.946983546617916,360.0907335907336,6.235831809872029,0.04021937842778794,0.026264290864146667,0.6792452830188679,31.176470588235293,7.628301886792453,0.0660377358490566,0.016981132075471698,1.8823529411764706,34.8235294117647,5.163851351351352,0.04054054054054054,0.9566037735849057,0.6792452830188679,7.628301886792453,0.0660377358490566,0.011586452762923352,"['KAN', 'NYG', 'ATL', 'ARI', 'LVR', 'TAM', 'CHI', 'NOR', 'CIN', 'TAM', 'PHI', 'DAL', 'WAS', 'DEN', 'LAC', 'ATL', 'NOR']",17,JAX,0.029162421438052102,0.9827634607826624,0.8743733496475525,0.8854726195022632,1.262063687768377,0.8767123287671232,0.05254747095270327,17.54766647181616,21.451109732232354,0.9914021012644273,551.5156983390278,0.8743733496475525,0.8854726195022632,1.5351383534227308,0.03177482448725292,0.9522205378698556,1.0696221572746913,1.453891363668167,0.7815269855199649,0.7792998477929984,1.2898481650439162,1.163676999989218,1.1652033638335009,1.001473567937504,1.0403334539383484,1.0696221572746913,1.453891363668167,0.6772239962041062,0.030934769529133137,1.0186963112683172,0.9967456466902233,1.005239161481089,0.9718548268098248,1.0085056853791745,0.05934773189952369,17.02452542634004,16.262171696244184,1.0008947865625426,600.1524353760523,0.9967456466902233,1.005239161481089,1.7683823026780525,0.03075935353158698,1.011087001753708,0.9973720224387449,0.9777453993875476,0.9239009198346463,1.0256961231981374,0.988661441290617,1.0168069772042079,0.9575192725447946,0.9986839619154236,1.0070861135130431,0.9973720224387449,0.9777453993875476,1.0198358804136454
CHI,0.6236749116607774,33.294117647058826,6.275618374558304,0.0353356890459364,0.012367491166077738,4.0,1.491349480968858,68.39443155452436,0.5127610208816705,0.931095406360424,379.123339658444,6.275618374558304,0.0353356890459364,0.02874763752113797,0.6461232604373758,29.58823529411765,7.870775347912525,0.033797216699801194,0.02186878727634195,2.3529411764705883,28.529411764705884,4.777319587628866,0.041237113402061855,0.9423459244532804,0.6461232604373758,7.870775347912525,0.033797216699801194,0.018218623481781375,"['SFO', 'JAX', 'DET', 'TEN', 'LAR', 'CAR', 'GNB', 'NWE', 'ARI', 'DET', 'MIN', 'GNB', 'IND', 'HOU', 'SEA', 'MIN', 'WAS']",17,MIN,0.02917526459226614,1.0168996687440346,0.8799521261278023,0.7779529760162832,0.5691922097132057,1.6560121765601217,0.055238926781988065,15.41272618285358,14.737614703892556,0.9747687228992836,580.6660764172798,0.8799521261278023,0.7779529760162832,1.680289072233708,0.030225389429695798,0.9037111897142216,1.1036212032503305,0.744081862348775,1.0064727911600166,0.974124809741248,1.056716824402533,1.076571835141393,1.1852240401880283,0.9865469500051359,0.9896036969343966,1.1036212032503305,0.744081862348775,1.0648719890484373,0.03075420800323939,0.9663823083553786,1.050032853862837,1.0654085962276931,1.1294214585441862,0.9555018354373714,0.06003378926777276,17.23823669486514,18.281855065601203,1.0010547711853701,567.2272062256344,1.050032853862837,1.0654085962276931,1.7297871328121073,0.03050353313311218,1.0041118013653163,1.0043709405796104,1.010432259712743,1.1216644301100351,0.9698272002865075,1.0027595432535372,0.9966004339222866,1.0260169004500792,1.0035822273348065,0.9987103467534206,1.0043709405796104,1.010432259712743,0.9913540042095519
CIN,0.7055214723926381,38.35294117647059,7.542944785276074,0.06595092024539877,0.013803680981595092,2.823529411764706,1.314878892733564,70.41578947368421,0.49210526315789477,0.9631901840490797,477.5796178343949,7.542944785276074,0.06595092024539877,0.03114096301465457,0.6492146596858639,33.705882352941174,7.008726003490401,0.05235602094240838,0.02617801047120419,2.1176470588235294,28.176470588235293,4.430062630480167,0.04175365344467641,0.9511343804537522,0.6492146596858639,7.008726003490401,0.05235602094240838,0.015209125475285171,"['NWE', 'KAN', 'DEN', 'PIT', 'WAS', 'BAL', 'TEN', 'CLE', 'CLE', 'LAC', 'PIT', 'CAR', 'PHI', 'LVR', 'DAL', 'BAL', 'NYG']",17,CLE,0.0330040141870836,1.1714109258323506,1.057653589640951,1.4519800253285506,0.6352903409901556,1.1689497716894977,0.048702534053724975,15.86824040261454,14.143933463796479,1.0083689160111773,731.4619118796463,1.057653589640951,1.4519800253285506,1.8201780864213024,0.030370003858380772,1.0294761664140137,0.9827467159605078,1.1526737812178438,1.2047972726165834,0.8767123287671232,1.0436440389460067,0.9983172715172034,1.2000702703365214,0.9957476312385695,0.9943384902970953,0.9827467159605078,1.1526737812178438,0.8889679131219739,0.030206799466639622,0.9930148916565111,0.976764403946805,0.9979770480038079,0.9291974304956625,1.085862655564509,0.06043336114158815,16.85669559044577,15.047613835574625,0.994270868945573,573.5516067268162,0.976764403946805,0.9979770480038079,1.7955014544921106,0.030384217345219906,0.9856169518506408,1.0012481812492275,1.0425733572413884,0.896770344701574,1.0443190975020145,0.9972484670316685,0.9799149185739393,0.9850157605539251,1.001525814061937,0.9948038513524111,1.0012481812492275,1.0425733572413884,0.9984541419540733
CLE,0.5975794251134644,38.88235294117647,5.868381240544629,0.028744326777609682,0.03479576399394856,3.8823529411764706,1.3529411764705883,69.91304347826087,0.34782608695652173,0.9591527987897126,411.82176656151415,5.868381240544629,0.028744326777609682,0.02631578947368421,0.6183953033268101,30.058823529411764,7.589041095890411,0.050880626223091974,0.007827788649706457,2.411764705882353,28.705882352941178,4.51844262295082,0.045081967213114756,0.9373776908023483,0.6183953033268101,7.589041095890411,0.050880626223091974,0.014014014014014014,"['PHI', 'MIA', 'KAN', 'NYG', 'CIN', 'BAL', 'BAL', 'NOR', 'LAC', 'CIN', 'JAX', 'DEN', 'DAL', 'LVR', 'PIT', 'WAS', 'PIT']",17,CIN,0.02795452809886703,1.1875807085508956,0.8228503139197347,0.6328370880543956,1.6014143475354468,1.6073059360730593,0.050112344250017024,15.754946290932233,9.997107121585978,1.0041421559538923,630.7470534205115,0.8228503139197347,0.6328370880543956,1.5381484286255205,0.02892828661189997,0.9180843299084834,1.0641171035308612,1.1201913889486912,0.36026031948300186,0.9984779299847792,1.063253217130796,1.0182337558424939,1.2957316095088385,0.9813456798260523,0.9471355015524822,1.0641171035308612,1.1201913889486912,0.8191140781068837,0.03091151826381501,0.9997787223361636,1.0127925286505401,1.0870696168756342,0.7568769497291193,0.9941803205300384,0.060267501118494965,16.749781195177917,15.505581638753453,0.9951779042216493,592.3993066780959,1.0127925286505401,1.0870696168756342,1.7595572999412625,0.030377285187701324,1.0205986386469696,0.9953029311442688,0.9775409702037078,0.9911079960947762,1.052914316411496,0.969693085922324,0.9720728660312934,0.9633860629052264,1.0018016455336058,0.9945768869083605,0.9953029311442688,0.9775409702037078,0.9638626156492363
DAL,0.6248037676609105,37.470588235294116,6.423861852433281,0.03610675039246468,0.02197802197802198,2.235294117647059,1.4844290657439445,67.56410256410257,0.23776223776223776,0.9764521193092621,407.5980707395499,6.423861852433281,0.03610675039246468,0.03926096997690531,0.681640625,30.11764705882353,7.900390625,0.0546875,0.025390625,3.0588235294117645,28.352941176470587,4.83609958506224,0.05186721991701245,0.962890625,0.681640625,7.900390625,0.0546875,0.019114688128772636,"['PHI', 'NYG', 'WAS', 'NOR', 'NYG', 'BAL', 'PHI', 'WAS', 'HOU', 'SFO', 'ATL', 'CIN', 'CLE', 'CAR', 'DET', 'TAM', 'PIT']",17,PHI,0.029228072027477455,1.1444612879681095,0.9007384703181223,0.7949287159952885,1.0115001277791977,0.9254185692541856,0.054982597655389515,15.225611046720692,6.8336868610841215,1.022252906425514,624.2780323279837,0.9007384703181223,0.7949287159952885,2.2947895724990444,0.03188687763350245,0.9198809724327662,1.1077737862283898,1.2040037855377008,1.1685592296511629,1.2663622526636225,1.0501804316742696,1.089817942827034,1.49075119162654,1.0080553060527244,1.0440021645777795,1.1077737862283898,1.2040037855377008,1.117246645339664,0.03083652108197655,0.9827634607826624,1.0258165245785567,1.0721005797899958,0.9695612245741401,1.0615095353209778,0.062250282303654356,17.749805778744904,18.296967472124386,0.9956747401480098,579.294178549678,1.0258165245785567,1.0721005797899958,1.769656603107193,0.030111307706200335,0.9915353036953372,0.9900520585666449,1.0272126766690717,0.9011839213890077,1.0027755394395204,0.9996835937343548,1.0072687218253815,1.0197261268947637,1.0008163752296737,0.985868569035173,0.9900520585666449,1.0272126766690717,1.0732311517242477
DEN,0.6649122807017543,33.529411764705884,6.680701754385965,0.05263157894736842,0.021052631578947368,1.411764705882353,1.5951557093425606,70.36008676789588,0.44251626898047725,0.9631578947368421,393.4972677595628,6.680701754385965,0.05263157894736842,0.02177125406363905,0.6485148514851485,35.64705882352941,6.785478547854786,0.036303630363036306,0.024752475247524754,3.7058823529411766,24.941176470588236,3.865566037735849,0.02358490566037736,0.9570957095709571,0.6485148514851485,6.785478547854786,0.036303630363036306,0.01650485436893204,"['CIN', 'NYJ', 'LAC', 'KAN', 'LAC', 'BAL', 'PIT', 'IND', 'SEA', 'CLE', 'LVR', 'ATL', 'LVR', 'NOR', 'CAR', 'TAM', 'KAN']",17,TEN,0.031104332333111565,1.0240862388411656,0.9367519441000789,1.1587404853295165,0.9689106487148103,0.5844748858447488,0.05908386368096636,15.855687764447275,12.71866231412186,1.0083351121588136,602.6812138675357,0.9367519441000789,1.1587404853295165,1.2725219686333484,0.030337267108772967,1.0887653697153445,0.9514434942675525,0.7992632390556732,1.1391895003453834,1.5342465753424657,0.9238101722611833,0.8711076256824256,0.6778698814754645,1.0019885783323528,0.9932666626366824,0.9514434942675525,0.7992632390556732,0.9647028008661033,0.030458870182721257,1.0272567844722524,0.9959286300857029,1.000580803555771,0.9778205948414301,1.0428865610171008,0.05667889334611523,16.510231447894782,16.10213629078731,0.9990807476272913,597.9488198670574,0.9959286300857029,1.000580803555771,1.6168612052921338,0.03062160946228367,1.0193304203945346,0.9953249514623932,1.0209089202204504,0.961183086069954,0.9870176381054707,0.9960949859619752,0.9899125981094793,0.9293754732893423,0.99840399220969,1.0025762612734086,0.9953249514623932,1.0209089202204504,0.9250063383577813
DET,0.7241379310344828,32.411764705882355,8.562613430127042,0.07078039927404718,0.021778584392014518,1.9411764705882353,1.847750865051903,79.2059925093633,0.9232209737827716,0.9473684210526315,421.1666666666667,8.562613430127042,0.07078039927404718,0.018886981113018887,0.6114754098360655,35.88235294117647,7.219672131147541,0.029508196721311476,0.02622950819672131,2.176470588235294,21.705882352941178,4.531165311653116,0.04878048780487805,0.9524590163934427,0.6114754098360655,7.219672131147541,0.029508196721311476,0.020429009193054137,"['CHI', 'TEN', 'LAR', 'TAM', 'HOU', 'MIN', 'GNB', 'MIN', 'BUF', 'JAX', 'IND', 'CHI', 'ARI', 'DAL', 'SFO', 'GNB', 'SEA']",17,GNB,0.033874884726352965,0.9899500308797934,1.200629076426445,1.5583061699259015,1.002321360739459,0.8036529680365296,0.06843987680181352,17.849117930233202,26.534924543928703,0.9918050283529314,645.0597213861897,1.200629076426445,1.5583061699259015,1.1039372521778557,0.028604576743556598,1.0959519398124755,1.0123250750084145,0.6496545016109749,1.2071673656118949,0.9010654490106544,0.80397630557636,1.0211008213743105,1.40203331583218,0.9971343996346093,0.936536978638762,1.0123250750084145,0.6496545016109749,1.1940682387695563,0.030220272888267355,0.9829748304914016,1.0274973258357263,1.0203786789396032,1.0681190269303604,0.9898827110752978,0.05863905725539828,16.904786829361864,16.784453177875903,1.002762609448131,565.5595305990596,1.0274973258357263,1.0203786789396032,1.7701807624628882,0.030922339575523594,0.9985105040837288,1.0182223059710833,0.9942024891856567,1.1520796069681098,1.0271286596830513,0.9962231505252743,0.9936647482515293,1.0112253008372456,1.000429219122471,1.0124224084184752,1.0182223059710833,0.9942024891856567,1.0459087811102616
GNB,0.6430062630480167,28.176470588235293,8.22338204592902,0.05845511482254697,0.022964509394572025,1.2941176470588236,1.820069204152249,80.66920152091255,0.7433460076045627,0.9686847599164927,317.9568965517241,8.22338204592902,0.05845511482254697,0.02745414696043373,0.6743362831858407,33.23529411764706,7.007079646017699,0.04070796460176991,0.03008849557522124,2.6470588235294117,25.058823529411764,3.964788732394366,0.03051643192488263,0.9451327433628318,0.6743362831858407,7.007079646017699,0.04070796460176991,0.02320887991927346,"['ARI', 'MIA', 'HOU', 'IND', 'DET', 'SFO', 'TEN', 'CHI', 'LAR', 'MIN', 'SEA', 'NOR', 'CHI', 'MIN', 'PHI', 'JAX', 'DET']",17,DET,0.03007957753015058,0.8605917691314355,1.1530628670175853,1.2869518542699432,1.0569014905083265,0.5357686453576864,0.06741456029541931,18.17885295881245,21.365015290974977,1.0141212166503646,486.983428023283,1.1530628670175853,1.2869518542699432,1.6046850142449196,0.03154518342532439,1.0151030262197518,0.982515867672418,0.8962293665292014,1.3847705289154146,1.095890410958904,0.9281677674133587,0.8934675194506406,0.8770936118997088,0.9894644855131605,1.0328148198317144,0.982515867672418,0.8962293665292014,1.3565506827635772,0.03072231736975468,0.983608939617619,1.0294844266643721,1.0047817851446863,1.0361262747592463,1.0686722177455457,0.05958898284220468,16.764402318898092,17.248479242865127,0.9952087779029434,579.5726024171764,1.0294844266643721,1.0047817851446863,1.7157504973431714,0.030160649052775386,1.0064368681614468,1.0044717777952588,0.9201427107843306,1.1338193356597674,0.9726922732563346,0.9821250485623539,1.0073899121945773,1.0340848322822835,1.0020865149396958,0.9874840446304823,1.0044717777952588,0.9201427107843306,0.9865572551799079
HOU,0.6263157894736842,33.529411764705884,6.933333333333334,0.03508771929824561,0.021052631578947368,3.176470588235294,1.5017301038062285,74.77649769585253,0.5875576036866359,0.9596491228070175,372.0109689213894,6.933333333333334,0.03508771929824561,0.021829316475701306,0.5884476534296029,32.588235294117645,6.774368231046932,0.05595667870036101,0.03429602888086643,2.8823529411764706,26.294117647058822,4.3355704697986575,0.024608501118568233,0.9620938628158845,0.5884476534296029,6.774368231046932,0.05595667870036101,0.015984015984015984,"['TEN', 'BAL', 'TEN', 'MIA', 'JAX', 'DET', 'GNB', 'NYJ', 'JAX', 'DAL', 'KAN', 'IND', 'MIN', 'BUF', 'IND', 'CHI', 'NWE']",17,LAR,0.029298803807178968,1.0240862388411656,0.9721753369441996,0.7724936568863443,0.9689106487148103,1.3150684931506849,0.055623420471885905,16.850928616610705,16.887394374453272,1.004661760201951,569.772754962496,0.9721753369441996,0.7724936568863443,1.2759156957326276,0.02752734744739049,0.9953399584526416,0.9498856323464613,1.2319461116589987,1.5784149105868526,1.1933028919330289,0.9739225165112003,0.977023406418708,0.7072897376289856,1.0072211714931947,0.9012676201938823,0.9498856323464613,1.2319461116589987,0.9342599846196967,0.029947681098421497,0.9810725031127494,1.003382077725627,1.0417966148813942,1.0919550877278708,0.9397439341033218,0.05917433278447173,16.778473753155996,16.213527149663243,1.0006239979505995,560.8097070709645,1.003382077725627,1.0417966148813942,1.851239621097829,0.03085796300399554,0.9956570130157506,1.018717944364774,0.9934612307540666,1.031329973971349,0.9526367624675441,1.0119873918110853,0.9746642412554118,1.0580808363609473,1.0010419799415833,1.0103146673973613,1.018717944364774,0.9934612307540666,0.9874569373830989
IND,0.5633528265107213,30.176470588235293,7.015594541910332,0.03898635477582846,0.037037037037037035,1.8823529411764706,1.7162629757785466,79.89314516129032,0.685483870967742,0.9590643274853801,301.3353658536586,7.015594541910332,0.03898635477582846,0.03688835846804817,0.6935779816513762,32.05882352941177,7.6,0.04954128440366973,0.029357798165137616,2.1176470588235294,31.235294117647058,4.220338983050848,0.03389830508474576,0.9559633027522936,0.6935779816513762,7.6,0.04954128440366973,0.017657992565055763,"['BUF', 'NWE', 'GNB', 'JAX', 'TEN', 'HOU', 'DET', 'DEN', 'HOU', 'PIT', 'JAX', 'MIA', 'MIN', 'NYJ', 'CHI', 'TEN', 'NYG']",17,MIA,0.026353421413864684,0.9216776149570489,0.9837098059104179,0.8583262854292715,1.7045650301464255,0.7792998477929984,0.06356962339644102,18.003968192590158,19.70196010352882,1.004049534875807,461.5258578742379,0.9837098059104179,0.8583262854292715,2.156111283263722,0.03244530243514908,0.9791701757340969,1.0656537347272956,1.0907043467413615,1.3511414550885428,0.8767123287671232,1.1569415129025669,0.9510559217489766,0.9742943381206675,1.0008030556234115,1.0622854442508092,1.0656537347272956,1.0907043467413615,1.0321033136316227,0.030191513867435748,0.9874135943749236,0.9848500065156989,0.9730355416548245,1.0226694723361065,1.028561196167965,0.058126399002201186,16.34972039791478,15.817206381668704,0.9966647676310858,570.7395867513994,0.9848500065156989,0.9730355416548245,1.777258018497795,0.03034657105595085,0.995974067578859,1.0016610741673087,0.9860951766287386,1.0484971664202636,0.9941803205300384,0.9976329607215665,0.9778780800037801,0.991251144185388,1.0025629946197177,0.9935712813925377,1.0016610741673087,0.9860951766287386,0.990656140986565
JAX,0.6282051282051282,32.11764705882353,6.8076923076923075,0.0347985347985348,0.027472527472527472,1.8823529411764706,1.4325259515570934,70.9975845410628,0.533816425120773,0.9560439560439561,358.7701149425287,6.8076923076923075,0.0347985347985348,0.029806105610561056,0.6706896551724137,34.11764705882353,7.939655172413793,0.05,0.010344827586206896,2.0,30.058823529411764,4.410958904109589,0.03718199608610567,0.9689655172413794,0.6706896551724137,7.939655172413793,0.05,0.007332722273143905,"['BUF', 'CHI', 'LVR', 'HOU', 'TEN', 'HOU', 'PHI', 'DET', 'IND', 'NYJ', 'CLE', 'IND', 'TEN', 'MIA', 'MIN', 'GNB', 'NWE']",17,CAR,0.02938718632243441,0.9809668182583796,0.9545582542850776,0.7661269509229954,1.264375159723997,0.7792998477929984,0.05306012920590037,15.999348270086069,15.342782457434039,1.000887491982537,549.4930361373616,0.9545582542850776,0.7661269509229954,1.7421561513165704,0.03137459561559834,1.0420526640839929,1.1132793667012695,1.1008034610630408,0.476102646351243,0.8280060882800608,1.1133655613808129,0.9940122353186475,1.0686731438681685,1.0144151429839656,1.0272296369658491,1.1132793667012695,1.1008034610630408,0.42859497919537876,0.029812861064485743,0.9893159217535761,0.9910462981659576,0.9737040494980933,1.1240321605188959,1.085862655564509,0.05916679369251294,16.627020288221097,16.632351741729213,0.9971646274347471,564.3719564315071,0.9910462981659576,0.9737040494980933,1.8002588921285736,0.03020009723485911,0.9804383939865318,0.9887647511080184,1.0129014617063714,1.1128263793642914,0.9597994448921121,1.0051946699562235,0.9809045514522801,0.987253393413473,0.9994854377370999,0.9887756100185214,0.9887647511080184,1.0129014617063714,1.0565861755642336
KAN,0.6733333333333333,35.294117647058826,6.743333333333333,0.043333333333333335,0.018333333333333333,2.411764705882353,1.5570934256055362,67.62222222222222,0.5666666666666667,0.9533333333333334,423.7762237762238,6.743333333333333,0.043333333333333335,0.012769953051643192,0.6590509666080844,33.470588235294116,6.977152899824253,0.0421792618629174,0.022847100175746926,2.2941176470588234,24.58823529411765,4.141148325358851,0.03110047846889952,0.9560632688927944,0.6590509666080844,6.977152899824253,0.0421792618629174,0.019250253292806486,"['CIN', 'SFO', 'CAR', 'CLE', 'BUF', 'TAM', 'ATL', 'DEN', 'LAC', 'BAL', 'NOR', 'HOU', 'PIT', 'LVR', 'LVR', 'LAC', 'DEN']",17,LAC,0.03149826582967868,1.077985514569648,0.9455339935760171,0.9540296662546354,0.8437596899224806,0.9984779299847792,0.05767405348467431,15.238708346545826,16.286953685583825,0.998049726679598,649.0565243510466,0.9455339935760171,0.9540296662546354,0.7463991623602525,0.030830142388408113,1.0222895963168828,0.978319611244881,0.9286215488756759,1.0514979359954224,0.9497716894977168,0.9107373868046572,0.9332102595290368,0.8938800925102295,1.0009077107064928,1.0094037979410602,0.978319611244881,0.9286215488756759,1.1251703804129949,0.03046677272859579,1.0114040563168167,1.0096626099000214,1.0382129221794707,0.9396701665247807,0.9626645178619393,0.057900226243437755,16.678703171960603,16.549959089229354,0.9992554377937459,588.2054865810633,1.0096626099000214,1.0382129221794707,1.6588505004952525,0.0304408119756899,1.0285250027246873,0.9856521549825475,1.0355606215202795,1.0192960297768223,1.057211925866237,0.9812278966192589,0.9884394219986528,0.9089912603747243,0.9984416112746305,0.9966568053290672,0.9856521549825475,1.0355606215202795,0.9266936510297135
LAC,0.6588235294117647,30.0,7.649019607843138,0.045098039215686274,0.0058823529411764705,2.588235294117647,1.602076124567474,69.10151187904968,0.6241900647948164,0.9627450980392157,349.0020366598778,7.649019607843138,0.045098039215686274,0.027920727033833352,0.6495575221238938,33.23529411764706,6.658407079646017,0.04247787610619469,0.02654867256637168,2.7058823529411766,25.058823529411764,4.687793427230047,0.01643192488262911,0.9628318584070796,0.6495575221238938,6.658407079646017,0.04247787610619469,0.011099899091826439,"['PIT', 'ATL', 'TEN', 'DEN', 'KAN', 'BAL', 'DEN', 'CLE', 'TAM', 'CIN', 'NOR', 'CAR', 'ARI', 'KAN', 'LVR', 'LVR', 'NWE']",17,KAN,0.03081950296672113,0.9162876873842007,1.0725271463289938,0.9928815531156838,0.2707250341997264,1.0715372907153728,0.059340192807564904,15.572067158185819,17.940272958202485,1.0079029531050652,534.5322276162252,1.0725271463289938,0.9928815531156838,1.6319564517005687,0.03038604282701851,1.0151030262197518,0.9336258383894005,0.9351958607261232,1.221856349043013,1.1202435312024352,0.9281677674133587,1.056397061185867,0.4722811756383048,1.0079937829946803,0.9948636191029901,0.9336258383894005,0.9351958607261232,0.6487851091477977,0.030699180631314094,1.0282079481615787,0.9737041350512987,1.0055106717858155,1.0559913065360054,0.9970453934998657,0.05753081073745747,16.67494257473693,14.948561613745989,0.997654395968852,603.5211541401472,0.9737041350512987,1.0055106717858155,1.7120214440088386,0.030688026413465352,1.0184849415595782,0.9951990703542063,1.0244210578239519,0.9174707845767089,1.0027755394395201,0.9941725175124858,0.9773256528178124,0.970601164970175,0.9984035516911687,1.00475080597469,0.9951990703542063,1.0244210578239519,0.9578285055510887
LAR,0.6565295169946332,32.88235294117647,7.32737030411449,0.03935599284436494,0.016100178890876567,1.8235294117647058,1.5570934256055362,66.67777777777778,0.5666666666666667,0.9677996422182469,379.2107208872458,7.32737030411449,0.03935599284436494,0.020496332763990755,0.6531365313653137,31.88235294117647,7.5664206642066425,0.05350553505535055,0.023985239852398525,2.235294117647059,28.058823529411764,4.633123689727463,0.027253668763102725,0.955719557195572,0.6531365313653137,7.5664206642066425,0.05350553505535055,0.011776251226692836,"['SEA', 'SFO', 'SFO', 'DET', 'MIA', 'SEA', 'NYJ', 'LVR', 'ARI', 'CHI', 'NOR', 'GNB', 'PHI', 'NWE', 'ARI', 'BUF', 'MIN']",17,HOU,0.030712189977219067,1.0043231710740554,1.0274262539880903,0.8664642627329838,0.7409826517452262,0.7549467275494672,0.05767405348467431,15.025877224387365,16.286953685583825,1.0131945822341266,580.7999096846448,1.0274262539880903,0.8664642627329838,1.1980032772736897,0.030553467457453836,0.9737802481612486,1.0609453209644202,1.1779815634991948,1.1038788294859694,0.9254185692541856,1.0392864437938312,1.044077203041508,0.7833163074827588,1.00054787710635,1.000345236920423,1.0609453209644202,1.1779815634991948,0.6883176481386039,0.031057299715974707,0.9895272914623151,1.0316442132720822,0.9901247904281445,0.9780417308687315,0.9927477840451249,0.05840534540467607,17.16721623825734,18.230096917028078,0.9970938495062059,588.1583555364573,1.0316442132720822,0.9901247904281445,1.7544503929925146,0.03046475890890845,0.9998844071905332,0.9821695259962235,0.9074918520987216,1.0147335710382226,0.9741248097412483,0.9825095422522518,1.000504741138992,1.0250324568145357,0.999026952677657,0.9974408472914857,0.9821695259962235,0.9074918520987216,1.1063624603371958
LVR,0.6456692913385826,37.35294117647059,6.4834645669291335,0.029921259842519685,0.025196850393700787,2.9411764705882355,1.314878892733564,60.70789473684211,0.4473684210526316,0.9322834645669291,439.7804054054054,6.4834645669291335,0.029921259842519685,0.02738255033557047,0.6595365418894831,33.0,7.110516934046346,0.05169340463458111,0.017825311942959002,2.235294117647059,26.705882352941178,4.3766519823788546,0.030837004405286344,0.9536541889483066,0.6595365418894831,7.110516934046346,0.05169340463458111,0.012807881773399015,"['MIA', 'JAX', 'LAR', 'CAR', 'BAL', 'CIN', 'DEN', 'DEN', 'KAN', 'KAN', 'CLE', 'ATL', 'TAM', 'NOR', 'LAC', 'LAC', 'PIT']",17,NWE,0.030204152935608304,1.140868002919544,0.9090958197000157,0.6587485278802448,1.159641091375206,1.2176560121765603,0.048702534053724975,13.680560499585724,12.858121330724071,0.9760125073415373,673.5685614133353,0.9090958197000157,0.6587485278802448,1.6005002172758436,0.030852857407161306,1.0079164561226208,0.9970195956063379,1.1380855747175824,0.8203788915143225,0.9254185692541856,0.9891740995438142,0.9862811499247895,0.8863074045018406,0.9983856321259207,1.0101475060274814,0.9970195956063379,1.1380855747175824,0.7486160825034553,0.03081097693176799,1.0117211108799253,0.9987529013170179,1.0411549424004602,0.8967772803828827,0.9397439341033217,0.05842796268055241,16.508628106571763,15.648063722914799,1.002636361549781,593.1393234014104,0.9987529013170179,1.0411549424004602,1.6034478231421925,0.030529856684472025,1.0350774636956015,0.996615321548665,0.9968247597269839,0.9612543209019973,1.0342913421076192,0.9764858077771857,0.9835130950969235,0.8915408590558611,0.9985000572988334,0.9995722011160498,0.996615321548665,0.9968247597269839,0.8769073390144593
MIA,0.6988155668358714,34.76470588235294,6.829103214890017,0.03722504230118443,0.01692047377326565,2.5294117647058822,1.5501730103806228,68.11383928571429,0.4553571428571429,0.961082910321489,429.7235915492958,6.829103214890017,0.03722504230118443,0.042115292996665075,0.6381118881118881,33.64705882352941,6.694055944055944,0.038461538461538464,0.017482517482517484,2.0588235294117645,23.823529411764707,4.353086419753087,0.02962962962962963,0.9370629370629371,0.6381118881118881,6.694055944055944,0.038461538461538464,0.014329580348004094,"['LVR', 'GNB', 'HOU', 'TEN', 'CLE', 'LAR', 'SFO', 'NWE', 'SEA', 'NYJ', 'ARI', 'IND', 'NWE', 'JAX', 'NYJ', 'BUF', 'BUF']",17,IND,0.03269031458927802,1.0618157318511032,0.9575604402349642,0.8195491080672385,0.7787352929602959,1.0471841704718416,0.05741772435807577,15.349494546740813,13.087730640201288,1.0061627999609735,658.1655249019268,0.9575604402349642,0.8195491080672385,2.4616237262691034,0.02985062061508876,1.0276795238897312,0.9386244364811407,0.846771893125416,0.8046023743698163,0.8523592085235919,0.8824130183155171,0.9809706362493261,0.8516054214684352,0.9810161624656424,0.9773334628223268,0.9386244364811407,0.846771893125416,0.8375588168155342,0.029888186025789486,1.0012583102973374,0.9839989764534588,0.9190765052159119,1.0894214317889195,0.9612319813770256,0.05612100054116545,16.796797502725067,17.209918455726413,1.0022889686212804,569.6921868704557,0.9839989764534588,0.9190765052159119,1.7521743834958867,0.030652516158808336,0.9743086724330963,1.0008955604138625,1.046300134117788,0.9376425163538586,0.9397439341033217,1.0408244185534221,0.9890837566827971,1.0056808537204738,0.9993036710821012,1.0035881715156894,1.0008955604138625,1.046300134117788,1.034200760451305
MIN,0.6642335766423357,32.23529411764706,7.990875912408759,0.06386861313868614,0.021897810218978103,2.8823529411764706,1.5813148788927336,69.00437636761488,0.3347921225382932,0.9434306569343066,385.825918762089,7.990875912408759,0.06386861313868614,0.027831781438657527,0.6514913657770801,37.470588235294116,7.0,0.03767660910518053,0.03767660910518053,2.8823529411764706,23.058823529411764,4.051020408163265,0.030612244897959183,0.9717425431711146,0.6514913657770801,7.0,0.03767660910518053,0.014577259475218658,"['ATL', 'SEA', 'NYG', 'TEN', 'DET', 'DET', 'NYJ', 'GNB', 'HOU', 'CHI', 'GNB', 'ARI', 'IND', 'SFO', 'JAX', 'LAR', 'CHI']",17,CHI,0.031072582826849313,0.9845601033069451,1.1204614157632606,1.406135807927242,1.007808521473434,1.1933028919330289,0.05857120542776925,15.550177612409238,9.622489048375563,0.9876825621969633,590.9317601746983,1.1204614157632606,1.406135807927242,1.62675761365736,0.030476507264832024,1.1444612879681095,0.9815231767225091,0.82949083408204,1.7340002190500527,1.1933028919330289,0.854088649826377,0.9128998793183458,0.8798474379967252,1.0173224261694425,0.9978254979667704,0.9815231767225091,0.82949083408204,0.8520355727080142,0.030364727609753363,0.9866738003943366,1.023312317572437,0.9714761925874328,1.1015044119138035,0.9841525651356432,0.058887847290038056,16.999851989129404,18.106687884328135,1.0007547652951931,571.6576818923073,1.023312317572437,0.9714761925874328,1.6957573502691896,0.03067510212068399,0.9803327091321624,1.0171150367320796,0.9641230290090995,1.0358294793904352,0.9669621273166802,1.0107057461780926,1.0003502302400917,1.0528478808999968,0.9992600113299633,1.004327654175556,1.0171150367320796,0.9641230290090995,1.046357338919237
NOR,0.617059891107078,32.411764705882355,6.769509981851179,0.038112522686025406,0.021778584392014518,2.176470588235294,1.5363321799307958,74.81531531531532,0.5743243243243243,0.9382940108892922,362.3597678916828,6.769509981851179,0.038112522686025406,0.025991234328814596,0.6192893401015228,34.76470588235294,7.267343485617597,0.032148900169204735,0.023688663282571912,2.2941176470588234,28.764705882352942,4.916155419222904,0.0408997955010225,0.9543147208121827,0.6192893401015228,7.267343485617597,0.032148900169204735,0.011111111111111112,"['DAL', 'ATL', 'WAS', 'CLE', 'LAR', 'CAR', 'KAN', 'TAM', 'LAC', 'TAM', 'ATL', 'PHI', 'GNB', 'DEN', 'LVR', 'CAR', 'NYG']",17,ARI,0.028865816558797015,0.9899500308797934,0.9492044203201864,0.8390879376524085,1.002321360739459,0.9010654490106544,0.05690506610487866,16.859676190444596,16.50704765430793,0.9823049801886313,554.9909558791609,0.9492044203201864,0.8390879376524085,1.5191782971543466,0.028970109297035723,1.0618157318511032,1.0190094377624308,0.707792411512615,1.0902294101444143,0.9497716894977168,1.0654320147068836,1.1078585730832355,1.1755289560147113,0.9990771464401215,0.9485048100909985,1.0190094377624308,0.707792411512615,0.6494404476418865,0.03063712372906638,1.011298371462447,0.9920145407628193,0.9933355953948952,1.0766765588132285,0.96696212731668,0.059536209198493215,16.95244287413759,16.830411046484784,1.0043165100060487,587.4893529283429,0.9920145407628193,0.9933355953948952,1.705133612081427,0.030990460406736482,0.9985105040837288,1.0032584949615662,1.0937996222452047,0.8798866489553882,1.0156683678037426,1.0101930879248955,1.0139285781652463,0.9244377876959572,0.9985340246796788,1.0146527395301164,1.0032584949615662,1.0937996222452047,1.0081520062997216
NWE,0.6465028355387523,31.11764705882353,6.319470699432892,0.034026465028355386,0.020793950850661626,3.0588235294117645,1.5432525951557092,75.05156950672647,0.4192825112107623,0.945179584120983,361.836,6.319470699432892,0.034026465028355386,0.04682699438499841,0.649155722326454,31.352941176470587,7.033771106941838,0.05065666041275797,0.013133208255159476,1.6470588235294117,29.823529411764707,4.404339250493097,0.03155818540433925,0.9606003752345216,0.649155722326454,7.033771106941838,0.05065666041275797,0.01826923076923077,"['CIN', 'NYJ', 'ARI', 'IND', 'TEN', 'MIA', 'SFO', 'SEA', 'CHI', 'BUF', 'LAR', 'BUF', 'MIA', 'NYJ', 'HOU', 'JAX', 'LAC']",17,LVR,0.03024314580213959,0.9504238953455729,0.8861009937303127,0.7491290094190826,0.9570053193827758,1.2663622526636225,0.05716139523147721,16.912916214215663,12.050885013997,0.9895135233514859,554.1887519133202,0.8861009937303127,0.7491290094190826,2.7370209775605723,0.030367246792122368,0.9576104654427039,0.9862584801749361,1.115260542165182,0.6044330031851303,0.6818873668188736,1.1046503710764621,0.9925204924048256,0.9070353601438955,1.005657631417273,0.9942482217178151,0.9862584801749361,1.115260542165182,1.067829966795794,0.03045611901142017,1.009396044083795,0.9997661973046185,0.9652598747189853,0.9306397025323989,0.9669621273166802,0.05597775779394861,16.568081659158814,17.48493425778613,1.0040573959912045,585.1812879900579,0.9997661973046185,0.9652598747189853,1.7426623510033197,0.030571448883316695,0.9829748304914016,0.9938998606140407,0.9957394209423607,1.0122340113701085,0.9569343719222848,1.0174984680329544,1.001448699642535,0.9873033821264471,0.9976454139568067,1.0009339633469734,0.9938998606140407,0.9957394209423607,0.9881891056268212
NYG,0.6192893401015228,34.76470588235294,5.957698815566836,0.025380710659898477,0.021996615905245348,2.823529411764706,1.467128027681661,71.48820754716981,0.5212264150943396,0.937394247038917,390.44404332129966,5.957698815566836,0.025380710659898477,0.032470633177346955,0.6938369781312127,29.58823529411765,7.691848906560637,0.04572564612326044,0.009940357852882704,2.6470588235294117,29.58823529411765,4.604373757455268,0.03578528827037773,0.9642147117296223,0.6938369781312127,7.691848906560637,0.04572564612326044,0.018886679920477135,"['DAL', 'DAL', 'SEA', 'PHI', 'BAL', 'CAR', 'PHI', 'CLE', 'MIN', 'ATL', 'PIT', 'WAS', 'IND', 'TAM', 'CIN', 'WAS', 'NOR']",17,WAS,0.028970109297035723,1.0618157318511032,0.8353742096301559,0.5587834827731172,1.0123558808483848,1.1689497716894977,0.05434177483889314,16.109910458852962,14.980924380607764,0.9813630126379916,598.00488912165,0.8353742096301559,0.5587834827731172,1.8978968291320526,0.03245741818758102,0.9037111897142216,1.078532567662422,1.0066989902365782,0.45748763234546214,1.095890410958904,1.0959351807721114,1.0375983885559505,1.0285294106204261,1.009441499477829,1.0626821237849366,1.078532567662422,1.0066989902365782,1.103919647582133,0.03064344785406116,0.9924864673846631,1.0219163953325303,1.0859578981841316,1.004834346521952,1.0500492434416688,0.06165469403891066,17.469069631892197,16.715757531309904,1.0000252143892476,578.9433066514135,1.0219163953325303,1.0859578981841316,1.83583914936883,0.030435286470575945,1.0009412557342288,0.9998958542766698,1.0491268422981537,1.0066006631556053,1.0328588056227055,1.0048101762663257,1.0068790225450837,1.0150860360990164,1.0020436593523765,0.9964758958224782,0.9998958542766698,1.0491268422981537,1.0586272287248304
NYJ,0.6342668863261944,35.705882352941174,6.616144975288303,0.051070840197693576,0.018121911037891267,2.3529411764705883,1.2560553633217992,73.10468319559229,0.3746556473829201,0.9703459637561779,396.76570458404075,6.616144975288303,0.051070840197693576,0.0254633963677214,0.6276391554702495,30.647058823529413,6.886756238003839,0.0345489443378119,0.013435700575815739,2.5294117647058822,29.647058823529413,4.0853174603174605,0.04365079365079365,0.946257197696737,0.6276391554702495,6.886756238003839,0.0345489443378119,0.018536585365853658,"['NWE', 'SEA', 'DEN', 'SFO', 'PIT', 'HOU', 'TEN', 'LAR', 'MIA', 'MIN', 'BUF', 'JAX', 'IND', 'ARI', 'MIA', 'BUF', 'NWE']",17,PIT,0.02967075295910653,1.0905620122396271,0.9276999476859488,1.124379152980371,0.8340293475345771,0.974124809741248,0.04652373647763728,16.474184216001227,10.768233841708314,1.0158603397673123,607.687158340902,0.9276999476859488,1.124379152980371,1.4883263581982196,0.029360710342747936,0.936050755151311,0.9656444085770121,0.7606319500627537,0.61835468464045,1.0471841704718416,1.098113978348199,0.9206287405972096,1.254597272699034,0.9906416827235986,0.9612934042549328,0.9656444085770121,0.7606319500627537,1.0834567467976837,0.0304805666246638,0.981178187967119,0.9984391058915272,0.9369121932421062,1.0071602537342752,0.9469066165278894,0.05856366633581048,16.62681771051161,16.95073601407306,0.9991966017968735,571.8449985136824,0.9984391058915272,0.9369121932421062,1.8813808947181452,0.03072142235527447,1.0049572802002729,0.9912101758282422,1.0178635737990414,1.0567364730691526,0.9569343719222846,0.997504796158267,0.9846437740406775,0.9274020373265968,1.0014446668292871,1.0058442161209438,0.9912101758282422,1.0178635737990414,1.0162193299000815
PHI,0.6763392857142857,26.352941176470587,7.850446428571429,0.05357142857142857,0.013392857142857142,2.6470588235294117,2.1487889273356404,83.43961352657004,0.7938808373590982,0.9330357142857143,324.7464114832536,7.850446428571429,0.05357142857142857,0.02889401481121768,0.6217712177121771,31.88235294117647,6.025830258302583,0.04059040590405904,0.023985239852398525,2.411764705882353,24.470588235294116,4.257211538461538,0.021634615384615384,0.966789667896679,0.6217712177121771,6.025830258302583,0.04059040590405904,0.029227557411273485,"['DAL', 'CLE', 'NYG', 'TAM', 'NYG', 'DAL', 'JAX', 'ATL', 'WAS', 'NOR', 'LAR', 'CIN', 'CAR', 'GNB', 'WAS', 'PIT', 'BAL']",17,DAL,0.03163888308784689,0.8048958508786704,1.1007707310373294,1.1794322797104007,0.6163828903654485,1.095890410958904,0.07959019380885057,18.803166966347533,22.817471346953184,0.9768000415648538,497.38226287111786,1.1007707310373294,1.1794322797104007,1.6888447721851656,0.029086210545655206,0.9737802481612486,0.8449274367885384,0.8936411861028375,1.1038788294859694,0.9984779299847792,0.9063797916524816,0.9593651742318196,0.6218152566611471,1.0121372347562305,0.952306058876222,0.8449274367885384,0.8936411861028375,1.708340217179075,0.030339644408784405,1.0153143959284907,0.9904251175691887,1.0056123065866278,0.9989553785278656,0.9870176381054705,0.059091402772925135,17.115501435919253,15.910441054297394,1.002440647533588,585.2275307081328,0.9904251175691887,1.0056123065866278,1.8270546286127385,0.030834849090927832,0.9859340064137496,1.0356788789200662,1.0770637917444406,0.8616200749401697,1.0256961231981374,1.032237392812371,1.0185406502156558,1.0731656206364109,1.0003262077728148,1.0095578991884473,1.0356788789200662,1.0770637917444406,0.9581399037414218
PIT,0.6432865731462926,29.352941176470587,7.228456913827655,0.04208416833667335,0.012024048096192385,2.8823529411764706,1.8442906574394462,69.0844277673546,0.44652908067542213,0.9218436873747495,348.21521739130435,7.228456913827655,0.04208416833667335,0.03582519964507542,0.6563573883161512,34.23529411764706,7.132302405498282,0.03951890034364261,0.029209621993127148,2.3529411764705883,24.235294117647058,4.072815533980583,0.03398058252427184,0.9604810996563574,0.6563573883161512,7.132302405498282,0.03951890034364261,0.022132796780684104,"['LAC', 'CIN', 'NYJ', 'BAL', 'DEN', 'KAN', 'NYG', 'CIN', 'IND', 'ATL', 'BAL', 'DAL', 'CLE', 'WAS', 'PHI', 'CLE', 'LVR']",17,NYJ,0.030092690325185585,0.8965246196170905,1.0135568561231292,0.926527963219393,0.5533858414503425,1.1933028919330289,0.06831171223851425,15.56821724336602,12.83399727569457,0.9650830491877779,533.3271336276998,1.0135568561231292,0.926527963219393,2.0939700324921957,0.030704137866023416,1.0456459491325585,1.0000743020557525,0.8700508455137436,1.3443219052185726,0.974124809741248,0.8976646013481309,0.9178114239968824,0.9766591302034845,1.005532761181413,1.0052783079627627,1.0000743020557525,0.8700508455137436,1.293654010393295,0.03039773409340202,1.0330694514625791,0.9976752481537275,1.0751660412847432,0.9423779077095533,1.031426269137792,0.05848827541622265,16.974288737898913,15.365960387217887,1.0021262431695201,597.0812508223325,0.9976752481537275,1.0751660412847432,1.6888232744020926,0.03042176439375069,0.9951285887439025,0.998820864093004,1.0358534709884855,0.9079279171593229,1.0586444623511506,1.0004525811141507,0.9720049402846217,0.9905349733522316,0.9987648693662086,0.9960331720902454,0.998820864093004,1.0358534709884855,0.9795343946444026
SEA,0.6964586846543002,34.88235294117647,7.3844856661045535,0.03541315345699832,0.026981450252951095,3.176470588235294,1.3252595155709344,72.21671018276761,0.7545691906005222,0.9595278246205734,430.4200351493849,7.3844856661045535,0.03541315345699832,0.022744648318042814,0.6520210896309314,33.470588235294116,6.906854130052724,0.04569420035149385,0.022847100175746926,2.6470588235294117,26.529411764705884,4.55210643015521,0.024390243902439025,0.9648506151142355,0.6520210896309314,6.906854130052724,0.04569420035149385,0.018627450980392157,"['LAR', 'NYJ', 'NYG', 'LAR', 'MIN', 'ARI', 'ATL', 'MIA', 'BUF', 'SFO', 'NWE', 'DEN', 'GNB', 'ARI', 'CHI', 'DET', 'SFO']",17,SFO,0.032580060577172526,1.0654090168996688,1.0354348327795393,0.7796584378524067,1.2417741872230283,1.3150684931506849,0.049087027743622814,16.274078964837326,21.687588458610314,1.0045347724867475,659.2321993331923,1.0354348327795393,0.7796584378524067,1.3294165126614303,0.03050128753626509,1.0222895963168828,0.9684624866983331,1.006006677948649,1.0514979359954224,1.095890410958904,0.9826377068155512,1.0258199149920149,0.70101665791609,1.0101072301063687,0.9986368240963556,0.9684624866983331,1.006006677948649,1.0887678092819861,0.030827357627806633,0.9914296188409675,1.0240777839952964,0.9925334019657079,0.9642555441256372,0.8867400841615184,0.05892554274983195,17.0083531686001,17.19970060264633,1.001879094286626,582.0447940716448,1.0240777839952964,0.9925334019657079,1.7595535898878145,0.0308581135941903,0.9934376310739893,1.001305973944674,0.948989247594521,0.9937013304048198,0.9841525651356434,0.9925063781895953,0.9946737454929859,1.017835362906978,0.9979989550244542,1.0103195978421384,1.001305973944674,0.948989247594521,1.057942440899031
SFO,0.6547842401500938,31.352941176470587,8.300187617260788,0.043151969981238276,0.0300187617260788,2.1176470588235294,1.5813148788927336,80.4617067833698,0.6323851203501094,0.9624765478424016,362.6062378167641,8.300187617260788,0.043151969981238276,0.041080058835889895,0.6550387596899225,30.352941176470587,6.736434108527132,0.04844961240310078,0.02131782945736434,2.176470588235294,28.0,4.449579831932773,0.05042016806722689,0.9554263565891473,0.6550387596899225,6.736434108527132,0.04844961240310078,0.019153225806451613,"['CHI', 'KAN', 'LAR', 'LAR', 'NYJ', 'MIA', 'GNB', 'ARI', 'TAM', 'SEA', 'NWE', 'DAL', 'ARI', 'MIN', 'DET', 'BUF', 'SEA']",17,SEA,0.03063054661979973,0.9576104654427039,1.1638323596409488,0.9500367581407106,1.3815611501374405,0.8767123287671232,0.05857120542776925,18.132093895224358,18.175812646931618,1.0076218064786349,555.3684497166038,1.1638323596409488,0.9500367581407106,2.4011146619581827,0.03064245294275672,0.9270675425298972,0.9445666008547735,1.0666700204099233,0.9811159185145123,0.9010654490106544,1.0371076462177435,1.0027154845735513,1.4491604861122533,1.0002409238352614,1.0032586936827939,0.9445666008547735,1.0666700204099233,1.119499158737526,0.031269445457688894,1.0134120685498385,1.015212416916196,1.0186767458260009,0.9242403105752173,0.9597994448921121,0.05767405348467431,16.874451905189268,17.250454256707787,1.0046566899863685,601.8071089258215,1.015212416916196,1.0186767458260009,1.6466105507893505,0.030739333434656832,1.0071766621420337,1.0087245963139475,0.9403903857473808,1.0125256513610887,1.0042080759244338,0.9737943519479009,1.0014244493419273,0.985609531991098,0.9977769694400851,1.0064306393468248,1.0087245963139475,0.9403903857473808,1.0790432218362842
TAM,0.7145359019264448,33.588235294117645,7.889667250437828,0.07180385288966724,0.028021015761821366,2.3529411764705883,1.6712802768166088,89.25879917184265,0.5631469979296067,0.9859894921190894,413.797513321492,7.889667250437828,0.07180385288966724,0.04003925417075564,0.6634920634920635,37.05882352941177,7.085714285714285,0.04285714285714286,0.011111111111111112,2.7058823529411766,22.88235294117647,4.275064267352185,0.033419023136246784,0.9349206349206349,0.6634920634920635,7.085714285714285,0.04285714285714286,0.021589793915603533,"['PHI', 'DET', 'KAN', 'CAR', 'ATL', 'LAC', 'BAL', 'SFO', 'NOR', 'NOR', 'CAR', 'WAS', 'DAL', 'DEN', 'NYG', 'LVR', 'ATL']",17,ATL,0.033425705619398574,1.0258828813654481,1.1062701804190402,1.5808385955721425,1.2896183765731275,0.974124809741248,0.06190348407355043,20.114523942628242,16.185792482567777,1.0322376326416918,633.7731111676923,1.1062701804190402,1.5808385955721425,2.340280003671253,0.03103789513626989,1.1318847902981304,0.99354182786605,0.9435458237683206,0.5113695090439276,1.1202435312024352,0.847552257098114,0.9633882973977589,0.9605189683014805,0.9787733749821566,1.0162057909413658,0.99354182786605,0.9435458237683206,1.2619156882541072,0.030509227224964963,0.9924864673846631,1.0083896760298687,1.0010388273953512,1.0058488671384747,0.9211209597994449,0.06029011839437131,17.103270156931693,17.784848485173494,0.9967349501266694,578.8245287485942,1.0083896760298687,1.0010388273953512,1.6605752559340612,0.030621288453493916,1.0043231710740554,0.9975312101730929,1.035064891003491,0.9611066442536763,1.0013430029546062,1.0149351767669685,1.0232090090758676,0.9965316084396832,1.0021577675257904,1.0025657511859924,0.9975312101730929,1.035064891003491,0.9548826428338202
TEN,0.6339622641509434,31.176470588235293,6.832075471698113,0.04150943396226415,0.03962264150943396,3.0588235294117645,1.5570934256055362,70.07777777777778,0.41555555555555557,0.9566037735849057,351.2426035502959,6.832075471698113,0.04150943396226415,0.044926004228329805,0.6638477801268499,27.823529411764707,6.799154334038055,0.05708245243128964,0.023255813953488372,1.8823529411764706,29.58823529411765,4.526838966202783,0.041749502982107355,0.9661733615221987,0.6638477801268499,6.799154334038055,0.05708245243128964,0.015368852459016393,"['HOU', 'LAC', 'CHI', 'DET', 'HOU', 'MIA', 'JAX', 'BUF', 'NWE', 'NYJ', 'MIN', 'CIN', 'GNB', 'IND', 'WAS', 'JAX', 'IND']",17,DEN,0.02965650285476939,0.9522205378698556,0.9579772029412953,0.9138745714485621,1.8235629662132513,1.2663622526636225,0.05767405348467431,15.792069264157828,11.943766036094804,1.001473567937504,537.9638844126167,0.9579772029412953,0.9138745714485621,2.625908786712701,0.03105453541912515,0.8498119139857392,0.9533610801388068,1.2567312240466004,1.0703082747431043,0.7792998477929984,1.0959351807721114,1.0201258768315629,1.1999509790571639,1.0114920203416142,1.0167506072610992,0.9533610801388068,1.2567312240466004,0.8983038978653142,0.030166407056015972,0.9866738003943364,1.0110927100959215,1.026320177154597,0.9592775447896632,1.0013430029546064,0.05845057995642876,16.785307210151363,17.59896245778779,1.0008807514196685,568.4709223239796,1.0110927100959215,1.026320177154597,1.7205209058237434,0.030287339768182743,1.0051686499090118,1.0074307572033943,0.9972412778556311,1.089487913472023,0.9726922732563343,1.011987391811085,0.9875746315464592,0.9673568305029484,1.0008037022557943,0.9916320011233505,1.0074307572033943,0.9972412778556311,0.9548648621436894
WAS,0.6952380952380952,30.88235294117647,7.48952380952381,0.05523809523809524,0.017142857142857144,2.9411764705882355,1.820069204152249,84.6444866920152,0.8079847908745247,0.96,380.20833333333337,7.48952380952381,0.05523809523809524,0.030578774732832503,0.6189516129032258,29.176470588235293,7.040322580645161,0.05040322580645161,0.014112903225806451,2.5294117647058822,28.823529411764707,4.7693877551020405,0.036734693877551024,0.9596774193548387,0.6189516129032258,7.040322580645161,0.05040322580645161,0.016227180527383367,"['DAL', 'CIN', 'NOR', 'DAL', 'BAL', 'TEN', 'PHI', 'ARI', 'TAM', 'NYG', 'CAR', 'PIT', 'CLE', 'PHI', 'ATL', 'NYG', 'CHI']",17,NYG,0.032522961889201465,0.943237325248442,1.050163028808954,1.2161257284125022,0.7889700996677741,1.2176560121765603,0.06741456029541931,19.07468585702316,23.222842707581496,1.005029095397637,582.3278549316365,1.050163028808954,1.2161257284125022,1.7873183835748032,0.028954310552872547,0.8911346920442422,0.9871771120722931,1.1096809083296781,0.6495217554388597,1.0471841704718416,1.0676108122829713,1.074784391922909,1.0558169255960703,1.0046913840080547,0.9479875464287001,0.9871771120722931,1.1096809083296781,0.94847286471026,0.030286989185317012,1.0048515953459032,0.9786955726757977,0.979162175587346,0.994111414082564,1.0658071447757185,0.060177032014989605,17.21772338010885,15.432292214118116,0.9965539505832413,580.885571427302,0.9786955726757977,0.979162175587346,1.9159913114068838,0.030845592387722182,0.9774792180641839,1.0143911234245917,1.030630970685126,0.9080448148843454,1.0142358313188289,1.0182674554127498,1.017114845976264,1.067322673257545,1.000614937387163,1.009909643414926,1.0143911234245917,1.030630970685126,1.086009477015164
