,name,pass_cmp,pass_att,pass_yd,pass_td,pass_int,sacks,rush_att,rush_yd,rush_td,tar,rec,rec_yd,rec_td,fum,g,team
0,A.J. Brown,0.0,0.0,0.0,0.0,0.0,0.0,0.0,0.0,0.0,8.01851851851852,5.4259259259259265,74.33333333333334,0.5925925925925927,0.0,9,PHI
1,AJ Barner,0.0,0.0,0.0,0.0,0.0,0.0,0.0,0.0,0.0,2.707317073170732,1.853658536585366,13.195121951219514,0.3658536585365854,0.0,7,SEA
2,Aaron Jones,0.0,0.0,0.0,0.0,0.0,0.0,15.000000000000002,64.48148148148148,0.3703703703703704,3.6666666666666665,2.740740740740741,18.75925925925926,0.11111111111111112,0.38888888888888884,9,MIN
3,Aaron Rodgers,20.673469387755098,32.44897959183673,221.0204081632653,1.3469387755102038,0.5306122448979592,2.346938775510204,1.5306122448979593,9.714285714285712,0.0,0.0,0.0,0.0,0.0,0.32653061224489793,8,PIT
4,Adam Thielen,0.0,0.0,0.0,0.0,0.0,0.0,0.0,0.0,0.0,7.266666666666666,5.800000000000001,77.51111111111112,0.7777777777777778,0.0,6,MIN
5,Adam Trautman,0.0,0.0,0.0,0.0,0.0,0.0,0.0,0.0,0.0,1.7021276595744683,0.9574468085106385,8.085106382978724,0.17021276595744683,0.0,8,DEN
6,Adonai Mitchell,0.0,0.0,0.0,0.0,0.0,0.0,0.2553191489361702,-1.5319148936170213,0.0,2.8936170212765955,1.2340425531914894,20.914893617021274,0.0,0.23404255319148937,8,IND
7,Alec Ingold,0.0,0.0,0.0,0.0,0.0,0.0,0.6,2.4,0.0,0.7999999999999999,0.7999999999999999,6.0,0.0,0.0,2,MIA
8,Alec Pierce,0.0,0.0,0.0,0.0,0.0,0.0,0.0,0.0,0.0,5.81578947368421,2.81578947368421,56.10526315789473,0.49999999999999994,0.0,7,IND
9,Allen Lazard,0.0,0.0,0.0,0.0,0.0,0.0,0.0,0.0,0.0,3.3529411764705874,1.0294117647058822,11.647058823529411,0.0,0.0,4,NYJ
10,Alvin Kamara,0.0,0.0,0.0,0.0,0.0,0.0,15.666666666666664,60.633333333333326,0.0,5.433333333333333,4.466666666666666,37.36666666666667,0.26666666666666666,0.0,6,NOR
11,Amon-Ra St. Brown,0.0,0.0,0.0,0.0,0.0,0.0,0.20370370370370366,1.0,0.0,9.574074074074074,7.722222222222222,88.12962962962962,0.7407407407407407,0.14814814814814814,9,DET
12,Andrei Iosivas,0.0,0.0,0.0,0.0,0.0,0.0,0.0,0.0,0.0,3.8775510204081636,2.6734693877551017,38.673469387755105,0.34693877551020413,0.0,8,CIN
13,Andrew Beck,0.0,0.0,0.0,0.0,0.0,0.0,0.0,0.0,0.0,1.0,0.0,0.0,0.0,0.0,1,NYJ
14,Andrew Ogletree,0.0,0.0,0.0,0.0,0.0,0.0,0.0,0.0,0.0,1.2222222222222223,0.48148148148148145,6.296296296296297,0.0,0.0,5,IND
15,Anthony Gould,0.0,0.0,0.0,0.0,0.0,0.0,0.0,0.0,0.0,1.0,1.0,23.0,0.0,0.0,1,IND
16,Anthony Richardson,12.6875,25.218750000000004,161.15625,0.7812500000000001,1.15625,1.03125,8.781250000000002,53.71875,0.96875,0.25000000000000006,0.25000000000000006,-0.25000000000000006,0.0,0.40625,5,IND
17,Antonio Gibson,0.0,0.0,0.0,0.0,0.0,0.0,7.893617021276597,38.74468085106383,0.12765957446808512,1.2765957446808514,0.9574468085106385,8.978723404255321,0.0,0.1914893617021277,8,NWE
18,Ashton Dulin,0.0,0.0,0.0,0.0,0.0,0.0,0.7,5.5,0.0,0.9,0.0,0.0,0.0,0.0,3,IND
19,Austin Ekeler,0.0,0.0,0.0,0.0,0.0,0.0,8.142857142857144,25.285714285714285,0.5714285714285714,4.642857142857143,3.642857142857143,33.5,0.0,0.6428571428571429,4,WAS
20,Austin Hooper,0.0,0.0,0.0,0.0,0.0,0.0,0.0,0.0,0.0,3.6808510638297878,3.4255319148936176,40.08510638297873,0.23404255319148942,0.12765957446808512,8,NWE
21,Baker Mayfield,23.94,32.46,286.28000000000003,2.6799999999999997,0.86,2.5199999999999996,2.44,18.48,0.1,0.0,0.0,0.0,0.0,0.9399999999999998,8,TAM
22,Ben Sinnott,0.0,0.0,0.0,0.0,0.0,0.0,0.0,0.0,0.0,1.0,1.0,6.125000000000001,0.0,0.0,3,WAS
23,Ben Skowronek,0.0,0.0,0.0,0.0,0.0,0.0,0.0,0.0,0.0,1.333333333333333,1.333333333333333,19.074074074074073,0.0,0.0,4,PIT
24,Bijan Robinson,0.0,0.0,0.0,0.0,0.0,0.0,20.408163265306122,95.14285714285714,1.1632653061224487,3.5918367346938767,2.9591836734693873,16.653061224489793,0.0,0.2040816326530612,8,ATL
25,Blake Corum,0.0,0.0,0.0,0.0,0.0,0.0,4.37037037037037,13.83333333333333,0.0,0.5740740740740741,0.4259259259259259,3.1296296296296293,0.0,0.0,9,LAR
26,Blake Whiteheart,0.0,0.0,0.0,0.0,0.0,0.0,0.0,0.0,0.0,1.0,0.4166666666666667,6.250000000000001,0.0,0.0,5,CLE
27,Bo Nix,23.617021276595747,34.93617021276596,235.00000000000003,2.340425531914894,1.0212765957446812,1.4680851063829787,4.531914893617022,17.978723404255323,0.0,0.0425531914893617,0.0425531914893617,0.0851063829787234,0.0425531914893617,0.46808510638297873,8,DEN
28,Braelon Allen,0.0,0.0,0.0,0.0,0.0,0.0,4.857142857142857,17.04081632653061,0.0,1.2448979591836735,1.0612244897959182,8.734693877551019,0.0,0.0,8,NYJ
29,Brandin Cooks,0.0,0.0,0.0,0.0,0.0,0.0,0.0,0.0,0.0,5.25,2.900000000000001,33.52500000000001,0.325,0.0,5,NOR
30,Brandon Allen,7.083333333333334,12.666666666666666,82.91666666666667,0.4166666666666667,1.0,0.8333333333333334,0.8333333333333334,2.0833333333333335,0.0,0.0,0.0,0.0,0.0,0.8333333333333334,2,TEN
31,Breece Hall,0.0,0.0,0.0,0.0,0.0,0.0,11.761904761904761,50.8095238095238,0.2857142857142857,3.19047619047619,2.7380952380952377,20.88095238095238,0.09523809523809522,0.3333333333333333,7,NYJ
32,Brenton Strange,0.0,0.0,0.0,0.0,0.0,0.0,0.0,0.0,0.0,3.7021276595744674,2.74468085106383,23.659574468085108,0.0,0.19148936170212766,7,JAX
33,Brevyn Spann-Ford,0.0,0.0,0.0,0.0,0.0,0.0,0.0,0.0,0.0,2.235294117647059,1.9999999999999998,17.88235294117647,0.0,0.0,3,DAL
34,Brian Robinson Jr.,0.0,0.0,0.0,0.0,0.0,0.0,13.642857142857144,54.07142857142858,0.2380952380952381,2.1666666666666674,1.8333333333333337,13.000000000000002,0.0,0.42857142857142866,6,SFO
35,Brian Thomas,0.0,0.0,0.0,0.0,0.0,0.0,0.4081632653061224,5.346938775510204,0.0,10.57142857142857,6.959183673469387,89.87755102040815,0.8367346938775508,0.0,8,JAX
36,Brock Bowers,0.0,0.0,0.0,0.0,0.0,0.0,0.5294117647058824,0.21568627450980396,0.0,9.490196078431374,6.980392156862746,76.62745098039217,0.2352941176470588,0.0,8,LVR
37,Brock Purdy,20.872340425531917,31.085106382978726,260.78723404255317,1.5319148936170213,0.8723404255319149,2.276595744680851,3.2553191489361706,14.68085106382979,0.29787234042553196,0.0,0.0,0.0,0.0,0.19148936170212766,7,SFO
38,Brock Wright,0.0,0.0,0.0,0.0,0.0,0.0,0.0,0.0,0.0,1.2083333333333335,0.9166666666666667,9.166666666666668,0.16666666666666666,0.0,5,DET
39,Bryce Oliver,0.0,0.0,0.0,0.0,0.0,0.0,0.0,0.0,0.0,1.4999999999999998,1.1363636363636362,17.136363636363633,0.0,0.0,4,TEN
40,Bryce Young,18.52,31.080000000000002,207.28000000000003,1.3800000000000001,0.5,3.06,3.7,26.02,0.45999999999999996,0.0,0.0,0.0,0.0,0.82,8,CAR
41,Bucky Irving,0.0,0.0,0.0,0.0,0.0,0.0,15.1,86.35999999999999,0.45999999999999996,3.06,3.06,32.78,0.0,0.1,8,TAM
42,C.J. Stroud,19.65957446808511,32.61702127659575,210.36170212765958,1.1276595744680855,1.021276595744681,3.4893617021276597,3.2340425531914896,14.425531914893616,0.0,0.0425531914893617,0.0,0.0,0.0,0.2765957446808511,8,HOU
43,Cade Otton,0.0,0.0,0.0,0.0,0.0,0.0,0.0,0.0,0.0,5.000000000000001,3.1290322580645165,39.06451612903226,0.06451612903225806,0.0,6,TAM
44,Caleb Williams,20.75925925925926,33.592592592592595,215.66666666666666,1.2592592592592593,0.1851851851851852,4.611111111111112,4.962962962962964,30.05555555555556,0.0,0.0,0.0,0.0,0.0,0.7962962962962964,9,CHI
45,Calvin Austin III,0.0,0.0,0.0,0.0,0.0,0.0,0.0,0.0,0.0,4.153846153846155,3.0769230769230775,39.673076923076934,0.2115384615384616,0.0,8,PIT
46,Calvin Ridley,0.0,0.0,0.0,0.0,0.0,0.0,0.3333333333333333,4.111111111111112,0.0,6.814814814814814,4.222222222222221,67.55555555555554,0.27777777777777773,0.0,9,TEN
47,Cam Grandy,0.0,0.0,0.0,0.0,0.0,0.0,0.0,0.0,0.0,1.380952380952381,1.380952380952381,7.904761904761905,0.0,0.0,3,CIN
48,Casey Washington,0.0,0.0,0.0,0.0,0.0,0.0,0.0,0.0,0.0,1.0,0.0,0.0,0.0,0.0,1,ATL
49,Cedric Tillman,0.0,0.0,0.0,0.0,0.0,0.0,0.0,0.0,0.0,6.727272727272727,3.090909090909091,43.45454545454546,0.1818181818181818,0.4545454545454546,3,CLE
50,CeeDee Lamb,0.0,0.0,0.0,0.0,0.0,0.0,0.5227272727272726,2.34090909090909,0.0,9.613636363636362,6.931818181818181,82.31818181818181,0.3409090909090909,0.0,8,DAL
51,Charlie Kolar,0.0,0.0,0.0,0.0,0.0,0.0,0.0,0.0,0.0,1.0,1.0,5.249999999999999,0.0,0.0,2,BAL
52,Charlie Woerner,0.0,0.0,0.0,0.0,0.0,0.0,0.0,0.0,0.0,1.5813953488372092,0.9069767441860466,5.186046511627907,0.0,0.0,6,ATL
53,Chase Brown,0.0,0.0,0.0,0.0,0.0,0.0,18.63265306122449,77.57142857142858,0.34693877551020413,4.816326530612246,4.244897959183674,33.12244897959184,0.34693877551020413,0.06122448979591836,8,CIN
54,Chigoziem Okonkwo,0.0,0.0,0.0,0.0,0.0,0.0,0.18518518518518517,3.148148148148148,0.0,6.388888888888888,4.7407407407407405,44.129629629629626,0.09259259259259259,0.0,9,TEN
55,Chris Brooks,0.0,0.0,0.0,0.0,0.0,0.0,2.7073170731707314,12.80487804878049,0.21951219512195125,1.2195121951219514,1.170731707317073,6.804878048780488,0.0,0.0,7,GNB
56,Chris Manhertz,0.0,0.0,0.0,0.0,0.0,0.0,0.0,0.0,0.0,1.0,1.0,10.333333333333334,0.16666666666666663,0.0,2,NYG
57,Chris Olave,0.0,0.0,0.0,0.0,0.0,0.0,0.0,0.0,0.0,1.0,1.0,13.000000000000002,0.0,0.0,1,NOR
58,Chris Rodriguez,0.0,0.0,0.0,0.0,0.0,0.0,5.026315789473684,23.710526315789473,0.4210526315789474,0.2631578947368421,0.2631578947368421,3.1578947368421053,0.0,0.0,6,WAS
59,Christian McCaffrey,0.0,0.0,0.0,0.0,0.0,0.0,11.777777777777777,50.333333333333336,0.0,4.388888888888888,3.388888888888889,32.27777777777777,0.0,0.2777777777777778,4,SFO
60,Chuba Hubbard,0.0,0.0,0.0,0.0,0.0,0.0,18.825,85.475,0.9249999999999999,4.025,2.9250000000000003,10.4,0.0,0.22499999999999998,7,CAR
61,Cody White,0.0,0.0,0.0,0.0,0.0,0.0,0.0,0.0,0.0,3.0,2.0,43.99999999999999,0.0,0.0,1,SEA
62,Colby Parkinson,0.0,0.0,0.0,0.0,0.0,0.0,0.0,0.0,0.0,1.7551020408163263,0.7755102040816325,9.16326530612245,0.08163265306122447,0.0,7,LAR
63,Cole Kmet,0.0,0.0,0.0,0.0,0.0,0.0,0.0,0.0,0.0,3.3714285714285714,2.7714285714285714,25.02857142857143,0.2571428571428572,0.0,6,CHI
64,Connor Heyward,0.0,0.0,0.0,0.0,0.0,0.0,0.0,0.0,0.0,1.0,1.0,5.631578947368421,0.0,0.0,2,PIT
65,Cooper Kupp,0.0,0.0,0.0,0.0,0.0,0.0,0.0,0.0,0.0,5.870370370370369,3.648148148148148,44.88888888888888,0.3703703703703703,0.09259259259259259,9,SEA
66,Cooper Rush,19.98148148148148,32.574074074074076,208.83333333333331,1.462962962962963,0.574074074074074,1.407407407407407,2.7592592592592586,1.5925925925925923,0.0,0.0,0.0,0.0,0.0,0.7962962962962961,9,BAL
67,Courtland Sutton,0.0425531914893617,0.0425531914893617,0.0851063829787234,0.0425531914893617,0.0,0.0,0.0,0.0,0.0,8.48936170212766,5.425531914893618,66.36170212765958,0.6595744680851064,0.0,8,DEN
68,Craig Reynolds,0.0,0.0,0.0,0.0,0.0,0.0,4.25,20.928571428571427,0.0,1.0357142857142858,1.0357142857142858,14.107142857142858,0.0,0.0,4,DET
69,Curtis Samuel,0.0,0.0,0.0,0.0,0.0,0.0,0.43333333333333324,1.6333333333333333,0.0,2.8999999999999986,1.7999999999999992,14.999999999999995,0.13333333333333328,0.0,6,BUF
70,D'Andre Swift,0.0,0.0,0.0,0.0,0.0,0.0,13.296296296296298,47.31481481481481,0.07407407407407407,2.9629629629629632,2.444444444444445,22.0,0.0,0.037037037037037035,9,CHI
71,D'Wayne Eskridge,0.0,0.0,0.0,0.0,0.0,0.0,0.0,0.0,0.0,1.0,1.0,8.0,0.0,0.0,1,MIA
72,D.J. Moore,0.0,0.0925925925925926,0.0,0.0,0.0,0.0,1.2037037037037037,7.1111111111111125,0.0,8.981481481481481,6.6111111111111125,62.24074074074075,0.20370370370370375,0.0,9,CHI
73,D.K. Metcalf,0.0,0.0,0.0,0.0,0.0,0.0,0.0,0.0,0.0,5.591836734693877,3.693877551020408,50.42857142857143,0.18367346938775508,0.0,7,PIT
74,Dak Prescott,18.0,24.0,133.0,1.0,0.0,3.0,3.0,29.999999999999996,0.0,0.0,0.0,0.0,0.0,0.0,1,DAL
75,Dallas Goedert,0.0,0.0,0.0,0.0,0.0,0.0,0.0,0.0,0.0,4.333333333333333,3.555555555555556,34.666666666666664,0.5,0.22222222222222218,4,PHI
76,Dalton Kincaid,0.0,0.0,0.0,0.0,0.0,0.0,0.0,0.0,0.0,5.437499999999999,3.1874999999999996,29.21875,0.0,0.0,5,BUF
77,Dalton Schultz,0.0,0.0,0.0,0.0,0.0,0.0,0.0,0.0,0.0,5.702127659574469,3.319148936170213,33.12765957446809,0.31914893617021284,0.0,8,HOU
78,Dameon Pierce,0.0,0.0,0.0,0.0,0.0,0.0,2.1724137931034484,6.000000000000001,0.0,0.20689655172413793,0.20689655172413793,0.20689655172413793,0.0,0.0,4,HOU
79,Daniel Bellinger,0.0,0.0,0.0,0.0,0.0,0.0,0.0,0.0,0.0,3.791666666666666,2.833333333333333,26.666666666666664,0.0,0.0,3,NYG
80,Daniel Jones,21.2,32.6,183.6,0.8,1.2,2.0,7.0,37.199999999999996,1.0,0.0,0.0,0.0,0.0,0.4,2,IND
81,Dare Ogunbowale,0.0,0.0,0.0,0.0,0.0,0.0,0.9166666666666667,11.972222222222221,0.0,1.0555555555555556,0.3888888888888889,2.888888888888889,0.0,0.0,6,HOU
82,Darius Slayton,0.0,0.0,0.0,0.0,0.0,0.0,0.23404255319148937,1.6170212765957446,0.0,3.191489361702127,1.2553191489361701,20.680851063829785,0.2127659574468085,0.0,7,NYG
83,Darnell Mooney,0.0,0.0,0.0,0.0,0.0,0.0,0.0,0.0,0.0,5.26530612244898,3.2244897959183674,57.020408163265294,0.040816326530612235,0.0,8,ATL
84,Darnell Washington,0.0,0.0,0.0,0.0,0.0,0.0,0.0,0.0,0.0,1.7999999999999996,1.1999999999999997,11.314285714285713,0.0,0.0,6,PIT
85,Davante Adams,0.0,0.0,0.0,0.0,0.0,0.0,0.0,0.0,0.0,10.836734693877549,6.816326530612244,89.55102040816327,0.8163265306122448,0.0,8,LAR
86,David Martin-Robinson,0.0,0.0,0.0,0.0,0.0,0.0,0.0,0.0,0.0,1.0,0.5625,3.375,0.0,0.0,2,TEN
87,David Montgomery,0.0,0.0,0.0,0.0,0.0,0.0,12.399999999999997,46.97142857142857,0.6571428571428571,3.5428571428571423,3.4571428571428564,30.65714285714285,0.0,0.0857142857142857,7,DET
88,David Moore,0.0,0.0,0.0,0.0,0.0,0.0,0.18,0.0,0.0,4.56,2.5599999999999996,31.74,0.27999999999999997,0.0,8,CAR
89,David Njoku,0.0,0.0,0.0,0.0,0.0,0.0,0.0,0.0,0.0,10.848484848484848,6.848484848484849,49.303030303030305,0.5757575757575758,0.0,6,CLE
90,Davis Allen,0.0,0.0,0.0,0.0,0.0,0.0,0.0,0.0,0.0,1.9499999999999997,0.8499999999999998,5.599999999999999,0.0,0.0,4,LAR
91,Davis Mills,1.0,1.0,5.0,0.0,0.0,0.0,0.0,0.0,0.0,0.0,0.0,0.0,0.0,0.0,1,HOU
92,Dawson Knox,0.0,0.0,0.0,0.0,0.0,0.0,0.0,0.0,0.0,2.6122448979591835,1.7755102040816324,25.20408163265306,0.0,0.0,8,BUF
93,De'Von Achane,0.0,0.0,0.0,0.0,0.0,0.0,12.351851851851853,48.12962962962963,0.4074074074074075,5.722222222222222,5.222222222222223,38.88888888888889,0.33333333333333337,0.14814814814814817,9,MIA
94,DeAndre Carter,0.0,0.0,0.0,0.0,0.0,0.0,0.0,0.0,0.0,1.0,1.0,5.0,0.0,0.0,1,CLE
95,DeAndre Hopkins,0.0,0.0,0.0,0.0,0.0,0.0,0.0,0.0,0.0,5.925925925925926,3.944444444444444,38.62962962962963,0.2962962962962963,0.0,9,BAL
96,DeVonta Smith,0.0,0.0,0.0,0.0,0.0,0.0,0.186046511627907,0.186046511627907,0.0,7.558139534883721,6.046511627906978,72.6046511627907,0.8604651162790699,0.0,7,PHI
97,Deebo Samuel,0.0,0.0,0.0,0.0,0.0,0.0,2.6730769230769234,10.346153846153847,0.0,5.0769230769230775,3.2884615384615383,32.596153846153854,0.3653846153846154,0.30769230769230776,8,WAS
98,Demario Douglas,0.0,0.0,0.0,0.0,0.0,0.0,0.29787234042553196,1.2553191489361706,0.0,5.000000000000001,4.063829787234043,36.82978723404256,0.3829787234042554,0.17021276595744683,8,NWE
99,Derius Davis,0.0,0.0,0.0,0.0,0.0,0.0,0.8863636363636362,0.06818181818181794,0.0,2.1136363636363638,1.7045454545454544,16.386363636363633,0.43181818181818177,0.15909090909090906,7,LAC
100,Derrick Henry,0.0,0.0,0.0,0.0,0.0,0.0,20.808510638297875,113.4468085106383,0.44680851063829785,1.2978723404255321,1.2978723404255321,14.042553191489365,0.0,0.1276595744680851,8,BAL
101,Devaughn Vele,0.0,0.0,0.0,0.0,0.0,0.0,0.0,0.0,0.0,3.446808510638298,2.25531914893617,28.893617021276597,0.25531914893617025,0.0,8,NOR
102,Devin Culp,0.0,0.0,0.0,0.0,0.0,0.0,0.0,0.0,0.0,4.0,3.0,52.0,0.0,0.0,1,TAM
103,Devin Duvernay,0.0,0.0,0.0,0.0,0.0,0.0,0.15909090909090906,-1.1136363636363635,0.0,2.3636363636363633,1.727272727272727,13.568181818181818,0.0,0.20454545454545453,6,CHI
104,Devin Singletary,0.0,0.0,0.0,0.0,0.0,0.0,5.08,18.259999999999998,0.26,1.06,0.9400000000000001,5.36,0.0,0.0,8,NYG
105,Devontez Walker,0.0,0.0,0.0,0.0,0.0,0.0,0.0,0.0,0.0,1.5555555555555554,0.4444444444444445,9.333333333333334,0.4444444444444445,0.0,2,BAL
106,Dontayvion Wicks,0.0,0.0,0.0,0.0,0.0,0.0,0.0,0.0,0.0,4.196078431372549,2.7450980392156863,25.627450980392158,0.17647058823529413,0.0,8,GNB
107,Drake London,0.0,0.0,0.0,0.0,0.0,0.0,0.12244897959183672,-0.36734693877551017,0.0,9.448979591836736,5.46938775510204,73.67346938775509,0.2040816326530612,0.0,8,ATL
108,Drake Maye,20.063829787234045,29.91489361702128,207.76595744680853,1.2765957446808514,0.8297872340425532,3.0000000000000004,5.127659574468086,33.10638297872341,0.17021276595744683,0.0,0.0,0.0,0.0,1.042553191489362,8,NWE
109,Drew Lock,17.459459459459456,30.297297297297295,206.81081081081078,1.3243243243243243,0.8378378378378377,2.0810810810810807,3.189189189189189,20.648648648648646,0.43243243243243246,0.0,0.0,0.0,0.0,0.4054054054054054,5,SEA
110,Drew Sample,0.0,0.0,0.0,0.0,0.0,0.0,0.0869565217391304,-0.3478260869565216,0.0,1.5,1.4130434782608694,8.804347826086955,0.0434782608695652,0.0,7,CIN
111,Durham Smythe,0.0,0.0,0.0,0.0,0.0,0.0,0.0,0.0,0.0,1.2045454545454546,0.8409090909090908,5.340909090909091,0.0,0.0,8,CHI
112,Dyami Brown,0.0,0.0,0.0,0.0,0.0,0.0,0.29729729729729737,2.5405405405405412,0.0,3.6756756756756763,2.8648648648648654,29.432432432432435,0.0,0.24324324324324328,7,JAX
113,Elijah Higgins,0.0,0.0,0.0,0.0,0.0,0.0,0.0,0.0,0.0,1.8372093023255813,1.2790697674418605,12.55813953488372,0.0,0.0,7,ARI
114,Elijah Moore,0.0,0.0,0.0,0.0,0.0,0.0,0.11764705882352941,0.11764705882352941,0.0,6.470588235294118,3.0980392156862746,29.80392156862745,0.07843137254901959,0.0,8,BUF
115,Emanuel Wilson,0.0,0.0,0.0,0.0,0.0,0.0,5.1568627450980395,26.039215686274513,0.411764705882353,0.21568627450980396,0.21568627450980396,0.7450980392156863,0.0,0.0,8,GNB
116,Emari Demercado,0.0,0.0,0.0,0.0,0.0,0.0,1.7391304347826086,14.17391304347826,0.08695652173913042,1.9130434782608694,1.6521739130434783,7.173913043478262,0.0,0.0,5,ARI
117,Eric Saubert,0.0,0.0,0.0,0.0,0.0,0.0,0.0,0.0,0.0,1.0,0.8,2.9599999999999995,0.36,0.0,4,SEA
118,Erick All,0.0,0.0,0.0,0.0,0.0,0.0,0.0,0.0,0.0,2.0,2.0,24.0,0.0,0.0,1,CIN
119,Evan Engram,0.0,0.0,0.0,0.0,0.0,0.0,0.0,0.0,0.0,7.636363636363636,5.363636363636364,36.31818181818182,0.0,0.0,5,DEN
120,Feleipe Franks,0.0,0.0,0.0,0.0,0.0,0.0,0.0,0.0,0.0,1.0,0.0,0.0,0.0,0.0,1,ATL
121,Gardner Minshew II,24.09090909090909,37.81818181818182,229.63636363636363,1.1818181818181819,0.8181818181818182,2.6363636363636362,1.8181818181818181,4.8181818181818175,0.0,0.0,0.0,0.0,0.0,0.6363636363636364,3,KAN
122,Garrett Wilson,0.0,0.0,0.0,0.0,0.0,0.0,0.0,0.0,0.0,7.979591836734693,5.63265306122449,61.48979591836734,0.4489795918367347,0.2040816326530612,8,NYJ
123,Geno Smith,21.745098039215687,29.725490196078432,222.843137254902,1.0000000000000002,0.803921568627451,2.843137254901961,2.1372549019607843,9.254901960784313,0.07843137254901959,0.0,0.0,0.0,0.0,0.7450980392156863,8,LVR
124,George Holani,0.0,0.0,0.0,0.0,0.0,0.0,1.6000000000000003,5.333333333333333,0.0,0.4666666666666666,0.4666666666666666,-0.4666666666666666,0.0,0.0,2,SEA
125,George Pickens,0.0,0.0,0.0,0.0,0.0,0.0,0.10714285714285712,0.4285714285714285,0.0,7.500000000000001,4.107142857142857,64.75,0.3214285714285714,0.0,5,DAL
126,Grant Calcaterra,0.0,0.0,0.0,0.0,0.0,0.0,0.0,0.0,0.0,1.9142857142857141,1.4,19.657142857142862,0.19999999999999998,0.0,6,PHI
127,Greg Dortch,0.0,0.0,0.0,0.0,0.0,0.0,0.4600000000000001,3.12,0.0,2.06,1.8,17.88,0.0,0.16,8,ARI
128,Hassan Haskins,0.0,0.0,0.0,0.0,0.0,0.0,2.837837837837838,8.945945945945947,0.08108108108108107,0.7567567567567568,0.7567567567567568,12.189189189189191,0.24324324324324326,0.16216216216216217,6,LAC
129,Hunter Henry,0.0,0.0,0.0,0.0,0.0,0.0,0.0,0.0,0.0,6.0,3.7446808510638308,34.61702127659575,0.1914893617021277,0.0,8,NWE
130,Hunter Long,0.0,0.0,0.0,0.0,0.0,0.0,0.0,0.0,0.0,1.3478260869565217,0.782608695652174,6.2608695652173925,0.0,0.0,4,JAX
131,Hunter Luepke,0.0,0.0,0.0,0.0,0.0,0.0,0.4761904761904761,0.8095238095238093,0.0,1.1190476190476188,0.619047619047619,2.4523809523809526,0.0,0.0,7,DAL
132,Ian Thomas,0.0,0.0,0.0,0.0,0.0,0.0,0.0,0.0,0.0,1.0,1.0,3.0,0.0,0.0,1,LVR
133,Isaac Guerendo,0.0,0.0,0.0,0.0,0.0,0.0,10.294117647058824,42.8235294117647,0.5882352941176471,2.705882352941176,2.705882352941176,33.117647058823536,0.0,0.0,5,SFO
134,Isaiah Davis,0.0,0.0,0.0,0.0,0.0,0.0,4.023255813953488,22.18604651162791,0.1627906976744186,1.8837209302325582,1.3953488372093021,11.232558139534886,0.13953488372093023,0.0,6,NYJ
135,Isaiah Likely,0.0,0.0,0.0,0.0,0.0,0.0,0.0,0.0,0.0,3.1538461538461537,2.5384615384615383,26.025641025641022,0.6410256410256411,0.10256410256410255,6,BAL
136,Isiah Pacheco,0.0,0.0,0.0,0.0,0.0,0.0,9.625,32.975,0.0,1.4999999999999998,0.925,4.574999999999999,0.0,0.0,5,KAN
137,J.K. Dobbins,0.0,0.0,0.0,0.0,0.0,0.0,14.041666666666666,62.66666666666666,0.9166666666666666,2.1666666666666665,1.7499999999999998,9.666666666666666,0.0,0.0,5,DEN
138,Ja'Marr Chase,0.0,0.0,0.0,0.0,0.0,0.0,0.326530612244898,3.2857142857142856,0.0,12.551020408163266,8.673469387755103,113.83673469387756,0.9387755102040817,0.0,8,CIN
139,Ja'Tavion Sanders,0.0,0.0,0.0,0.0,0.0,0.0,0.0,0.0,0.0,1.5999999999999999,1.114285714285714,14.085714285714285,0.0857142857142857,0.0,6,CAR
140,Jacoby Brissett,1.0,2.0,-2.0,0.0,0.0,0.0,0.0,0.0,0.0,0.0,0.0,0.0,0.0,0.0,1,ARI
141,Jahan Dotson,0.0,0.0,0.0,0.0,0.0,0.0,0.0,0.0,0.0,1.3142857142857143,0.7714285714285715,8.057142857142857,0.0,0.0,7,PHI
142,Jahmyr Gibbs,0.0,0.0,0.0,0.0,0.0,0.0,15.518518518518517,79.46296296296296,0.7962962962962962,4.425925925925926,3.648148148148148,41.388888888888886,0.27777777777777773,0.1111111111111111,9,DET
143,Jake Bobo,0.0,0.0,0.0,0.0,0.0,0.0,0.0,0.0,0.0,1.0,0.9166666666666666,6.583333333333333,0.0,0.0,4,SEA
144,Jake Browning,0.0,0.0,0.0,0.0,0.0,0.0,1.0,-1.0,0.0,0.0,0.0,0.0,0.0,0.0,2,CIN
145,Jake Ferguson,0.0,0.0,0.0,0.0,0.0,0.0,0.0,0.0,0.0,5.674418604651163,3.5116279069767438,28.046511627906977,0.0,0.3023255813953488,7,DAL
146,Jake Haener,1.6842105263157896,4.2105263157894735,20.631578947368425,0.0,0.4210526315789474,1.6315789473684215,1.2105263157894737,2.1578947368421058,0.0,0.0,0.0,0.0,0.0,0.0,3,NOR
147,Jakobi Meyers,0.0,0.0,0.0,0.0,0.0,0.15686274509803924,0.07843137254901959,1.568627450980392,0.0,9.098039215686274,5.392156862745098,67.23529411764706,0.19607843137254904,0.0,8,LVR
148,Jaleel McLaughlin,0.0,0.0,0.0,0.0,0.0,0.0,8.078947368421053,45.10526315789473,0.0,1.7631578947368423,1.4736842105263157,5.105263157894736,0.0,0.0,7,DEN
149,Jalen Hurts,13.59090909090909,20.068181818181813,152.90909090909088,1.159090909090909,0.06818181818181816,2.227272727272727,9.18181818181818,44.74999999999999,0.7499999999999998,0.0,0.0,0.0,0.0,0.5454545454545453,8,PHI
150,Jalen Nailor,0.0,0.0,0.0,0.0,0.0,0.0,0.06382978723404255,-0.44680851063829785,0.0,2.4893617021276597,1.765957446808511,22.872340425531917,0.3617021276595745,0.0,8,MIN
151,Jalen Tolbert,0.0,0.0,0.0,0.0,0.0,0.0,0.0,0.0,0.0,3.6111111111111103,1.8703703703703702,20.148148148148145,0.6296296296296295,0.0,9,DAL
152,Jalin Hyatt,0.0,0.0,0.0,0.0,0.0,0.0,0.0,0.0,0.0,2.2399999999999998,1.3199999999999998,9.839999999999998,0.0,0.0,4,NYG
153,Jamari Thrash,0.0,0.0,0.0,0.0,0.0,0.0,0.0,0.0,0.0,1.162162162162162,0.4324324324324324,2.9729729729729724,0.0,0.0,5,CLE
154,Jameis Winston,23.812499999999996,38.93749999999999,274.34375,1.4999999999999996,2.0937499999999996,3.3749999999999996,2.8437499999999996,11.468749999999998,0.15625,0.0,0.0,0.0,0.0,0.6875,6,NYG
155,James Conner,0.0,0.0,0.0,0.0,0.0,0.0,12.76,67.28,0.5599999999999999,4.08,3.7599999999999993,29.52,0.13999999999999999,0.13999999999999999,8,ARI
156,James Cook,0.0,0.0,0.0,0.0,0.0,0.0,12.244897959183673,70.61224489795917,1.0612244897959182,2.0408163265306123,1.7959183673469383,14.122448979591836,0.18367346938775508,0.18367346938775508,8,BUF
157,Jameson Williams,0.0,0.0,0.0,0.0,0.0,0.0,0.9615384615384617,3.4423076923076925,0.19230769230769235,6.8269230769230775,4.5,78.00000000000001,0.5961538461538463,0.0,8,DET
158,Jared Goff,26.444444444444446,37.425925925925924,320.66666666666663,2.8518518518518516,0.4074074074074073,1.5370370370370368,2.296296296296296,3.814814814814814,0.0,0.0,0.0,0.0,0.0,0.24074074074074073,9,DET
159,Jauan Jennings,0.0,0.0,0.0,0.0,0.0,0.0,0.0,0.0,0.0,8.153846153846155,5.288461538461539,61.269230769230774,0.34615384615384615,0.19230769230769235,8,SFO
160,Javonte Williams,0.0,0.0,0.0,0.0,0.0,0.0,4.489361702127661,13.93617021276596,0.2127659574468085,4.404255319148937,3.000000000000001,12.48936170212766,0.0,0.0,8,DAL
161,Jaxon Smith-Njigba,0.0,0.0,0.0,0.0,0.0,0.0,0.5098039215686274,2.647058823529412,0.0,8.392156862745098,6.372549019607844,79.25490196078432,0.4901960784313726,0.0,8,SEA
162,Jayden Daniels,23.40425531914894,34.1063829787234,229.76595744680856,2.7021276595744683,1.021276595744681,3.7446808510638308,10.021276595744682,69.31914893617022,0.23404255319148942,0.0,0.0,0.0,0.0,0.29787234042553196,8,WAS
163,Jaylen Waddle,0.0,0.0,0.0,0.0,0.0,0.0,0.0857142857142857,-0.0857142857142857,0.0,5.799999999999999,4.228571428571429,58.34285714285714,0.19999999999999998,0.0,7,MIA
164,Jaylen Warren,0.0,0.0,0.0,0.0,0.0,0.0,8.923076923076925,42.46153846153847,0.09615384615384617,4.26923076923077,3.423076923076924,31.250000000000004,0.0,0.23076923076923078,8,PIT
165,Jaylen Wright,0.0,0.0,0.0,0.0,0.0,0.0,3.5862068965517233,9.448275862068963,0.0,1.0344827586206893,0.6206896551724137,1.7241379310344822,0.0,0.17241379310344826,6,MIA
166,Jeremy McNichols,0.0,0.0,0.0,0.0,0.0,0.0,2.872340425531915,10.468085106382981,0.06382978723404255,1.8723404255319154,1.446808510638298,4.021276595744681,0.0,0.0,8,WAS
167,Jeremy Ruckert,0.0,0.0,0.0,0.0,0.0,0.0,0.0,0.0,0.0,1.9743589743589745,1.1282051282051284,7.820512820512819,0.0,0.0,7,NYJ
168,Jermaine Burton,0.0,0.0,0.0,0.0,0.0,0.0,0.0,0.0,0.0,4.428571428571429,1.0,9.285714285714285,0.0,0.0,2,CIN
169,Jerome Ford,0.0,0.0,0.0,0.0,0.0,0.0,7.509803921568627,45.23529411764706,0.33333333333333337,2.392156862745098,2.176470588235294,18.23529411764706,0.0,0.0,8,CLE
170,Jerry Jeudy,0.0,0.0,0.0,0.0,0.0,0.0,0.0,0.0,0.0,10.490196078431373,7.509803921568627,97.66666666666667,0.3333333333333333,0.0,8,CLE
171,Joe Burrow,30.040816326530614,41.59183673469388,330.6734693877551,3.1428571428571432,0.6326530612244898,3.5714285714285716,2.122448979591837,12.510204081632654,0.20408163265306126,0.0,0.0,0.0,0.0,0.8571428571428573,8,CIN
172,Joe Flacco,24.666666666666668,35.93333333333333,298.26666666666665,1.7333333333333332,2.0666666666666664,2.533333333333333,0.9333333333333332,0.5333333333333333,0.0,0.0,0.0,0.0,0.0,1.0,3,CLE
173,John Bates,0.0,0.0,0.0,0.0,0.0,0.0,0.0,0.0,0.0,1.2222222222222223,0.8611111111111109,8.916666666666666,0.0,0.1388888888888889,5,WAS
174,John FitzPatrick,0.0,0.0,0.0,0.0,0.0,0.0,0.0,0.0,0.0,1.0,1.0,2.0,0.0,0.0,1,GNB
175,John Metchie,0.0,0.0,0.0,0.0,0.0,0.0,0.0,0.0,0.0,4.552631578947368,2.8947368421052633,28.842105263157894,0.07894736842105263,0.26315789473684215,7,PHI
176,Johnny Mundt,0.0,0.0,0.0,0.0,0.0,0.0,0.0,0.0,0.0,1.1714285714285713,0.8857142857142856,8.257142857142856,0.17142857142857143,0.0,6,JAX
177,Jonathan Taylor,0.0,0.0,0.0,0.0,0.0,0.0,24.404255319148934,116.70212765957446,1.0,1.957446808510638,1.0638297872340425,5.148936170212766,0.1276595744680851,0.40425531914893614,8,IND
178,Jonnu Smith,0.0,0.0,0.0,0.0,0.0,0.0,0.0925925925925926,0.0,0.0,7.166666666666668,6.018518518518518,60.25925925925926,0.7037037037037037,0.11111111111111112,9,PIT
179,Jordan Love,17.0,26.215686274509803,211.98039215686273,1.3333333333333335,0.1176470588235294,1.0,1.607843137254902,6.921568627450981,0.07843137254901959,0.0,0.0,0.0,0.0,0.1176470588235294,8,GNB
180,Jordan Mason,0.0,0.0,0.0,0.0,0.0,0.0,5.777777777777778,31.944444444444446,0.0,0.5555555555555556,0.2777777777777778,1.388888888888889,0.0,0.2777777777777778,4,MIN
181,Jordan Whittington,0.0,0.0,0.0,0.0,0.0,0.0,0.0,0.0,0.0,1.0,1.0,6.0,0.0,0.0,1,LAR
182,Josh Allen,19.265306122448976,30.877551020408163,239.63265306122443,1.7959183673469383,0.4285714285714285,0.346938775510204,7.26530612244898,41.836734693877546,1.2244897959183672,0.0,0.0,0.8571428571428571,0.12244897959183672,0.0,8,BUF
183,Josh Downs,0.0,0.0,0.0,0.0,0.0,0.0,0.0,0.0,0.0,5.926829268292683,3.6341463414634148,44.6829268292683,0.3170731707317073,0.0,7,IND
184,Josh Jacobs,0.0,0.0,0.0,0.0,0.0,0.0,18.88235294117647,74.64705882352942,1.4313725490196076,2.4117647058823533,2.196078431372549,27.058823529411768,0.0,0.35294117647058826,8,GNB
185,Josh Oliver,0.0,0.0,0.0,0.0,0.0,0.0,0.0,0.0,0.0,2.5199999999999996,1.64,23.599999999999994,0.07999999999999999,0.0,5,MIN
186,Josh Palmer,0.0,0.0,0.0,0.0,0.0,0.0,0.0,0.0,0.0,5.129629629629629,2.981481481481481,36.79629629629629,0.03703703703703703,0.0,9,BUF
187,Josh Reynolds,0.0,0.0,0.0,0.0,0.0,0.0,0.0,0.0,0.0,1.0,0.0,0.0,0.0,0.0,2,NYJ
188,Joshua Dobbs,3.0,4.0,35.0,0.0,0.0,0.0,1.0,7.0,1.0,0.0,0.0,0.0,0.0,0.0,1,NWE
189,JuJu Smith-Schuster,0.0,0.0,0.0,0.0,0.0,0.0,0.0,0.0,0.0,1.775510204081633,1.163265306122449,11.734693877551022,0.163265306122449,0.0,7,KAN
190,Julian Hill,0.0,0.0,0.0,0.0,0.0,0.0,0.0,0.0,0.0,1.52,1.0399999999999998,11.2,0.0,0.0,5,MIA
191,Julius Chestnut,0.0,0.0,0.0,0.0,0.0,0.0,2.6470588235294117,13.470588235294118,0.0,0.8823529411764706,0.29411764705882354,0.5882352941176471,0.0,0.0,3,TEN
192,Justice Hill,0.0,0.0,0.0,0.0,0.0,0.0,2.5945945945945943,19.270270270270267,0.13513513513513514,3.6486486486486482,2.7567567567567566,21.918918918918923,0.21621621621621626,0.0,7,BAL
193,Justin Fields,0.0,0.2173913043478261,0.0,0.0,0.0,0.0,1.6086956521739133,13.217391304347826,0.0,0.0,0.0,0.0,0.0,0.0,4,NYJ
194,Justin Herbert,20.90740740740741,31.53703703703703,233.94444444444437,1.5925925925925923,0.3148148148148148,2.462962962962963,4.314814814814814,17.907407407407405,0.14814814814814814,0.0,0.0,0.0,0.0,0.16666666666666663,9,LAC
195,Justin Jefferson,0.037037037037037035,0.037037037037037035,0.8148148148148147,0.0,0.0,0.0,0.0,0.0,0.0,10.074074074074076,7.037037037037038,96.20370370370371,0.7407407407407408,0.0,9,MIN
196,Justin Watson,0.0,0.0,0.0,0.0,0.0,0.0,0.0,0.0,0.0,1.8510638297872342,1.0851063829787235,19.553191489361705,0.34042553191489366,0.0,8,HOU
197,Juwan Johnson,0.0,0.0,0.0,0.0,0.0,0.0,0.0,0.0,0.0,4.979591836734694,3.551020408163265,37.40816326530612,0.2244897959183673,0.346938775510204,8,NOR
198,KaVontae Turpin,0.0,0.0,0.0,0.0,0.0,0.0,1.627450980392157,12.000000000000002,0.0,2.7450980392156863,1.4313725490196076,21.745098039215687,0.07843137254901959,0.11764705882352941,8,DAL
199,Kalif Raymond,0.0,0.0,0.0,0.0,0.0,0.0,0.1818181818181818,-2.1818181818181817,0.0,1.3636363636363635,0.909090909090909,13.090909090909088,0.0,0.0,3,DET
200,Kameron Johnson,0.0,0.0,0.0,0.0,0.0,0.0,1.0,11.0,0.0,0.0,0.0,0.0,0.0,0.0,1,TAM
201,Kareem Hunt,0.0,0.0,0.0,0.0,0.0,0.0,11.148148148148149,39.888888888888886,0.38888888888888884,2.3333333333333335,1.537037037037037,12.055555555555555,0.0,0.0,9,KAN
202,Kayshon Boutte,0.0,0.0,0.0,0.0,0.0,0.0,0.0,0.0,0.0,5.595744680851064,3.319148936170213,39.829787234042556,0.1914893617021277,0.0,8,NWE
203,Keaton Mitchell,0.0,0.0,0.0,0.0,0.0,0.0,11.0,20.0,0.0,1.0,1.0,28.0,0.0,0.0,1,BAL
204,Keenan Allen,0.0,0.0,0.0,0.0,0.0,0.0,0.0,0.0,0.0,9.796296296296298,5.814814814814815,67.05555555555557,0.6296296296296298,0.0925925925925926,9,LAC
205,Kendre Miller,0.0,0.0,0.0,0.0,0.0,0.0,7.176470588235293,22.26470588235294,0.20588235294117643,1.264705882352941,0.8235294117647057,8.941176470588234,0.0,0.0,4,NOR
206,Kenneth Gainwell,0.0,0.0,0.0,0.0,0.0,0.0,4.479166666666667,17.395833333333336,0.10416666666666667,1.375,1.375,10.958333333333332,0.0,0.0,8,PIT
207,Kenneth Walker III,0.0,0.0,0.0,0.0,0.0,0.0,13.615384615384615,44.61538461538461,0.1538461538461538,5.153846153846153,4.538461538461538,21.615384615384617,0.0,0.23076923076923075,5,SEA
208,Kenny Pickett,8.481481481481481,13.77777777777778,101.18518518518522,0.7037037037037037,0.33333333333333337,1.0000000000000002,2.592592592592593,5.185185185185186,0.3703703703703704,0.0,0.0,0.0,0.0,0.33333333333333337,4,LVR
209,Keon Coleman,0.0,0.0,0.0,0.0,0.0,0.0,0.0,0.0,0.0,3.7241379310344827,1.689655172413793,33.68965517241379,0.3448275862068965,0.0,4,BUF
210,KhaDarel Hodge,0.0,0.0,0.0,0.0,0.0,0.0,0.0,0.0,0.0,3.25,1.25,12.249999999999998,0.0,0.0,3,ATL
211,Khalil Shakir,0.0,0.0,0.0,0.0,0.0,0.0,0.0,0.0,0.0,7.285714285714286,4.428571428571428,45.63265306122448,0.3061224489795918,0.18367346938775508,8,BUF
212,Kirk Cousins,19.06666666666667,29.966666666666676,227.60000000000002,0.4666666666666668,1.766666666666667,2.066666666666667,1.4000000000000006,-0.1333333333333332,0.0,0.0,0.0,0.0,0.0,0.9333333333333336,6,ATL
213,Kyle Juszczyk,0.0,0.0,0.0,0.0,0.0,0.0,0.3658536585365854,1.1707317073170735,0.0,1.8048780487804879,0.951219512195122,9.975609756097562,0.24390243902439027,0.14634146341463417,6,SFO
214,Kyle Pitts,0.0,0.0,0.0,0.0,0.0,0.0,0.0,0.0,0.0,3.795918367346939,2.1632653061224487,21.387755102040813,0.2040816326530612,0.0,8,ATL
215,Kylen Granson,0.0,0.0,0.0,0.0,0.0,0.0,0.0,0.0,0.0,3.052631578947368,1.7368421052631577,21.605263157894733,0.0,0.0,7,PHI
216,Kyler Murray,25.339999999999996,36.81999999999999,254.47999999999996,0.8400000000000001,1.2,2.42,4.76,29.9,0.3,0.0,0.0,0.0,0.0,0.4,8,ARI
217,Kyren Williams,0.0,0.0,0.0,0.0,0.0,0.0,20.203703703703702,88.57407407407406,0.8148148148148149,1.8333333333333333,1.7037037037037035,9.092592592592592,0.0,0.27777777777777773,9,LAR
218,Ladd McConkey,0.0,0.0,0.0,0.0,0.0,0.0,0.0,0.0,0.0,7.829787234042554,6.340425531914894,86.80851063829789,0.5957446808510639,0.12765957446808512,8,LAC
219,Lamar Jackson,16.851063829787233,24.51063829787234,221.87234042553195,2.787234042553192,0.2765957446808511,1.446808510638298,6.382978723404256,51.65957446808512,0.31914893617021284,0.0,0.0,0.0,0.0,0.6595744680851064,8,BAL
220,Lucas Krull,0.0,0.0,0.0,0.0,0.0,0.0,0.0,0.0,0.0,2.0789473684210527,2.0263157894736845,12.894736842105265,0.0,0.0,6,DEN
221,Luke Farrell,0.0,0.0,0.0,0.0,0.0,0.0,0.0,0.0,0.0,2.041666666666667,1.2500000000000002,5.916666666666667,0.0,0.0,5,SFO
222,Luke McCaffrey,0.0,0.0,0.0,0.0,0.0,0.0,0.0,0.0,0.0,1.8571428571428574,1.0571428571428572,8.685714285714287,0.0,0.0,6,WAS
223,Luke Musgrave,0.0,0.0,0.0,0.0,0.0,0.0,0.0,0.0,0.0,1.0,0.5263157894736842,2.1052631578947367,0.0,0.0,2,GNB
224,Luke Schoonmaker,0.0,0.0,0.0,0.0,0.0,0.0,0.0,0.0,0.0,3.5882352941176467,2.705882352941176,25.823529411764707,0.14705882352941177,0.0,6,DAL
225,Mac Jones,21.574468085106382,32.5531914893617,215.95744680851064,1.2127659574468086,0.851063829787234,1.382978723404255,3.2765957446808507,11.936170212765957,0.06382978723404253,0.0,0.0,0.0,0.0,0.06382978723404253,7,SFO
226,Mack Hollins,0.0,0.0,0.0,0.0,0.0,0.0,0.0,0.0,0.0,3.0408163265306123,2.244897959183673,30.163265306122444,0.3061224489795918,0.0,8,NWE
227,Malik Heath,0.0,0.0,0.0,0.0,0.0,0.0,0.0,0.0,0.0,1.3333333333333333,1.3333333333333333,7.0,1.0,0.0,2,GNB
228,Malik Nabers,0.0,0.0,0.0,0.0,0.0,0.0,0.18,0.36,0.0,11.26,7.24,90.66,0.5599999999999999,0.1,8,NYG
229,Malik Washington,0.0,0.0,0.0,0.0,0.0,0.0,0.44444444444444436,-5.345518266713717e-16,0.055555555555555546,3.5740740740740744,2.574074074074074,22.703703703703706,0.0,0.11111111111111112,9,MIA
230,Malik Willis,1.0,2.0,34.0,0.0,0.0,0.0,3.0,-2.0,0.0,0.0,0.0,0.0,0.0,0.0,1,GNB
231,Mark Andrews,0.0,0.0,0.0,0.0,0.0,0.0,0.4255319148936171,0.6595744680851064,0.0,4.127659574468085,3.4680851063829787,46.19148936170213,0.8723404255319149,0.0,8,BAL
232,Marquez Valdes-Scantling,0.0,0.0,0.0,0.0,0.0,0.0,0.2,0.8,0.0,4.249999999999999,1.875,44.24999999999999,0.3999999999999999,0.0,7,SFO
233,Marquise Brown,0.0,0.0,0.0,0.0,0.0,0.0,0.0,0.0,0.0,7.473684210526316,4.473684210526316,45.526315789473685,0.0,0.0,2,KAN
234,Marvin Harrison Jr.,0.0,0.0,0.0,0.0,0.0,0.0,0.0,0.0,0.0,8.059999999999999,4.08,54.7,0.18,0.039999999999999994,8,ARI
235,Marvin Mims,0.0,0.0,0.0,0.0,0.0,0.0,1.3617021276595747,2.0851063829787235,0.0,4.893617021276596,4.127659574468085,60.44680851063831,0.6382978723404257,0.21276595744680854,8,DEN
236,Mason Rudolph,20.862068965517242,30.689655172413794,218.96551724137933,1.6551724137931034,1.620689655172414,1.413793103448276,3.793103448275862,14.03448275862069,0.0,0.0,0.0,0.0,0.0,0.41379310344827586,4,PIT
237,Mason Tipton,0.0,0.0,0.0,0.0,0.0,0.0,0.0,0.0,0.0,1.3636363636363635,0.0,0.0,0.0,0.0,2,NOR
238,Matthew Stafford,18.648148148148145,29.166666666666664,210.5185185185185,1.2037037037037037,0.25925925925925924,0.9074074074074074,3.1296296296296293,6.685185185185185,0.0,0.0,0.0,0.0,0.0,0.2407407407407407,9,LAR
239,Michael Mayer,0.0,0.0,0.0,0.0,0.0,0.0,0.0,0.0,0.0,2.897959183673469,1.7755102040816324,16.51020408163265,0.0,0.0,7,LVR
240,Michael Penix,15.65217391304348,26.47826086956522,180.17391304347825,0.4347826086956522,0.8260869565217391,1.0434782608695652,2.4347826086956523,2.4782608695652177,0.0,0.0,0.0,0.0,0.0,0.8695652173913044,3,ATL
241,Michael Pittman Jr.,0.0,0.0,0.0,0.0,0.0,0.0,0.0,0.0,0.0,7.181818181818181,5.409090909090909,60.6590909090909,0.22727272727272727,0.18181818181818182,7,IND
242,Michael Wilson,0.0,0.0,0.0,0.0,0.0,0.0,0.2,1.4,0.0,4.36,2.74,35.18000000000001,0.13999999999999999,0.0,8,ARI
243,Mike Evans,0.0,0.0,0.0,0.0,0.0,0.0,0.0,0.0,0.0,8.600000000000001,6.622222222222223,97.64444444444445,0.9333333333333333,0.0,6,TAM
244,Mike Gesicki,0.0,0.0,0.0,0.0,0.0,0.0,0.0,0.0,0.0,5.469387755102041,4.387755102040817,42.0,0.08163265306122448,0.0,8,CIN
245,Miles Sanders,0.0,0.0,0.0,0.0,0.0,0.0,2.0,0.9999999999999998,0.0,0.8,0.8,-2.0,0.0,0.0,2,DAL
246,Mitchell Trubisky,0.8421052631578948,0.8421052631578948,37.578947368421055,0.5263157894736842,0.0,0.0,2.4736842105263155,-1.631578947368421,0.0,0.0,0.0,0.0,0.0,0.0,3,BUF
247,Mo Alie-Cox,0.0,0.0,0.0,0.0,0.0,0.0,0.0,0.0,0.0,1.7931034482758619,1.0,10.103448275862068,0.0,0.0,4,IND
248,Najee Harris,0.0,0.0,0.0,0.0,0.0,0.0,13.115384615384619,51.28846153846154,0.3076923076923077,2.365384615384616,1.730769230769231,12.211538461538462,0.0,0.0,8,LAC
249,Nate Adkins,0.0,0.0,0.0,0.0,0.0,0.0,0.0,0.0,0.0,1.243243243243243,1.243243243243243,13.405405405405405,0.3243243243243243,0.0,5,DEN
250,Nick Chubb,0.0,0.0,0.0,0.0,0.0,0.0,11.781249999999998,42.59374999999999,0.3125,1.0625,0.5937499999999999,4.406249999999999,0.18749999999999997,0.25,6,HOU
251,Nick Mullens,0.4166666666666667,0.4166666666666667,5.833333333333334,0.0,0.0,0.0,1.1666666666666667,-1.1666666666666667,0.0,0.0,0.0,0.0,0.0,0.0,2,JAX
252,Nick Westbrook-Ikhine,0.0,0.0,0.0,0.0,0.0,0.0,0.0,0.0,0.0,4.666666666666667,2.333333333333333,36.94444444444444,0.5925925925925926,0.0,9,MIA
253,Nico Collins,0.0,0.0,0.0,0.0,0.0,0.0,0.0,0.0,0.0,8.023809523809524,5.095238095238095,63.23809523809524,0.5,0.0,6,HOU
254,Noah Brown,0.0,0.0,0.0,0.0,0.0,0.0,0.0,0.0,0.0,6.15,3.55,37.60000000000001,0.0,0.0,5,WAS
255,Noah Fant,0.0,0.0,0.0,0.0,0.0,0.0,0.0,0.0,0.0,5.300000000000001,3.25,32.05,0.0,0.0,5,CIN
256,Noah Gray,0.0,0.0,0.0,0.0,0.0,0.0,0.0,0.0,0.0,3.2962962962962963,2.388888888888889,24.518518518518515,0.48148148148148145,0.0,9,KAN
257,Olamide Zaccheaus,0.0,0.0,0.0,0.0,0.0,0.0,0.21276595744680854,1.7021276595744683,0.0,5.063829787234043,3.893617021276596,43.65957446808511,0.5957446808510639,0.1276595744680851,8,CHI
258,Parker Washington,0.0,0.0,0.0,0.0,0.0,0.0,0.0,0.0,0.0,5.260869565217391,3.652173913043478,45.065217391304344,0.34782608695652173,0.0,7,JAX
259,Pat Freiermuth,0.0,0.0,0.0,0.0,0.0,0.0,0.0,0.0,0.0,4.903846153846154,4.134615384615385,39.730769230769226,0.46153846153846156,0.3461538461538462,8,PIT
260,Patrick Mahomes,25.870370370370377,39.24074074074075,252.35185185185185,1.9259259259259258,0.14814814814814814,2.0925925925925926,2.759259259259259,19.388888888888893,0.16666666666666669,0.0,0.0,0.0,0.0,0.20370370370370375,9,KAN
261,Patrick Ricard,0.0,0.0,0.0,0.0,0.0,0.0,0.0,0.0,0.0,1.0,1.0,4.333333333333334,0.3333333333333333,0.0,2,BAL
262,Patrick Taylor,0.0,0.0,0.0,0.0,0.0,0.0,7.562499999999999,24.4375,0.43749999999999994,3.25,0.5625,0.5625,0.0,0.0,2,SFO
263,Payne Durham,0.0,0.0,0.0,0.0,0.0,0.0,0.0,0.0,0.0,4.083333333333334,2.916666666666667,31.291666666666664,0.4166666666666667,0.375,3,TAM
264,Puka Nacua,0.0,0.0,0.0,0.0,0.0,0.0,1.0555555555555556,4.481481481481481,0.12962962962962962,10.777777777777777,8.222222222222221,100.6111111111111,0.31481481481481477,0.0,9,LAR
265,Quentin Johnston,0.0,0.0,0.0,0.0,0.0,0.0,0.03703703703703703,0.07407407407407406,0.0,6.666666666666666,3.4444444444444446,35.37037037037036,0.4444444444444444,0.0,9,LAC
266,Rachaad White,0.0,0.0,0.0,0.0,0.0,0.0,9.76,46.08,0.27999999999999997,3.1399999999999997,2.76,19.4,0.36,0.34,8,TAM
267,Raheem Mostert,0.0,0.0,0.0,0.0,0.0,0.0,5.3617021276595755,13.106382978723406,0.0,2.085106382978724,1.8936170212765961,13.617021276595745,0.0,0.0425531914893617,8,LVR
268,Rasheen Ali,0.0,0.0,0.0,0.0,0.0,0.0,3.074074074074074,9.037037037037038,0.0,0.0,0.0,0.0,0.0,0.0,3,BAL
269,Rashod Bateman,0.0,0.0,0.0,0.0,0.0,0.0,0.0,0.0,0.0,3.5121951219512195,2.073170731707317,34.951219512195124,0.8048780487804879,0.0,7,BAL
270,Ray Davis,0.0,0.0,0.0,0.0,0.0,0.0,6.2857142857142865,19.000000000000004,0.14285714285714288,1.0714285714285716,1.0714285714285716,11.166666666666668,0.23809523809523814,0.0,7,BUF
271,Ray-Ray McCloud,0.0,0.0,0.0,0.0,0.0,0.0,0.7551020408163265,5.163265306122449,0.0,4.591836734693876,3.3469387755102034,40.79591836734693,0.040816326530612235,0.18367346938775508,8,ATL
272,Reggie Gilliam,0.0,0.0,0.0,0.0,0.0,0.0,2.0,3.0,0.0,0.0,0.0,0.0,0.0,0.0,1,BUF
273,Rhamondre Stevenson,0.0,0.0,0.0,0.0,0.0,0.0,11.48936170212766,45.76595744680851,0.23404255319148942,1.7872340425531914,1.3617021276595744,11.063829787234043,0.0425531914893617,0.4042553191489362,8,NWE
274,Ricky Pearsall,0.0,0.21276595744680854,0.0,0.0,0.0,0.0,0.4255319148936171,1.2765957446808514,0.0,4.553191489361703,3.042553191489362,45.21276595744681,0.2765957446808511,0.0,7,SFO
275,Rico Dowdle,0.0,0.0,0.0,0.0,0.0,0.0,18.51851851851852,90.35185185185183,0.1111111111111111,2.314814814814815,1.9259259259259256,10.833333333333332,0.03703703703703703,0.27777777777777773,9,CAR
276,Rome Odunze,0.0,0.0,0.0,0.0,0.0,0.0,0.0,0.0,0.0,6.518518518518518,3.1481481481481484,43.166666666666664,0.25925925925925924,0.16666666666666669,9,CHI
277,Romeo Doubs,0.0,0.0,0.0,0.0,0.0,0.0,0.0,0.0,0.0,5.921052631578948,3.657894736842106,38.78947368421053,0.4210526315789474,0.0,6,GNB
278,Roschon Johnson,0.0,0.0,0.0,0.0,0.0,0.0,3.2727272727272725,7.0606060606060606,0.2727272727272727,0.6363636363636362,0.48484848484848475,3.4242424242424243,0.0,0.0,6,CHI
279,Russell Wilson,20.34615384615385,31.17307692307693,218.69230769230774,1.3846153846153846,0.6153846153846154,3.0192307692307696,4.269230769230769,21.09615384615385,0.19230769230769235,0.0,0.0,0.0,0.0,0.6153846153846155,8,NYG
280,Ryan Flournoy,0.0,0.0,0.0,0.0,0.0,0.0,0.0,0.0,0.0,2.1875,1.4687500000000002,15.65625,0.0,0.0,5,DAL
281,Ryan Miller,0.0,0.0,0.0,0.0,0.0,0.0,0.0,0.0,0.0,2.3243243243243246,1.5135135135135136,14.216216216216216,0.29729729729729737,0.0,6,TAM
282,Sam Darnold,24.407407407407412,35.68518518518518,289.03703703703707,2.518518518518519,0.5740740740740741,2.685185185185185,3.6666666666666665,7.944444444444445,0.07407407407407407,0.0,0.0,0.0,0.0,0.2777777777777778,9,SEA
283,Sam Howell,5.0,14.0,24.000000000000004,0.0,1.0,4.0,1.0,2.0,0.0,0.0,0.0,0.0,0.0,0.0,1,PHI
284,Sam LaPorta,0.0,0.0,0.0,0.0,0.0,0.0,0.0,0.0,0.0,7.24,4.66,53.56,0.68,0.0,8,DET
285,Samaje Perine,0.0,0.0,0.0,0.0,0.0,0.0,0.7777777777777779,5.2592592592592595,0.0,2.166666666666667,1.8518518518518516,23.777777777777782,0.037037037037037035,0.0,9,CIN
286,Saquon Barkley,0.0,0.0,0.0,0.0,0.0,0.16666666666666669,24.648148148148156,137.5,0.8148148148148148,2.203703703703704,1.574074074074074,13.166666666666666,0.037037037037037035,0.14814814814814814,9,PHI
287,Scott Miller,0.0,0.0,0.0,0.0,0.0,0.0,0.0,0.0,0.0,2.4,1.3999999999999997,17.73333333333333,0.0,0.0,2,PIT
288,Sean Tucker,0.0,0.0,0.0,0.0,0.0,0.0,5.718749999999999,27.874999999999996,0.15625,0.9687499999999999,0.53125,3.0312499999999996,0.0,0.15625,5,TAM
289,Shane Zylstra,0.0,0.0,0.0,0.0,0.0,0.0,0.0,0.0,0.0,1.0,1.0,21.999999999999996,0.0,0.0,1,DET
290,Sione Vaki,0.0,0.0,0.0,0.0,0.0,0.0,1.5384615384615383,2.769230769230769,0.0,1.3846153846153848,1.3846153846153848,13.846153846153848,0.0,0.0,2,DET
291,Spencer Rattler,15.37037037037037,29.555555555555554,171.74074074074073,0.6666666666666666,1.074074074074074,2.111111111111111,2.7777777777777777,26.37037037037037,0.0,0.0,0.0,0.0,0.0,0.7037037037037036,3,NOR
292,Sterling Shepard,0.0,0.0,0.0,0.0,0.0,0.0,0.39999999999999997,4.425,0.0,4.324999999999999,2.625,29.949999999999996,0.0,0.0,7,TAM
293,Stone Smartt,0.0,0.0,0.0,0.0,0.0,0.0,0.0,0.0,0.0,3.2,2.85,33.975,0.0,0.2,5,NYJ
294,T.J. Hockenson,0.0,0.0,0.0,0.0,0.0,0.0,0.0,0.0,0.0,6.0,4.203703703703703,50.25925925925926,0.0,0.0,9,MIN
295,Tank Bigsby,0.0,0.0,0.0,0.0,0.0,0.0,11.022222222222222,38.33333333333333,0.35555555555555557,1.0444444444444445,0.48888888888888893,2.2222222222222223,0.0,0.3777777777777778,7,JAX
296,Tanner Hudson,0.0,0.0,0.0,0.0,0.0,0.0,0.09999999999999999,0.09999999999999999,0.0,2.466666666666667,2.3000000000000003,19.3,0.09999999999999999,0.0,6,CIN
297,Tanner McKee,3.0,4.0,54.0,2.0,0.0,0.0,2.0,-2.0,0.0,0.0,0.0,0.0,0.0,0.0,1,PHI
298,Tee Higgins,0.0,0.0,0.0,0.0,0.0,0.0,0.0,0.0,0.0,9.772727272727272,6.863636363636362,84.1590909090909,1.2954545454545452,0.22727272727272727,6,CIN
299,Terry McLaurin,0.0,0.0,0.0,0.0,0.0,0.0,0.0,0.0,0.0,6.680851063829789,4.4042553191489375,54.02127659574469,0.9787234042553192,0.0,8,WAS
300,Theo Johnson,0.0,0.0,0.0,0.0,0.0,0.0,0.0,0.0,0.0,5.625000000000001,3.9374999999999996,45.75000000000001,0.12499999999999999,0.0,4,NYG
301,Tim Patrick,0.0,0.0,0.0,0.0,0.0,0.0,0.0,0.0,0.0,4.390243902439025,2.975609756097561,30.048780487804876,0.5365853658536587,0.0,7,JAX
302,Tip Reiman,0.0,0.0,0.0,0.0,0.0,0.0,0.0,0.0,0.0,1.761904761904762,1.380952380952381,10.285714285714285,0.0,0.0,3,ARI
303,Tommy DeVito,14.23076923076923,19.92307692307692,114.53846153846153,0.0,0.0,2.769230769230769,3.3076923076923075,12.307692307692307,0.0,0.0,0.0,0.0,0.0,0.0,2,NWE
304,Tommy Tremble,0.0,0.0,0.0,0.0,0.0,0.0,0.0,0.0,0.0,3.2857142857142856,2.4285714285714284,26.17142857142857,0.19999999999999998,0.0,5,CAR
305,Tony Pollard,0.0,0.0,0.0,0.0,0.0,0.0,14.59090909090909,60.04545454545454,0.2954545454545454,3.295454545454545,2.204545454545454,13.909090909090907,0.0,0.3181818181818181,8,TEN
306,Travis Etienne,0.0,0.0,0.0,0.0,0.0,0.0,10.93877551020408,39.0204081632653,0.0,3.1428571428571423,2.5510204081632653,20.612244897959183,0.0,0.0,8,JAX
307,Travis Kelce,0.0,0.0,0.0,0.0,0.0,0.0,0.0,0.0,0.0,8.907407407407407,6.0,51.537037037037045,0.24074074074074073,0.037037037037037035,9,KAN
308,Tre Tucker,0.0,0.0,0.0,0.0,0.0,0.0,0.5686274509803921,1.4117647058823528,0.0,4.882352941176471,2.450980392156863,32.98039215686274,0.3137254901960785,0.0,8,LVR
309,Trent Sherfield,0.0,0.0,0.0,0.0,0.0,0.0,0.0,0.0,0.0,1.0,1.0,9.352941176470589,0.0,0.0,4,DEN
310,Trevor Lawrence,7.0,15.25,73.0,0.0,1.25,0.49999999999999994,1.9999999999999998,6.5,0.49999999999999994,0.0,0.0,0.0,0.0,0.0,2,JAX
311,Trey Benson,0.0,0.0,0.0,0.0,0.0,0.0,4.451612903225807,24.2258064516129,0.06451612903225805,0.4838709677419354,0.4838709677419354,4.483870967741934,0.0,0.0,6,ARI
312,Trey Lance,1.222222222222222,1.5555555555555556,4.055555555555555,0.0,0.16666666666666666,0.3333333333333333,1.3333333333333335,2.555555555555555,0.0,0.0,0.0,0.0,0.0,0.0,3,LAC
313,Trey McBride,0.0,0.0,0.0,0.0,0.0,0.0,0.039999999999999994,0.07999999999999999,0.039999999999999994,10.879999999999999,8.36,82.4,0.2,0.0,8,ARI
314,Trey Palmer,0.0,0.0,0.0,0.0,0.0,0.0,0.0,0.0,0.0,2.32,1.08,17.4,0.0,0.0,5,NOR
315,Troy Franklin,0.0,0.0,0.0,0.0,0.0,0.0,0.0,0.0,0.0,3.446808510638299,1.6808510638297873,15.638297872340427,0.0851063829787234,0.0,8,DEN
316,Tua Tagovailoa,28.409090909090907,38.97727272727273,268.8636363636363,1.8636363636363633,0.6136363636363636,1.886363636363636,1.3409090909090908,0.9318181818181817,0.0,0.0,0.0,0.0,0.0,0.5454545454545454,8,MIA
317,Tucker Fisk,0.0,0.0,0.0,0.0,0.0,0.0,0.0,0.0,0.0,1.0816326530612244,1.0,5.9387755102040805,0.0,0.0,7,LAC
318,Tucker Kraft,0.0,0.0,0.0,0.0,0.0,0.0,0.21568627450980396,0.4313725490196079,0.0,3.6274509803921573,2.7058823529411766,45.529411764705884,0.23529411764705882,0.0,8,GNB
319,Tutu Atwell,0.0,0.0,0.0,0.0,0.0,0.0,0.13636363636363635,0.0,0.0,2.2499999999999996,1.6818181818181817,22.47727272727272,0.0,0.0,8,LAR
320,Ty Johnson,0.0,0.0,0.0,0.0,0.0,0.0,3.3877551020408165,16.081632653061224,0.0,2.0204081632653055,1.6122448979591835,31.367346938775505,0.14285714285714285,0.0,8,BUF
321,Tylan Wallace,0.0,0.0,0.0,0.0,0.0,0.0,0.0,0.0,0.0,1.3333333333333335,1.3333333333333335,17.22222222222222,0.08333333333333333,0.16666666666666669,6,BAL
322,Tyler Allgeier,0.0,0.0,0.0,0.0,0.0,0.0,7.775510204081631,30.244897959183668,0.18367346938775508,0.38775510204081626,0.38775510204081626,2.3061224489795915,0.0,0.0,8,ATL
323,Tyler Conklin,0.0,0.0,0.0,0.0,0.0,0.0,0.09756097560975609,0.0,0.0,5.51219512195122,4.365853658536586,38.29268292682928,0.24390243902439027,0.0,7,LAC
324,Tyler Goodson,0.0,0.0,0.0,0.0,0.0,0.0,2.2,11.100000000000001,0.0,0.4499999999999999,0.29999999999999993,1.3499999999999996,0.14999999999999997,0.0,3,IND
325,Tyler Higbee,0.0,0.0,0.0,0.0,0.0,0.0,0.0,0.0,0.0,2.526315789473684,1.5263157894736843,9.947368421052632,0.4736842105263158,0.0,2,LAR
326,Tyler Lockett,0.0,0.0,0.0,0.0,0.0,0.0,0.0,0.0,0.0,2.4705882352941173,1.9215686274509802,18.529411764705884,0.039215686274509796,0.0,8,TEN
327,Tyreek Hill,0.0,0.0,0.0,0.0,0.0,0.0,0.24074074074074073,1.3888888888888886,0.0,8.240740740740742,5.722222222222223,66.55555555555556,0.5370370370370371,0.0,9,MIA
328,Tyrell Shavers,0.0,0.0,0.0,0.0,0.0,0.0,0.0,0.0,0.0,1.0,1.0,69.0,1.0,0.0,1,BUF
329,Tyrod Taylor,11.0,14.0,83.0,2.0,0.0,0.0,2.0,6.0,0.0,0.0,0.0,0.0,0.0,1.0,1,NYJ
330,Tyrone Tracy Jr.,0.0,0.0,0.0,0.0,0.0,0.0,12.8,44.6,0.31999999999999995,4.279999999999999,2.72,23.44,0.18,0.41999999999999993,8,NYG
331,Tyson Bagent,1.0,1.0,5.466666666666666,0.0,0.0,0.0,0.0,0.0,0.0,0.0,0.0,0.0,0.0,0.0,2,CHI
332,Van Jefferson,0.0,0.0,0.0,0.0,0.0,0.0,0.0,0.0,0.0,1.884615384615385,0.9423076923076925,14.730769230769232,0.13461538461538464,0.0,8,TEN
333,Velus Jones Jr.,0.0,0.0,0.0,0.0,0.0,0.0,1.0,0.0,0.0,0.0,0.0,0.0,0.0,0.0,1,NOR
334,Wan'Dale Robinson,0.0,0.0,0.0,0.0,0.0,0.0,0.1,0.0,0.0,7.720000000000001,4.619999999999999,45.64,0.2,0.0,8,NYG
335,Will Dissly,0.0,0.0,0.0,0.0,0.0,0.0,0.0,0.0,0.0,3.1891891891891886,2.4054054054054053,27.18918918918919,0.10810810810810809,0.0,7,LAC
336,Will Mallory,0.0,0.0,0.0,0.0,0.0,0.0,0.0,0.0,0.0,1.0,0.5294117647058824,4.235294117647059,0.0,0.0,3,IND
337,Will Shipley,0.0,0.0,0.0,0.0,0.0,0.0,3.6666666666666665,13.999999999999998,0.0,0.0,0.0,0.0,0.0,0.0,2,PHI
338,Xavier Gipson,0.0,0.0,0.0,0.0,0.0,0.0,0.0,0.0,0.0,1.0,0.7692307692307693,4.769230769230769,0.0,0.0,3,NYJ
339,Xavier Hutchinson,0.0,0.0,0.0,0.0,0.0,0.0,0.0,0.0,0.0,2.1621621621621623,1.1621621621621623,10.91891891891892,0.0,0.0,6,HOU
340,Xavier Legette,0.0,0.0,0.0,0.0,0.0,0.0,0.24390243902439027,0.6829268292682927,0.0,6.634146341463415,3.4390243902439033,33.97560975609756,0.048780487804878044,0.0,7,CAR
341,Xavier Worthy,0.0,0.0,0.0,0.0,0.0,0.0,1.6851851851851856,9.222222222222223,0.14814814814814817,7.907407407407408,5.462962962962964,52.98148148148148,0.42592592592592593,0.0,9,KAN
342,Zach Charbonnet,0.0,0.0,0.0,0.0,0.0,0.0,8.84313725490196,43.86274509803922,0.5490196078431373,3.156862745098039,2.5294117647058827,18.84313725490196,0.0,0.0,8,SEA
343,Zach Ertz,0.0,0.0,0.0,0.0,0.0,0.0,0.0,0.0,0.0,4.9787234042553195,3.6382978723404262,36.57446808510638,0.7446808510638299,0.0,8,WAS
344,Zamir White,0.0,0.0,0.0,0.0,0.0,0.0,5.333333333333333,9.333333333333334,0.3333333333333333,0.0,0.0,0.0,0.0,0.0,2,LVR
345,Zay Flowers,0.0,0.0,0.0,0.0,0.0,0.0,0.31914893617021284,0.19148936170212777,0.0,6.680851063829788,3.9574468085106393,61.70212765957448,0.1702127659574468,0.0,8,BAL
346,Zay Jones,0.0,0.0,0.0,0.0,0.0,0.0,0.0,0.0,0.0,1.28,1.0,12.2,0.0,0.0,3,ARI
