name,pass_cmp,pass_att,pass_yd,pass_td,pass_int,sacks,rush_att,rush_yd,rush_td,tar,rec,rec_yd,rec_td,fum,g,team,core_pass_att,core_rush_att,core_tar,core_pass_yd,core_pass_td,core_int,core_rush_yd,core_rush_td,core_rec,core_rec_yd,core_rec_td,core_fum,proj_pass_att,proj_rush_att,proj_tar,proj_pass_yd,proj_pass_td,proj_int,proj_rush_yd,proj_rush_td,proj_rec,proj_rec_yd,proj_rec_td,proj_fum
A.J. Brown,0.0,0.0,0.0,0.0,0.0,0.0,0.0,0.0,0.0,8.02,0.68,9.27,0.07,0.0,9,PHI,0.0,0.0,7.97,0.0,0.0,0.0,0.0,0.0,5.51,73.88,0.54,0.0,0.0,0.0,7.92,0.0,0.0,0.0,0.0,0.0,5.48,69.83,0.41,0.0
AJ Barner,0.0,0.0,0.0,0.0,0.0,0.0,0.0,0.0,0.0,2.71,0.68,4.87,0.14,0.0,7,SEA,0.0,0.0,2.72,0.0,0.0,0.0,0.0,0.0,1.81,13.32,0.49,0.0,0.0,0.0,2.74,0.0,0.0,0.0,0.0,0.0,1.83,14.05,0.57,0.0
Aaron Jones,0.0,0.0,0.0,0.0,0.0,0.0,15.0,4.3,0.02,3.67,0.75,5.12,0.03,0.02,9,MIN,0.0,14.37,3.83,0.0,0.0,0.0,61.9,0.3,2.78,18.65,0.11,0.44,0.0,12.22,3.82,0.0,0.0,0.0,53.83,0.12,2.83,19.01,0.17,0.01
Aaron Rodgers,0.64,32.45,6.81,0.04,0.02,2.35,1.53,6.35,0.0,0.0,0.0,0.0,0.0,0.21,8,PIT,33.79,1.63,0.0,238.94,1.35,0.76,10.45,0.0,0.0,0.0,0.0,0.28,37.59,1.56,0.0,237.32,1.33,0.97,9.52,0.0,0.0,0.0,0.0,0.01
Adam Thielen,0.0,0.0,0.0,0.0,0.0,0.0,0.0,0.0,0.0,7.27,0.8,10.67,0.11,0.0,6,MIN,0.0,0.0,7.6,0.0,0.0,0.0,0.0,0.0,5.87,77.0,0.83,0.0,0.0,0.0,7.56,0.0,0.0,0.0,0.0,0.0,5.97,78.49,1.21,0.0
Adam Trautman,0.0,0.0,0.0,0.0,0.0,0.0,0.0,0.0,0.0,1.7,0.56,4.75,0.1,0.0,8,DEN,0.0,0.0,1.73,0.0,0.0,0.0,0.0,0.0,0.96,8.15,0.15,0.0,0.0,0.0,1.67,0.0,0.0,0.0,0.0,0.0,1.02,8.72,0.19,0.0
Adonai Mitchell,0.0,0.0,0.0,0.0,0.0,0.0,0.26,-6.0,0.0,2.89,0.43,7.23,0.0,0.07,8,IND,0.0,0.26,2.95,0.0,0.0,0.0,-1.62,0.0,1.26,20.52,0.0,0.21,0.0,0.22,3.17,0.0,0.0,0.0,-1.18,0.0,1.36,23.57,0.0,0.0
Aidan O'Connell,0.61,32.34,7.25,0.03,0.01,1.66,4.41,0.99,0.05,0.0,0.0,0.0,0.0,0.09,4,LVR,31.08,4.89,0.0,224.31,0.98,0.36,4.95,0.28,0.0,0.0,0.0,0.49,33.23,5.29,0.0,225.58,1.15,0.5,5.76,0.14,0.0,0.0,0.0,0.01
Alec Ingold,0.0,0.0,0.0,0.0,0.0,0.0,0.6,4.0,0.0,0.8,1.0,7.5,0.0,0.0,2,MIA,0.0,0.58,0.81,0.0,0.0,0.0,2.4,0.0,0.8,6.03,0.0,0.0,0.0,0.62,0.75,0.0,0.0,0.0,2.54,0.0,0.71,5.3,0.0,0.0
Alec Pierce,0.0,0.0,0.0,0.0,0.0,0.0,0.0,0.0,0.0,5.82,0.48,9.65,0.09,0.0,7,IND,0.0,0.0,5.94,0.0,0.0,0.0,0.0,0.0,2.83,55.15,0.51,0.0,0.0,0.0,6.38,0.0,0.0,0.0,0.0,0.0,3.05,63.36,0.53,0.0
Alexander Mattison,0.0,0.0,0.0,0.0,0.0,0.0,9.15,2.91,0.03,4.15,0.54,3.98,0.0,0.02,5,MIA,0.0,8.92,4.21,0.0,0.0,0.0,26.67,0.28,2.23,16.61,0.0,0.28,0.0,9.45,3.88,0.0,0.0,0.0,28.21,0.17,1.98,14.58,0.0,0.0
Allen Lazard,0.0,0.0,0.0,0.0,0.0,0.0,0.0,0.0,0.0,3.35,0.31,3.47,0.0,0.0,4,NYJ,0.0,0.0,3.19,0.0,0.0,0.0,0.0,0.0,0.98,11.06,0.0,0.0,0.0,0.0,3.16,0.0,0.0,0.0,0.0,0.0,1.05,11.74,0.0,0.0
Alvin Kamara,0.0,0.0,0.0,0.0,0.0,0.0,15.67,3.87,0.0,5.43,0.82,6.88,0.05,0.0,6,NOR,0.0,14.87,5.53,0.0,0.0,0.0,55.4,0.0,4.51,37.67,0.25,0.0,0.0,18.18,5.04,0.0,0.0,0.0,68.25,0.0,4.39,31.73,0.22,0.0
Amon-Ra St. Brown,0.0,0.0,0.0,0.0,0.0,0.0,0.2,4.91,0.0,9.57,0.81,9.21,0.08,0.02,9,DET,0.0,0.19,9.88,0.0,0.0,0.0,0.93,0.0,7.62,85.23,0.77,0.22,0.0,0.21,8.27,0.0,0.0,0.0,1.14,0.0,6.58,87.23,0.65,0.0
Andrei Iosivas,0.0,0.0,0.0,0.0,0.0,0.0,0.0,0.0,0.0,3.88,0.69,9.97,0.09,0.0,8,CIN,0.0,0.0,3.93,0.0,0.0,0.0,0.0,0.0,2.68,38.4,0.32,0.0,0.0,0.0,3.89,0.0,0.0,0.0,0.0,0.0,2.63,41.27,0.27,0.0
Andrew Beck,0.0,0.0,0.0,0.0,0.0,0.0,0.0,0.0,0.0,1.0,0.0,0.0,0.0,0.0,1,NYJ,0.0,0.0,0.95,0.0,0.0,0.0,0.0,0.0,0.0,0.0,0.0,0.0,0.0,0.0,0.94,0.0,0.0,0.0,0.0,0.0,0.0,0.0,0.0,0.0
Andrew Ogletree,0.0,0.0,0.0,0.0,0.0,0.0,0.0,0.0,0.0,1.22,0.39,5.15,0.0,0.0,5,IND,0.0,0.0,1.25,0.0,0.0,0.0,0.0,0.0,0.48,6.17,0.0,0.0,0.0,0.0,1.34,0.0,0.0,0.0,0.0,0.0,0.52,7.09,0.0,0.0
Anthony Gould,0.0,0.0,0.0,0.0,0.0,0.0,0.0,0.0,0.0,1.0,1.0,23.0,0.0,0.0,1,IND,0.0,0.0,1.02,0.0,0.0,0.0,0.0,0.0,1.01,22.59,0.0,0.0,0.0,0.0,1.1,0.0,0.0,0.0,0.0,0.0,1.09,25.95,0.0,0.0
Anthony Richardson,0.5,25.22,6.39,0.03,0.05,1.03,8.78,6.12,0.11,0.25,1.0,-1.0,0.0,0.04,5,IND,25.75,8.73,0.26,158.25,0.74,1.21,55.94,0.87,0.25,-0.25,0.0,0.34,27.67,7.28,0.27,181.82,0.77,1.41,40.68,0.65,0.27,-0.28,0.0,0.01
Antonio Gibson,0.0,0.0,0.0,0.0,0.0,0.0,7.89,4.91,0.02,1.28,0.75,7.03,0.0,0.02,8,NWE,0.0,7.76,1.28,0.0,0.0,0.0,37.42,0.16,0.93,8.77,0.0,0.21,0.0,6.26,1.55,0.0,0.0,0.0,28.92,0.05,1.13,9.86,0.0,0.0
Ashton Dulin,0.0,0.0,0.0,0.0,0.0,0.0,0.7,7.86,0.0,0.9,0.0,0.0,0.0,0.0,3,IND,0.0,0.7,0.92,0.0,0.0,0.0,5.73,0.0,0.0,0.0,0.0,0.0,0.0,0.58,0.99,0.0,0.0,0.0,4.17,0.0,0.0,0.0,0.0,0.0
Austin Ekeler,0.0,0.0,0.0,0.0,0.0,0.0,8.14,3.11,0.07,4.64,0.78,7.22,0.0,0.05,4,WAS,0.0,8.03,4.92,0.0,0.0,0.0,25.05,0.54,3.84,36.26,0.0,0.5,0.0,7.83,5.31,0.0,0.0,0.0,21.19,0.43,4.54,38.32,0.0,0.01
Austin Hooper,0.0,0.0,0.0,0.0,0.0,0.0,0.0,0.0,0.0,3.68,0.93,10.89,0.06,0.03,8,NWE,0.0,0.0,3.68,0.0,0.0,0.0,0.0,0.0,3.32,39.07,0.21,0.13,0.0,0.0,4.45,0.0,0.0,0.0,0.0,0.0,4.03,43.93,0.21,0.0
Baker Mayfield,0.74,32.46,8.82,0.08,0.03,2.52,2.44,7.57,0.04,0.0,0.0,0.0,0.0,0.39,8,TAM,33.8,2.23,0.0,300.89,2.43,1.03,15.28,0.09,0.0,0.0,0.0,0.83,34.79,2.31,0.0,313.89,2.81,2.34,14.91,0.08,0.0,0.0,0.0,0.01
Ben Sims,0.0,0.0,0.0,0.0,0.0,0.0,0.0,0.0,0.0,1.0,1.0,2.0,0.0,0.0,1,GNB,0.0,0.0,0.94,0.0,0.0,0.0,0.0,0.0,0.97,1.86,0.0,0.0,0.0,0.0,0.93,0.0,0.0,0.0,0.0,0.0,0.86,1.68,0.0,0.0
Ben Sinnott,0.0,0.0,0.0,0.0,0.0,0.0,0.0,0.0,0.0,1.0,1.0,6.13,0.0,0.0,3,WAS,0.0,0.0,1.06,0.0,0.0,0.0,0.0,0.0,1.06,6.63,0.0,0.0,0.0,0.0,1.14,0.0,0.0,0.0,0.0,0.0,1.25,7.01,0.0,0.0
Ben Skowronek,0.0,0.0,0.0,0.0,0.0,0.0,0.0,0.0,0.0,1.33,1.0,14.31,0.0,0.0,4,PIT,0.0,0.0,1.38,0.0,0.0,0.0,0.0,0.0,1.43,20.58,0.0,0.0,0.0,0.0,1.54,0.0,0.0,0.0,0.0,0.0,1.54,20.44,0.0,0.0
Ben VanSumeren,0.0,0.0,0.0,0.0,0.0,0.0,0.0,0.0,0.0,1.0,1.0,0.0,0.0,0.0,1,PHI,0.0,0.0,0.99,0.0,0.0,0.0,0.0,0.0,1.01,0.0,0.0,0.0,0.0,0.0,0.99,0.0,0.0,0.0,0.0,0.0,1.01,0.0,0.0,0.0
Bijan Robinson,0.0,0.0,0.0,0.0,0.0,0.0,20.41,4.66,0.06,3.59,0.82,4.64,0.0,0.01,8,ATL,0.0,19.87,3.53,0.0,0.0,0.0,92.31,1.21,2.94,16.27,0.0,0.24,0.0,18.5,3.99,0.0,0.0,0.0,77.38,1.01,3.27,18.13,0.0,0.0
Blake Corum,0.0,0.0,0.0,0.0,0.0,0.0,4.37,3.17,0.0,0.57,0.74,5.45,0.0,0.0,9,LAR,0.0,4.39,0.57,0.0,0.0,0.0,14.17,0.0,0.42,3.29,0.0,0.0,0.0,5.1,0.47,0.0,0.0,0.0,16.55,0.0,0.38,2.79,0.0,0.0
Blake Whiteheart,0.0,0.0,0.0,0.0,0.0,0.0,0.0,0.0,0.0,1.0,0.42,6.25,0.0,0.0,5,CLE,0.0,0.0,0.96,0.0,0.0,0.0,0.0,0.0,0.41,6.02,0.0,0.0,0.0,0.0,1.02,0.0,0.0,0.0,0.0,0.0,0.4,5.68,0.0,0.0
Bo Nix,0.68,34.94,6.73,0.07,0.03,1.47,4.53,3.97,0.0,0.04,1.0,2.0,1.0,0.1,8,DEN,35.5,4.89,0.04,237.23,2.16,0.96,19.39,0.0,0.04,0.08,0.04,0.52,34.24,5.2,0.04,253.82,2.71,1.69,18.93,0.0,0.04,0.09,0.04,0.01
Braelon Allen,0.0,0.0,0.0,0.0,0.0,0.0,4.86,3.51,0.0,1.24,0.85,7.02,0.0,0.0,8,NYJ,0.0,4.87,1.18,0.0,0.0,0.0,17.33,0.0,0.99,8.28,0.0,0.0,0.0,4.55,1.17,0.0,0.0,0.0,16.56,0.0,1.06,8.79,0.0,0.0
Brandin Cooks,0.0,0.0,0.0,0.0,0.0,0.0,0.0,0.0,0.0,5.25,0.55,6.39,0.06,0.0,5,NOR,0.0,0.0,5.35,0.0,0.0,0.0,0.0,0.0,2.93,33.82,0.29,0.0,0.0,0.0,4.87,0.0,0.0,0.0,0.0,0.0,2.85,28.49,0.26,0.0
Brandon Allen,0.56,12.67,6.55,0.03,0.08,0.83,0.83,2.5,0.0,0.0,0.0,0.0,0.0,1.0,2,TEN,12.68,0.78,0.0,81.92,0.36,0.83,1.93,0.0,0.0,0.0,0.0,0.96,14.33,0.81,0.0,92.31,0.35,1.11,2.13,0.0,0.0,0.0,0.0,0.01
Breece Hall,0.0,0.0,0.0,0.0,0.0,0.0,11.76,4.32,0.02,3.19,0.86,6.54,0.03,0.02,7,NYJ,0.0,11.78,3.04,0.0,0.0,0.0,51.61,0.28,2.59,19.85,0.09,0.33,0.0,11.0,3.01,0.0,0.0,0.0,49.32,0.28,2.77,21.07,0.13,0.01
Brenton Strange,0.0,0.0,0.0,0.0,0.0,0.0,0.0,0.0,0.0,3.7,0.74,6.39,0.0,0.05,7,JAX,0.0,0.0,3.79,0.0,0.0,0.0,0.0,0.0,2.83,24.36,0.0,0.18,0.0,0.0,3.45,0.0,0.0,0.0,0.0,0.0,2.61,22.97,0.0,0.0
Brevyn Spann-Ford,0.0,0.0,0.0,0.0,0.0,0.0,0.0,0.0,0.0,2.24,0.89,8.0,0.0,0.0,3,DAL,0.0,0.0,2.33,0.0,0.0,0.0,0.0,0.0,2.11,19.47,0.0,0.0,0.0,0.0,1.95,0.0,0.0,0.0,0.0,0.0,1.84,17.8,0.0,0.0
Brian Robinson Jr.,0.0,0.0,0.0,0.0,0.0,0.0,13.64,3.96,0.02,2.17,0.85,6.0,0.0,0.03,6,SFO,0.0,14.57,2.03,0.0,0.0,0.0,60.16,0.33,1.7,11.91,0.0,0.47,0.0,15.92,2.14,0.0,0.0,0.0,68.45,0.41,1.61,12.11,0.0,0.0
Brian Thomas,0.0,0.0,0.0,0.0,0.0,0.0,0.41,13.1,0.0,10.57,0.66,8.5,0.08,0.0,8,JAX,0.0,0.41,10.83,0.0,0.0,0.0,5.61,0.0,7.21,92.59,0.85,0.0,0.0,0.33,9.84,0.0,0.0,0.0,4.89,0.0,6.65,87.29,1.01,0.0
Brock Bowers,0.0,0.0,0.0,0.0,0.0,0.0,0.53,0.41,0.0,9.49,0.74,8.07,0.02,0.0,8,LVR,0.0,0.59,9.12,0.0,0.0,0.0,0.25,0.0,6.8,73.27,0.19,0.0,0.0,0.64,9.75,0.0,0.0,0.0,0.29,0.0,7.25,73.68,0.23,0.0
Brock Purdy,0.67,31.09,8.39,0.05,0.03,2.28,3.26,4.51,0.09,0.0,0.0,0.0,0.0,0.06,7,SFO,29.02,3.48,0.0,238.62,1.57,1.0,16.38,0.35,0.0,0.0,0.0,0.2,30.65,3.8,0.0,242.58,1.15,0.59,18.63,0.44,0.0,0.0,0.0,0.0
Brock Wright,0.0,0.0,0.0,0.0,0.0,0.0,0.0,0.0,0.0,1.21,0.76,7.59,0.14,0.0,5,DET,0.0,0.0,1.25,0.0,0.0,0.0,0.0,0.0,0.9,8.88,0.17,0.0,0.0,0.0,1.05,0.0,0.0,0.0,0.0,0.0,0.78,9.09,0.14,0.0
Bryce Oliver,0.0,0.0,0.0,0.0,0.0,0.0,0.0,0.0,0.0,1.5,0.76,11.42,0.0,0.0,4,TEN,0.0,0.0,1.5,0.0,0.0,0.0,0.0,0.0,1.15,16.91,0.0,0.0,0.0,0.0,1.7,0.0,0.0,0.0,0.0,0.0,1.27,19.05,0.0,0.0
Bryce Young,0.6,31.08,6.67,0.04,0.02,3.06,3.7,7.03,0.12,0.0,0.0,0.0,0.0,0.22,8,CAR,31.28,3.96,0.0,215.14,1.47,0.81,29.17,0.46,0.0,0.0,0.0,0.7,30.34,3.62,0.0,190.46,0.81,0.28,27.31,0.42,0.0,0.0,0.0,0.01
Bucky Irving,0.0,0.0,0.0,0.0,0.0,0.0,15.1,5.72,0.03,3.06,1.0,10.71,0.0,0.01,8,TAM,0.0,13.78,3.19,0.0,0.0,0.0,71.47,0.43,3.12,34.44,0.0,0.16,0.0,14.32,3.28,0.0,0.0,0.0,69.71,0.36,3.1,35.93,0.0,0.0
C.J. Stroud,0.6,32.62,6.45,0.03,0.03,3.49,3.23,4.46,0.0,0.04,0.0,0.0,0.0,0.08,8,HOU,32.16,3.29,0.04,205.18,1.05,0.97,14.92,0.0,0.0,0.0,0.0,0.28,35.26,2.55,0.04,219.69,0.9,0.33,8.7,0.0,0.0,0.0,0.0,0.0
Cade Otton,0.0,0.0,0.0,0.0,0.0,0.0,0.0,0.0,0.0,5.0,0.63,7.81,0.01,0.0,6,TAM,0.0,0.0,5.21,0.0,0.0,0.0,0.0,0.0,3.21,41.04,0.05,0.0,0.0,0.0,5.36,0.0,0.0,0.0,0.0,0.0,3.19,42.81,0.05,0.0
Cade Stover,0.0,0.0,0.0,0.0,0.0,0.0,0.0,0.0,0.0,1.8,0.78,4.26,0.09,0.0,6,HOU,0.0,0.0,1.77,0.0,0.0,0.0,0.0,0.0,1.38,7.48,0.17,0.0,0.0,0.0,1.95,0.0,0.0,0.0,0.0,0.0,1.54,8.01,0.15,0.0
Caleb Williams,0.62,33.59,6.42,0.04,0.01,4.61,4.96,6.06,0.0,0.0,0.0,0.0,0.0,0.16,9,CHI,31.85,5.11,0.0,208.8,1.52,0.36,32.41,0.0,0.0,0.0,0.0,0.81,35.6,4.45,0.0,254.6,1.54,0.34,27.57,0.0,0.0,0.0,0.0,0.02
Calvin Austin III,0.0,0.0,0.0,0.0,0.0,0.0,0.0,0.0,0.0,4.15,0.74,9.55,0.05,0.0,8,PIT,0.0,0.0,4.32,0.0,0.0,0.0,0.0,0.0,3.29,42.85,0.22,0.0,0.0,0.0,4.81,0.0,0.0,0.0,0.0,0.0,3.56,42.56,0.21,0.0
Calvin Ridley,0.0,0.0,0.0,0.0,0.0,0.0,0.33,12.33,0.0,6.81,0.62,9.91,0.04,0.0,9,TEN,0.0,0.31,6.82,0.0,0.0,0.0,3.78,0.0,4.27,66.62,0.26,0.0,0.0,0.32,7.7,0.0,0.0,0.0,4.17,0.0,4.69,75.06,0.25,0.0
Cam Grandy,0.0,0.0,0.0,0.0,0.0,0.0,0.0,0.0,0.0,1.38,1.0,5.72,0.0,0.0,3,CIN,0.0,0.0,1.4,0.0,0.0,0.0,0.0,0.0,1.38,7.84,0.0,0.0,0.0,0.0,1.38,0.0,0.0,0.0,0.0,0.0,1.35,8.42,0.0,0.0
Casey Washington,0.0,0.0,0.0,0.0,0.0,0.0,0.0,0.0,0.0,1.0,0.0,0.0,0.0,0.0,1,ATL,0.0,0.0,0.98,0.0,0.0,0.0,0.0,0.0,0.0,0.0,0.0,0.0,0.0,0.0,1.11,0.0,0.0,0.0,0.0,0.0,0.0,0.0,0.0,0.0
Cedric Tillman,0.0,0.0,0.0,0.0,0.0,0.0,0.0,0.0,0.0,6.73,0.46,6.46,0.03,0.07,3,CLE,0.0,0.0,6.47,0.0,0.0,0.0,0.0,0.0,3.0,41.85,0.2,0.45,0.0,0.0,6.89,0.0,0.0,0.0,0.0,0.0,2.97,39.52,0.15,0.01
CeeDee Lamb,0.0,0.0,0.0,0.0,0.0,0.0,0.52,4.48,0.0,9.61,0.72,8.56,0.04,0.0,8,DAL,0.0,0.52,9.99,0.0,0.0,0.0,2.33,0.0,7.33,89.35,0.36,0.0,0.0,0.62,8.35,0.0,0.0,0.0,2.68,0.0,6.39,81.71,0.32,0.0
Charlie Kolar,0.0,0.0,0.0,0.0,0.0,0.0,0.0,0.0,0.0,1.0,1.0,5.25,0.0,0.0,2,BAL,0.0,0.0,1.02,0.0,0.0,0.0,0.0,0.0,1.02,5.31,0.0,0.0,0.0,0.0,0.88,0.0,0.0,0.0,0.0,0.0,0.92,5.14,0.0,0.0
Charlie Woerner,0.0,0.0,0.0,0.0,0.0,0.0,0.0,0.0,0.0,1.58,0.57,3.28,0.0,0.0,6,ATL,0.0,0.0,1.55,0.0,0.0,0.0,0.0,0.0,0.9,5.06,0.0,0.0,0.0,0.0,1.76,0.0,0.0,0.0,0.0,0.0,1.0,5.64,0.0,0.0
Chase Brown,0.0,0.0,0.0,0.0,0.0,0.0,18.63,4.16,0.02,4.82,0.88,6.88,0.07,0.0,8,CIN,0.0,18.92,4.89,0.0,0.0,0.0,80.34,0.36,4.25,32.92,0.31,0.0,0.0,23.14,4.84,0.0,0.0,0.0,100.4,0.44,4.16,35.38,0.26,0.0
Chigoziem Okonkwo,0.0,0.0,0.0,0.0,0.0,0.0,0.19,17.0,0.0,6.39,0.74,6.91,0.01,0.0,9,TEN,0.0,0.18,6.39,0.0,0.0,0.0,3.0,0.0,4.79,43.58,0.06,0.0,0.0,0.19,7.23,0.0,0.0,0.0,3.31,0.0,5.26,49.11,0.06,0.0
Chris Brooks,0.0,0.0,0.0,0.0,0.0,0.0,2.71,4.73,0.08,1.22,0.96,5.58,0.0,0.0,7,GNB,0.0,2.75,1.15,0.0,0.0,0.0,13.19,0.21,1.14,6.33,0.0,0.0,0.0,3.29,1.14,0.0,0.0,0.0,17.51,0.32,1.0,5.73,0.0,0.0
Chris Manhertz,0.0,0.0,0.0,0.0,0.0,0.0,0.0,0.0,0.0,1.0,1.0,10.33,0.17,0.0,2,NYG,0.0,0.0,0.99,0.0,0.0,0.0,0.0,0.0,1.0,10.31,0.16,0.0,0.0,0.0,0.96,0.0,0.0,0.0,0.0,0.0,1.05,10.94,0.19,0.0
Chris Olave,0.0,0.0,0.0,0.0,0.0,0.0,0.0,0.0,0.0,1.0,1.0,13.0,0.0,0.0,1,NOR,0.0,0.0,1.02,0.0,0.0,0.0,0.0,0.0,1.01,13.11,0.0,0.0,0.0,0.0,0.93,0.0,0.0,0.0,0.0,0.0,0.99,11.04,0.0,0.0
Chris Rodriguez,0.0,0.0,0.0,0.0,0.0,0.0,5.03,4.72,0.08,0.26,1.0,12.0,0.0,0.0,6,WAS,0.0,4.96,0.28,0.0,0.0,0.0,23.49,0.38,0.28,3.38,0.0,0.0,0.0,4.84,0.3,0.0,0.0,0.0,19.87,0.31,0.33,3.57,0.0,0.0
Christian McCaffrey,0.0,0.0,0.0,0.0,0.0,0.0,11.78,4.27,0.0,4.39,0.77,7.35,0.0,0.02,4,SFO,0.0,12.59,4.1,0.0,0.0,0.0,56.02,0.0,3.12,29.52,0.0,0.32,0.0,13.75,4.33,0.0,0.0,0.0,63.75,0.0,2.95,30.01,0.0,0.0
Christian Watson,0.0,0.0,0.0,0.0,0.0,0.0,0.56,9.87,0.0,4.27,0.49,13.27,0.0,0.04,7,GNB,0.0,0.57,4.02,0.0,0.0,0.0,5.69,0.0,2.03,52.72,0.0,0.2,0.0,0.68,3.98,0.0,0.0,0.0,7.55,0.0,1.8,47.72,0.0,0.0
Chuba Hubbard,0.0,0.0,0.0,0.0,0.0,0.0,18.82,4.54,0.05,4.03,0.73,2.58,0.0,0.01,7,CAR,0.0,20.16,4.06,0.0,0.0,0.0,95.81,0.97,2.97,10.79,0.0,0.19,0.0,18.43,3.93,0.0,0.0,0.0,89.7,0.89,2.88,9.55,0.0,0.0
Cody White,0.0,0.0,0.0,0.0,0.0,0.0,0.0,0.0,0.0,3.0,0.67,14.67,0.0,0.0,1,SEA,0.0,0.0,3.01,0.0,0.0,0.0,0.0,0.0,1.98,44.4,0.0,0.0,0.0,0.0,3.03,0.0,0.0,0.0,0.0,0.0,2.0,46.85,0.0,0.0
Colby Parkinson,0.0,0.0,0.0,0.0,0.0,0.0,0.0,0.0,0.0,1.76,0.44,5.22,0.05,0.0,7,LAR,0.0,0.0,1.75,0.0,0.0,0.0,0.0,0.0,0.78,9.72,0.09,0.0,0.0,0.0,1.45,0.0,0.0,0.0,0.0,0.0,0.69,8.25,0.09,0.0
Cole Kmet,0.0,0.0,0.0,0.0,0.0,0.0,0.0,0.0,0.0,3.37,0.82,7.42,0.08,0.0,6,CHI,0.0,0.0,3.2,0.0,0.0,0.0,0.0,0.0,2.65,24.21,0.31,0.0,0.0,0.0,3.57,0.0,0.0,0.0,0.0,0.0,2.7,29.52,0.31,0.0
Connor Heyward,0.0,0.0,0.0,0.0,0.0,0.0,0.0,0.0,0.0,1.0,1.0,5.63,0.0,0.0,2,PIT,0.0,0.0,1.04,0.0,0.0,0.0,0.0,0.0,1.07,6.09,0.0,0.0,0.0,0.0,1.16,0.0,0.0,0.0,0.0,0.0,1.16,6.05,0.0,0.0
Cooper Kupp,0.0,0.0,0.0,0.0,0.0,0.0,0.0,0.0,0.0,5.87,0.62,7.65,0.06,0.02,9,SEA,0.0,0.0,5.89,0.0,0.0,0.0,0.0,0.0,3.58,45.31,0.46,0.14,0.0,0.0,5.93,0.0,0.0,0.0,0.0,0.0,3.62,47.81,0.53,0.0
Cooper Rush,0.61,32.57,6.41,0.04,0.02,1.41,2.76,0.58,0.0,0.0,0.0,0.0,0.0,0.29,9,BAL,33.15,2.8,0.0,211.34,1.21,0.52,1.66,0.0,0.0,0.0,0.0,0.64,28.7,2.83,0.0,204.47,1.32,0.23,1.64,0.0,0.0,0.0,0.0,0.01
Courtland Sutton,1.0,0.04,2.0,1.0,0.0,0.0,0.0,0.0,0.0,8.49,0.64,7.82,0.08,0.0,8,DEN,0.04,0.0,8.63,0.08,0.04,0.0,0.0,0.0,5.48,66.98,0.6,0.0,0.04,0.0,8.32,0.09,0.04,0.0,0.0,0.0,5.8,71.66,0.75,0.0
Craig Reynolds,0.0,0.0,0.0,0.0,0.0,0.0,4.25,4.92,0.0,1.04,1.0,13.62,0.0,0.0,4,DET,0.0,3.95,1.07,0.0,0.0,0.0,19.84,0.0,1.02,13.7,0.0,0.0,0.0,4.44,0.9,0.0,0.0,0.0,24.25,0.0,0.88,14.02,0.0,0.0
Curtis Samuel,0.0,0.0,0.0,0.0,0.0,0.0,0.43,3.77,0.0,2.9,0.62,5.17,0.05,0.0,6,BUF,0.0,0.43,2.83,0.0,0.0,0.0,1.65,0.0,1.75,14.68,0.14,0.0,0.0,0.46,2.66,0.0,0.0,0.0,1.58,0.0,1.66,14.17,0.12,0.0
D'Andre Swift,0.0,0.0,0.0,0.0,0.0,0.0,13.3,3.56,0.01,2.96,0.83,7.42,0.0,0.0,9,CHI,0.0,13.7,2.81,0.0,0.0,0.0,51.05,0.14,2.36,21.27,0.0,0.0,0.0,11.94,3.14,0.0,0.0,0.0,43.43,0.19,2.4,25.93,0.0,0.0
D'Wayne Eskridge,0.0,0.0,0.0,0.0,0.0,0.0,0.0,0.0,0.0,1.0,1.0,8.0,0.0,0.0,1,MIA,0.0,0.0,1.01,0.0,0.0,0.0,0.0,0.0,1.0,8.04,0.0,0.0,0.0,0.0,0.93,0.0,0.0,0.0,0.0,0.0,0.89,7.06,0.0,0.0
D.J. Moore,0.0,0.09,0.0,0.0,0.0,0.0,1.2,5.91,0.0,8.98,0.74,6.93,0.02,0.0,9,CHI,0.09,1.24,8.51,0.0,0.0,0.0,7.65,0.0,6.38,60.26,0.2,0.0,0.1,1.08,9.52,0.0,0.0,0.0,6.5,0.0,6.5,73.47,0.21,0.0
D.K. Metcalf,0.0,0.0,0.0,0.0,0.0,0.0,0.0,0.0,0.0,5.59,0.66,9.02,0.03,0.0,7,PIT,0.0,0.0,5.82,0.0,0.0,0.0,0.0,0.0,3.96,54.52,0.17,0.0,0.0,0.0,6.48,0.0,0.0,0.0,0.0,0.0,4.28,54.15,0.17,0.0
Dak Prescott,0.75,24.0,5.54,0.04,0.0,3.0,3.0,10.0,0.0,0.0,0.0,0.0,0.0,0.0,1,DAL,24.95,3.02,0.0,144.42,0.91,0.0,29.97,0.0,0.0,0.0,0.0,0.0,20.85,3.6,0.0,132.07,0.8,0.0,34.55,0.0,0.0,0.0,0.0,0.0
Dallas Goedert,0.0,0.0,0.0,0.0,0.0,0.0,0.0,0.0,0.0,4.33,0.82,8.0,0.12,0.05,4,PHI,0.0,0.0,4.3,0.0,0.0,0.0,0.0,0.0,3.59,34.42,0.5,0.19,0.0,0.0,4.27,0.0,0.0,0.0,0.0,0.0,3.57,32.53,0.38,0.0
Dalton Kincaid,0.0,0.0,0.0,0.0,0.0,0.0,0.0,0.0,0.0,5.44,0.59,5.37,0.0,0.0,5,BUF,0.0,0.0,5.31,0.0,0.0,0.0,0.0,0.0,3.13,28.61,0.0,0.0,0.0,0.0,5.0,0.0,0.0,0.0,0.0,0.0,2.96,27.6,0.0,0.0
Dalton Schultz,0.0,0.0,0.0,0.0,0.0,0.0,0.0,0.0,0.0,5.7,0.58,5.81,0.06,0.0,8,HOU,0.0,0.0,5.62,0.0,0.0,0.0,0.0,0.0,3.26,32.3,0.37,0.0,0.0,0.0,6.16,0.0,0.0,0.0,0.0,0.0,3.62,34.58,0.32,0.0
Dameon Pierce,0.0,0.0,0.0,0.0,0.0,0.0,2.17,2.76,0.0,0.21,1.0,1.0,0.0,0.0,4,HOU,0.0,2.21,0.21,0.0,0.0,0.0,6.2,0.0,0.21,0.2,0.0,0.0,0.0,1.71,0.23,0.0,0.0,0.0,3.62,0.0,0.23,0.22,0.0,0.0
Daniel Bellinger,0.0,0.0,0.0,0.0,0.0,0.0,0.0,0.0,0.0,3.79,0.75,7.03,0.0,0.0,3,NYG,0.0,0.0,3.75,0.0,0.0,0.0,0.0,0.0,2.84,26.59,0.0,0.0,0.0,0.0,3.65,0.0,0.0,0.0,0.0,0.0,2.98,28.21,0.0,0.0
Daniel Jones,0.65,32.6,5.63,0.02,0.04,2.0,7.0,5.31,0.14,0.0,0.0,0.0,0.0,0.06,2,IND,33.28,6.96,0.0,180.23,0.64,1.25,38.7,0.88,0.0,0.0,0.0,0.4,35.76,5.81,0.0,207.07,0.66,1.45,28.14,0.66,0.0,0.0,0.0,0.01
Dare Ogunbowale,0.0,0.0,0.0,0.0,0.0,0.0,0.92,13.06,0.0,1.06,0.37,2.74,0.0,0.0,6,HOU,0.0,0.94,1.05,0.0,0.0,0.0,12.44,0.0,0.39,2.83,0.0,0.0,0.0,0.73,1.15,0.0,0.0,0.0,7.26,0.0,0.43,3.03,0.0,0.0
Darius Slayton,0.0,0.0,0.0,0.0,0.0,0.0,0.23,6.91,0.0,3.19,0.39,6.48,0.07,0.0,7,NYG,0.0,0.23,3.16,0.0,0.0,0.0,1.54,0.0,1.24,20.63,0.21,0.0,0.0,0.23,3.07,0.0,0.0,0.0,1.66,0.0,1.3,21.89,0.24,0.0
Darnell Mooney,0.0,0.0,0.0,0.0,0.0,0.0,0.0,0.0,0.0,5.27,0.61,10.83,0.01,0.0,8,ATL,0.0,0.0,5.18,0.0,0.0,0.0,0.0,0.0,3.21,55.76,0.05,0.0,0.0,0.0,5.85,0.0,0.0,0.0,0.0,0.0,3.57,62.13,0.03,0.0
Darnell Washington,0.0,0.0,0.0,0.0,0.0,0.0,0.0,0.0,0.0,1.8,0.67,6.29,0.0,0.0,6,PIT,0.0,0.0,1.87,0.0,0.0,0.0,0.0,0.0,1.29,12.24,0.0,0.0,0.0,0.0,2.09,0.0,0.0,0.0,0.0,0.0,1.4,12.16,0.0,0.0
Davante Adams,0.0,0.0,0.0,0.0,0.0,0.0,0.0,0.0,0.0,10.84,0.63,8.26,0.08,0.0,8,LAR,0.0,0.0,10.79,0.0,0.0,0.0,0.0,0.0,6.86,94.77,0.91,0.0,0.0,0.0,8.92,0.0,0.0,0.0,0.0,0.0,6.1,80.36,0.92,0.0
David Martin-Robinson,0.0,0.0,0.0,0.0,0.0,0.0,0.0,0.0,0.0,1.0,0.56,3.38,0.0,0.0,2,TEN,0.0,0.0,1.0,0.0,0.0,0.0,0.0,0.0,0.57,3.34,0.0,0.0,0.0,0.0,1.13,0.0,0.0,0.0,0.0,0.0,0.62,3.76,0.0,0.0
David Montgomery,0.0,0.0,0.0,0.0,0.0,0.0,12.4,3.79,0.05,3.54,0.98,8.65,0.0,0.01,7,DET,0.0,11.53,3.65,0.0,0.0,0.0,44.59,0.54,3.41,29.61,0.0,0.17,0.0,12.95,3.06,0.0,0.0,0.0,54.5,0.73,2.95,30.31,0.0,0.0
David Moore,0.0,0.0,0.0,0.0,0.0,0.0,0.18,0.0,0.0,4.56,0.56,6.96,0.06,0.0,8,CAR,0.0,0.19,4.59,0.0,0.0,0.0,0.0,0.0,2.58,32.94,0.32,0.0,0.0,0.18,4.45,0.0,0.0,0.0,0.0,0.0,2.5,29.16,0.18,0.0
David Njoku,0.0,0.0,0.0,0.0,0.0,0.0,0.0,0.0,0.0,10.85,0.63,4.54,0.05,0.0,6,CLE,0.0,0.0,10.43,0.0,0.0,0.0,0.0,0.0,6.63,47.41,0.53,0.0,0.0,0.0,11.1,0.0,0.0,0.0,0.0,0.0,6.55,44.78,0.41,0.0
Davis Allen,0.0,0.0,0.0,0.0,0.0,0.0,0.0,0.0,0.0,1.95,0.44,2.87,0.0,0.0,4,LAR,0.0,0.0,1.94,0.0,0.0,0.0,0.0,0.0,0.86,5.92,0.0,0.0,0.0,0.0,1.6,0.0,0.0,0.0,0.0,0.0,0.77,5.02,0.0,0.0
Davis Mills,1.0,1.0,5.0,0.0,0.0,0.0,0.0,0.0,0.0,0.0,0.0,0.0,0.0,0.0,1,HOU,0.99,0.0,0.0,4.88,0.0,0.0,0.0,0.0,0.0,0.0,0.0,0.0,1.08,0.0,0.0,5.22,0.0,0.0,0.0,0.0,0.0,0.0,0.0,0.0
Dawson Knox,0.0,0.0,0.0,0.0,0.0,0.0,0.0,0.0,0.0,2.61,0.68,9.65,0.0,0.0,8,BUF,0.0,0.0,2.55,0.0,0.0,0.0,0.0,0.0,1.73,24.67,0.0,0.0,0.0,0.0,2.4,0.0,0.0,0.0,0.0,0.0,1.64,23.8,0.0,0.0
De'Von Achane,0.0,0.0,0.0,0.0,0.0,0.0,12.35,3.9,0.03,5.72,0.91,6.8,0.06,0.01,9,MIA,0.0,12.03,5.8,0.0,0.0,0.0,48.25,0.38,5.19,39.11,0.32,0.19,0.0,12.76,5.35,0.0,0.0,0.0,51.03,0.23,4.61,34.33,0.39,0.0
DeAndre Carter,0.0,0.0,0.0,0.0,0.0,0.0,0.0,0.0,0.0,1.0,1.0,5.0,0.0,0.0,1,CLE,0.0,0.0,0.96,0.0,0.0,0.0,0.0,0.0,0.97,4.81,0.0,0.0,0.0,0.0,1.02,0.0,0.0,0.0,0.0,0.0,0.96,4.55,0.0,0.0
DeAndre Hopkins,0.0,0.0,0.0,0.0,0.0,0.0,0.0,0.0,0.0,5.93,0.67,6.52,0.05,0.0,9,BAL,0.0,0.0,6.04,0.0,0.0,0.0,0.0,0.0,4.06,39.14,0.27,0.0,0.0,0.0,5.23,0.0,0.0,0.0,0.0,0.0,3.64,37.87,0.3,0.0
DeVonta Smith,0.0,0.0,0.0,0.0,0.0,0.0,0.19,1.0,0.0,7.56,0.8,9.61,0.11,0.0,7,PHI,0.0,0.17,7.51,0.0,0.0,0.0,0.16,0.0,6.11,72.2,0.8,0.0,0.0,0.14,7.46,0.0,0.0,0.0,0.15,0.0,6.08,68.23,0.61,0.0
Deebo Samuel,0.0,0.0,0.0,0.0,0.0,0.0,2.67,3.87,0.0,5.08,0.65,6.42,0.07,0.04,8,WAS,0.0,2.63,5.38,0.0,0.0,0.0,10.22,0.0,3.5,35.3,0.35,0.25,0.0,2.57,5.81,0.0,0.0,0.0,8.65,0.0,4.14,37.3,0.29,0.0
Demario Douglas,0.0,0.0,0.0,0.0,0.0,0.0,0.3,4.21,0.0,5.0,0.81,7.37,0.08,0.03,8,NWE,0.0,0.3,5.0,0.0,0.0,0.0,1.22,0.0,3.92,35.92,0.39,0.19,0.0,0.24,6.04,0.0,0.0,0.0,0.94,0.0,4.77,40.4,0.38,0.0
Derius Davis,0.0,0.0,0.0,0.0,0.0,0.0,0.89,0.08,0.0,2.11,0.81,7.75,0.2,0.05,7,LAC,0.0,0.98,2.17,0.0,0.0,0.0,0.08,0.0,1.75,16.75,0.4,0.16,0.0,0.86,2.19,0.0,0.0,0.0,0.07,0.0,1.72,16.77,0.52,0.0
Derrick Henry,0.0,0.0,0.0,0.0,0.0,0.0,20.81,5.45,0.02,1.3,1.0,10.82,0.0,0.01,8,BAL,0.0,21.1,1.32,0.0,0.0,0.0,117.62,0.42,1.33,14.24,0.0,0.18,0.0,21.33,1.15,0.0,0.0,0.0,116.43,0.58,1.19,13.78,0.0,0.0
Devaughn Vele,0.0,0.0,0.0,0.0,0.0,0.0,0.0,0.0,0.0,3.45,0.65,8.38,0.07,0.0,8,NOR,0.0,0.0,3.51,0.0,0.0,0.0,0.0,0.0,2.27,29.15,0.22,0.0,0.0,0.0,3.2,0.0,0.0,0.0,0.0,0.0,2.21,24.55,0.2,0.0
Devin Culp,0.0,0.0,0.0,0.0,0.0,0.0,0.0,0.0,0.0,4.0,0.75,13.0,0.0,0.0,1,TAM,0.0,0.0,4.17,0.0,0.0,0.0,0.0,0.0,3.06,54.65,0.0,0.0,0.0,0.0,4.29,0.0,0.0,0.0,0.0,0.0,3.04,57.01,0.0,0.0
Devin Duvernay,0.0,0.0,0.0,0.0,0.0,0.0,0.16,-7.0,0.0,2.36,0.73,5.74,0.0,0.08,6,CHI,0.0,0.16,2.24,0.0,0.0,0.0,-1.21,0.0,1.65,13.12,0.0,0.19,0.0,0.14,2.5,0.0,0.0,0.0,-1.03,0.0,1.69,15.99,0.0,0.0
Devin Singletary,0.0,0.0,0.0,0.0,0.0,0.0,5.08,3.59,0.05,1.06,0.89,5.06,0.0,0.0,8,NYG,0.0,4.99,1.05,0.0,0.0,0.0,17.68,0.24,0.94,5.35,0.0,0.0,0.0,5.0,1.02,0.0,0.0,0.0,19.02,0.35,0.99,5.68,0.0,0.0
Devontez Walker,0.0,0.0,0.0,0.0,0.0,0.0,0.0,0.0,0.0,1.56,0.29,6.0,0.29,0.0,2,BAL,0.0,0.0,1.59,0.0,0.0,0.0,0.0,0.0,0.46,9.47,0.42,0.0,0.0,0.0,1.37,0.0,0.0,0.0,0.0,0.0,0.41,9.17,0.46,0.0
Dontayvion Wicks,0.0,0.0,0.0,0.0,0.0,0.0,0.0,0.0,0.0,4.2,0.65,6.11,0.04,0.0,8,GNB,0.0,0.0,3.96,0.0,0.0,0.0,0.0,0.0,2.65,23.88,0.19,0.0,0.0,0.0,3.92,0.0,0.0,0.0,0.0,0.0,2.34,21.61,0.19,0.0
Drake London,0.0,0.0,0.0,0.0,0.0,0.0,0.12,-3.0,0.0,9.45,0.58,7.8,0.02,0.0,8,ATL,0.0,0.12,9.29,0.0,0.0,0.0,-0.35,0.0,5.48,72.02,0.19,0.0,0.0,0.11,10.5,0.0,0.0,0.0,-0.29,0.0,6.09,80.24,0.12,0.0
Drake Maye,0.67,29.91,6.95,0.04,0.03,3.0,5.13,6.46,0.03,0.0,0.0,0.0,0.0,0.2,8,NWE,29.93,5.05,0.0,202.64,1.16,0.79,32.01,0.16,0.0,0.0,0.0,1.2,36.15,4.07,0.0,227.89,1.12,0.71,24.74,0.05,0.0,0.0,0.0,0.01
Drew Lock,0.58,30.3,6.83,0.04,0.03,2.08,3.19,6.47,0.14,0.0,0.0,0.0,0.0,0.13,5,SEA,30.42,3.12,0.0,208.8,1.57,1.27,20.51,0.41,0.0,0.0,0.0,0.49,30.61,3.17,0.0,220.32,1.82,1.28,20.31,0.57,0.0,0.0,0.0,0.01
Drew Sample,0.0,0.0,0.0,0.0,0.0,0.0,0.09,-4.0,0.0,1.5,0.94,5.87,0.03,0.0,7,CIN,0.0,0.09,1.52,0.0,0.0,0.0,-0.37,0.0,1.41,8.74,0.04,0.0,0.0,0.11,1.51,0.0,0.0,0.0,-0.47,0.0,1.38,9.39,0.03,0.0
Durham Smythe,0.0,0.0,0.0,0.0,0.0,0.0,0.0,0.0,0.0,1.2,0.7,4.43,0.0,0.0,8,CHI,0.0,0.0,1.14,0.0,0.0,0.0,0.0,0.0,0.81,5.15,0.0,0.0,0.0,0.0,1.27,0.0,0.0,0.0,0.0,0.0,0.82,6.28,0.0,0.0
Dyami Brown,0.0,0.0,0.0,0.0,0.0,0.0,0.3,8.55,0.0,3.68,0.78,8.01,0.0,0.06,7,JAX,0.0,0.3,3.77,0.0,0.0,0.0,2.68,0.0,2.97,30.38,0.0,0.24,0.0,0.24,3.43,0.0,0.0,0.0,2.33,0.0,2.73,28.64,0.0,0.0
Elijah Higgins,0.0,0.0,0.0,0.0,0.0,0.0,0.0,0.0,0.0,1.84,0.7,6.84,0.0,0.0,7,ARI,0.0,0.0,1.81,0.0,0.0,0.0,0.0,0.0,1.28,12.48,0.0,0.0,0.0,0.0,1.71,0.0,0.0,0.0,0.0,0.0,1.22,11.41,0.0,0.0
Elijah Moore,0.0,0.0,0.0,0.0,0.0,0.0,0.12,1.0,0.0,6.47,0.48,4.61,0.01,0.0,8,BUF,0.0,0.12,6.32,0.0,0.0,0.0,0.12,0.0,3.02,29.21,0.06,0.0,0.0,0.13,5.94,0.0,0.0,0.0,0.12,0.0,2.87,28.18,0.05,0.0
Emanuel Wilson,0.0,0.0,0.0,0.0,0.0,0.0,5.16,5.05,0.08,0.22,1.0,3.45,0.0,0.0,8,GNB,0.0,5.24,0.21,0.0,0.0,0.0,26.8,0.4,0.21,0.71,0.0,0.0,0.0,6.27,0.21,0.0,0.0,0.0,35.6,0.61,0.19,0.64,0.0,0.0
Emari Demercado,0.0,0.0,0.0,0.0,0.0,0.0,1.74,8.15,0.05,1.91,0.86,3.75,0.0,0.0,5,ARI,0.0,1.65,1.88,0.0,0.0,0.0,13.22,0.11,1.63,7.1,0.0,0.0,0.0,2.11,1.77,0.0,0.0,0.0,22.24,0.11,1.56,6.49,0.0,0.0
Eric Gray,0.0,0.0,0.0,0.0,0.0,0.0,0.36,-1.0,0.0,1.36,1.0,2.79,0.0,0.0,2,NYG,0.0,0.35,1.35,0.0,0.0,0.0,-0.35,0.0,1.36,3.79,0.0,0.0,0.0,0.35,1.31,0.0,0.0,0.0,-0.38,0.0,1.42,4.02,0.0,0.0
Eric Saubert,0.0,0.0,0.0,0.0,0.0,0.0,0.0,0.0,0.0,1.0,0.8,2.96,0.36,0.0,4,SEA,0.0,0.0,1.0,0.0,0.0,0.0,0.0,0.0,0.79,2.99,0.47,0.0,0.0,0.0,1.01,0.0,0.0,0.0,0.0,0.0,0.8,3.15,0.54,0.0
Erick All,0.0,0.0,0.0,0.0,0.0,0.0,0.0,0.0,0.0,2.0,1.0,12.0,0.0,0.0,1,CIN,0.0,0.0,2.03,0.0,0.0,0.0,0.0,0.0,2.0,23.83,0.0,0.0,0.0,0.0,2.01,0.0,0.0,0.0,0.0,0.0,1.96,25.61,0.0,0.0
Evan Engram,0.0,0.0,0.0,0.0,0.0,0.0,0.0,0.0,0.0,7.64,0.7,4.76,0.0,0.0,5,DEN,0.0,0.0,7.76,0.0,0.0,0.0,0.0,0.0,5.39,36.69,0.0,0.0,0.0,0.0,7.49,0.0,0.0,0.0,0.0,0.0,5.71,39.25,0.0,0.0
Feleipe Franks,0.0,0.0,0.0,0.0,0.0,0.0,0.0,0.0,0.0,1.0,0.0,0.0,0.0,0.0,1,ATL,0.0,0.0,0.98,0.0,0.0,0.0,0.0,0.0,0.0,0.0,0.0,0.0,0.0,0.0,1.11,0.0,0.0,0.0,0.0,0.0,0.0,0.0,0.0,0.0
Foster Moreau,0.0,0.0,0.0,0.0,0.0,0.0,0.0,0.0,0.0,3.53,0.69,9.42,0.12,0.0,8,NOR,0.0,0.0,3.6,0.0,0.0,0.0,0.0,0.0,2.47,33.53,0.38,0.0,0.0,0.0,3.28,0.0,0.0,0.0,0.0,0.0,2.4,28.24,0.35,0.0
Gardner Minshew II,0.64,37.82,6.07,0.03,0.02,2.64,1.82,2.65,0.0,0.0,0.0,0.0,0.0,0.35,3,KAN,37.46,1.85,0.0,222.52,0.98,0.7,4.95,0.0,0.0,0.0,0.0,0.58,34.81,1.66,0.0,163.86,0.86,0.86,4.2,0.0,0.0,0.0,0.0,0.02
Garrett Wilson,0.0,0.0,0.0,0.0,0.0,0.0,0.0,0.0,0.0,7.98,0.71,7.71,0.06,0.03,8,NYJ,0.0,0.0,7.61,0.0,0.0,0.0,0.0,0.0,5.34,58.53,0.47,0.25,0.0,0.0,7.52,0.0,0.0,0.0,0.0,0.0,5.71,62.12,0.65,0.01
Geno Smith,0.73,29.73,7.5,0.03,0.03,2.84,2.14,4.33,0.04,0.0,0.0,0.0,0.0,0.35,8,LVR,28.58,2.37,0.0,213.32,0.9,1.0,10.5,0.11,0.0,0.0,0.0,0.93,30.55,2.57,0.0,214.53,1.06,1.37,12.23,0.05,0.0,0.0,0.0,0.01
George Holani,0.0,0.0,0.0,0.0,0.0,0.0,1.6,3.33,0.0,0.47,1.0,-1.0,0.0,0.0,2,SEA,0.0,1.56,0.47,0.0,0.0,0.0,5.29,0.0,0.46,-0.47,0.0,0.0,0.0,1.59,0.47,0.0,0.0,0.0,5.24,0.0,0.47,-0.5,0.0,0.0
George Kittle,0.0,0.0,0.0,0.0,0.0,0.0,0.0,0.0,0.0,6.52,0.87,13.55,0.03,0.0,7,SFO,0.0,0.0,6.09,0.0,0.0,0.0,0.0,0.0,5.24,80.82,0.2,0.0,0.0,0.0,6.43,0.0,0.0,0.0,0.0,0.0,4.95,82.16,0.14,0.0
George Pickens,0.0,0.0,0.0,0.0,0.0,0.0,0.11,4.0,0.0,7.5,0.55,8.63,0.04,0.0,5,DAL,0.0,0.11,7.8,0.0,0.0,0.0,0.44,0.0,4.37,70.31,0.28,0.0,0.0,0.13,6.52,0.0,0.0,0.0,0.51,0.0,3.81,64.29,0.25,0.0
Grant Calcaterra,0.0,0.0,0.0,0.0,0.0,0.0,0.0,0.0,0.0,1.91,0.73,10.27,0.1,0.0,6,PHI,0.0,0.0,1.9,0.0,0.0,0.0,0.0,0.0,1.41,19.49,0.18,0.0,0.0,0.0,1.89,0.0,0.0,0.0,0.0,0.0,1.4,18.42,0.14,0.0
Greg Dortch,0.0,0.0,0.0,0.0,0.0,0.0,0.46,6.78,0.0,2.06,0.87,8.68,0.0,0.06,8,ARI,0.0,0.44,2.03,0.0,0.0,0.0,2.91,0.0,1.78,17.74,0.0,0.17,0.0,0.56,1.91,0.0,0.0,0.0,4.89,0.0,1.7,16.21,0.0,0.0
Hassan Haskins,0.0,0.0,0.0,0.0,0.0,0.0,2.84,3.15,0.03,0.76,1.0,16.11,0.32,0.05,6,LAC,0.0,3.11,0.78,0.0,0.0,0.0,10.19,0.1,0.78,12.54,0.23,0.19,0.0,2.75,0.79,0.0,0.0,0.0,8.9,0.04,0.76,12.56,0.3,0.0
Hunter Henry,0.0,0.0,0.0,0.0,0.0,0.0,0.0,0.0,0.0,6.0,0.62,5.77,0.03,0.0,8,NWE,0.0,0.0,6.0,0.0,0.0,0.0,0.0,0.0,3.6,33.75,0.17,0.0,0.0,0.0,7.25,0.0,0.0,0.0,0.0,0.0,4.38,37.95,0.17,0.0
Hunter Long,0.0,0.0,0.0,0.0,0.0,0.0,0.0,0.0,0.0,1.35,0.58,4.65,0.0,0.0,4,JAX,0.0,0.0,1.38,0.0,0.0,0.0,0.0,0.0,0.81,6.47,0.0,0.0,0.0,0.0,1.26,0.0,0.0,0.0,0.0,0.0,0.75,6.1,0.0,0.0
Hunter Luepke,0.0,0.0,0.0,0.0,0.0,0.0,0.48,1.7,0.0,1.12,0.55,2.19,0.0,0.0,7,DAL,0.0,0.48,1.16,0.0,0.0,0.0,0.82,0.0,0.65,2.66,0.0,0.0,0.0,0.58,0.97,0.0,0.0,0.0,0.94,0.0,0.57,2.44,0.0,0.0
Ian Thomas,0.0,0.0,0.0,0.0,0.0,0.0,0.0,0.0,0.0,1.0,1.0,3.0,0.0,0.0,1,LVR,0.0,0.0,0.96,0.0,0.0,0.0,0.0,0.0,0.97,2.87,0.0,0.0,0.0,0.0,1.03,0.0,0.0,0.0,0.0,0.0,1.03,2.89,0.0,0.0
Isaac Guerendo,0.0,0.0,0.0,0.0,0.0,0.0,10.29,4.16,0.06,2.71,1.0,12.24,0.0,0.0,5,SFO,0.0,10.99,2.53,0.0,0.0,0.0,47.68,0.74,2.5,30.34,0.0,0.0,0.0,12.01,2.67,0.0,0.0,0.0,54.25,0.93,2.36,30.85,0.0,0.0
Isaiah Davis,0.0,0.0,0.0,0.0,0.0,0.0,4.02,5.51,0.04,1.88,0.74,5.96,0.07,0.0,6,NYJ,0.0,4.03,1.79,0.0,0.0,0.0,22.5,0.19,1.31,10.66,0.13,0.0,0.0,3.76,1.77,0.0,0.0,0.0,21.5,0.19,1.4,11.31,0.18,0.0
Isaiah Likely,0.0,0.0,0.0,0.0,0.0,0.0,0.0,0.0,0.0,3.15,0.8,8.25,0.2,0.03,6,BAL,0.0,0.0,3.21,0.0,0.0,0.0,0.0,0.0,2.58,26.31,0.58,0.08,0.0,0.0,2.78,0.0,0.0,0.0,0.0,0.0,2.31,25.45,0.64,0.0
Isiah Pacheco,0.0,0.0,0.0,0.0,0.0,0.0,9.62,3.43,0.0,1.5,0.62,3.05,0.0,0.0,5,KAN,0.0,9.78,1.49,0.0,0.0,0.0,33.84,0.0,0.91,4.43,0.0,0.0,0.0,8.78,1.38,0.0,0.0,0.0,28.72,0.0,0.79,3.27,0.0,0.0
J.K. Dobbins,0.0,0.0,0.0,0.0,0.0,0.0,14.04,4.46,0.07,2.17,0.81,4.46,0.0,0.0,5,DEN,0.0,15.15,2.2,0.0,0.0,0.0,67.5,1.15,1.77,9.76,0.0,0.0,0.0,16.1,2.13,0.0,0.0,0.0,65.9,1.63,1.88,10.45,0.0,0.0
Ja'Lynn Polk,0.0,0.0,0.0,0.0,0.0,0.0,0.0,0.0,0.0,1.15,0.21,1.05,0.08,0.0,6,NWE,0.0,0.0,1.15,0.0,0.0,0.0,0.0,0.0,0.23,1.18,0.09,0.0,0.0,0.0,1.39,0.0,0.0,0.0,0.0,0.0,0.28,1.32,0.09,0.0
Ja'Marr Chase,0.0,0.0,0.0,0.0,0.0,0.0,0.33,10.06,0.0,12.55,0.69,9.07,0.07,0.0,8,CIN,0.0,0.34,12.72,0.0,0.0,0.0,3.44,0.0,8.68,113.0,0.8,0.0,0.0,0.41,12.59,0.0,0.0,0.0,4.3,0.0,8.5,121.45,0.67,0.0
Ja'Tavion Sanders,0.0,0.0,0.0,0.0,0.0,0.0,0.0,0.0,0.0,1.6,0.7,8.8,0.05,0.0,6,CAR,0.0,0.0,1.61,0.0,0.0,0.0,0.0,0.0,1.13,14.61,0.09,0.0,0.0,0.0,1.56,0.0,0.0,0.0,0.0,0.0,1.1,12.94,0.05,0.0
Jacob Cowing,0.0,0.0,0.0,0.0,0.0,0.0,0.0,0.0,0.0,1.0,0.0,0.0,0.0,0.0,1,SFO,0.0,0.0,0.93,0.0,0.0,0.0,0.0,0.0,0.0,0.0,0.0,0.0,0.0,0.0,0.99,0.0,0.0,0.0,0.0,0.0,0.0,0.0,0.0,0.0
Jacoby Brissett,0.5,2.0,-1.0,0.0,0.0,0.0,0.0,0.0,0.0,0.0,0.0,0.0,0.0,0.0,1,ARI,1.97,0.0,0.0,-1.98,0.0,0.0,0.0,0.0,0.0,0.0,0.0,0.0,1.86,0.0,0.0,-1.81,0.0,0.0,0.0,0.0,0.0,0.0,0.0,0.0
Jahan Dotson,0.0,0.0,0.0,0.0,0.0,0.0,0.0,0.0,0.0,1.31,0.59,6.13,0.0,0.0,7,PHI,0.0,0.0,1.3,0.0,0.0,0.0,0.0,0.0,0.78,7.98,0.0,0.0,0.0,0.0,1.29,0.0,0.0,0.0,0.0,0.0,0.78,7.54,0.0,0.0
Jahmyr Gibbs,0.0,0.0,0.0,0.0,0.0,0.0,15.52,5.12,0.05,4.43,0.82,9.35,0.06,0.01,9,DET,0.0,14.43,4.57,0.0,0.0,0.0,75.39,0.67,3.57,40.05,0.27,0.21,0.0,16.2,3.83,0.0,0.0,0.0,92.15,0.92,3.09,40.99,0.23,0.0
Jake Bobo,0.0,0.0,0.0,0.0,0.0,0.0,0.0,0.0,0.0,1.0,0.92,6.58,0.0,0.0,4,SEA,0.0,0.0,1.0,0.0,0.0,0.0,0.0,0.0,0.91,6.64,0.0,0.0,0.0,0.0,1.01,0.0,0.0,0.0,0.0,0.0,0.91,7.01,0.0,0.0
Jake Browning,0.0,0.0,0.0,0.0,0.0,0.0,1.0,-1.0,0.0,0.0,0.0,0.0,0.0,0.0,2,CIN,0.0,1.02,0.0,0.0,0.0,0.0,-1.04,0.0,0.0,0.0,0.0,0.0,0.0,1.24,0.0,0.0,0.0,0.0,-1.3,0.0,0.0,0.0,0.0,0.0
Jake Ferguson,0.0,0.0,0.0,0.0,0.0,0.0,0.0,0.0,0.0,5.67,0.62,4.94,0.0,0.05,7,DAL,0.0,0.0,5.89,0.0,0.0,0.0,0.0,0.0,3.73,30.42,0.0,0.22,0.0,0.0,4.93,0.0,0.0,0.0,0.0,0.0,3.24,27.82,0.0,0.0
Jake Haener,0.4,4.21,4.9,0.0,0.1,1.63,1.21,1.78,0.0,0.0,0.0,0.0,0.0,0.0,3,NOR,4.29,1.15,0.0,20.8,0.0,0.48,1.97,0.0,0.0,0.0,0.0,0.0,3.91,1.4,0.0,17.52,0.0,0.11,2.42,0.0,0.0,0.0,0.0,0.0
Jakobi Meyers,0.0,0.0,0.0,0.0,0.0,0.16,0.08,20.0,0.0,9.1,0.59,7.39,0.02,0.0,8,LVR,0.0,0.09,8.75,0.0,0.0,0.0,1.81,0.0,5.2,64.34,0.18,0.0,0.0,0.1,9.35,0.0,0.0,0.0,2.11,0.0,5.54,64.7,0.22,0.0
Jaleel McLaughlin,0.0,0.0,0.0,0.0,0.0,0.0,8.08,5.58,0.0,1.76,0.84,2.9,0.0,0.0,7,DEN,0.0,8.72,1.79,0.0,0.0,0.0,48.6,0.0,1.49,5.15,0.0,0.0,0.0,9.27,1.72,0.0,0.0,0.0,47.45,0.0,1.58,5.51,0.0,0.0
Jalen Coker,0.0,0.0,0.0,0.0,0.0,0.0,0.0,0.0,0.0,4.47,0.58,10.47,0.06,0.0,5,CAR,0.0,0.0,4.5,0.0,0.0,0.0,0.0,0.0,2.62,48.57,0.32,0.0,0.0,0.0,4.36,0.0,0.0,0.0,0.0,0.0,2.54,43.0,0.17,0.0
Jalen Hurts,0.68,20.07,7.62,0.06,0.0,2.23,9.18,4.87,0.08,0.0,0.0,0.0,0.0,0.06,8,PHI,19.94,8.39,0.0,151.97,1.16,0.0,38.29,0.57,0.0,0.0,0.0,0.45,19.81,6.93,0.0,143.64,0.88,0.0,34.16,0.51,0.0,0.0,0.0,0.01
Jalen McMillan,0.0,0.0,0.0,0.0,0.0,0.0,0.22,9.0,0.0,5.29,0.76,9.42,0.21,0.0,6,TAM,0.0,0.2,5.51,0.0,0.0,0.0,1.64,0.0,4.1,52.37,1.04,0.0,0.0,0.21,5.67,0.0,0.0,0.0,1.6,0.0,4.07,54.63,1.2,0.0
Jalen Nailor,0.0,0.0,0.0,0.0,0.0,0.0,0.06,-7.0,0.0,2.49,0.71,9.19,0.15,0.0,8,MIN,0.0,0.06,2.6,0.0,0.0,0.0,-0.4,0.0,1.78,22.71,0.39,0.0,0.0,0.05,2.59,0.0,0.0,0.0,-0.35,0.0,1.82,23.16,0.57,0.0
Jalen Tolbert,0.0,0.0,0.0,0.0,0.0,0.0,0.0,0.0,0.0,3.61,0.52,5.58,0.17,0.0,9,DAL,0.0,0.0,3.75,0.0,0.0,0.0,0.0,0.0,1.99,21.88,0.58,0.0,0.0,0.0,3.14,0.0,0.0,0.0,0.0,0.0,1.73,20.01,0.51,0.0
Jalin Hyatt,0.0,0.0,0.0,0.0,0.0,0.0,0.0,0.0,0.0,2.24,0.59,4.39,0.0,0.0,4,NYG,0.0,0.0,2.22,0.0,0.0,0.0,0.0,0.0,1.32,9.81,0.0,0.0,0.0,0.0,2.16,0.0,0.0,0.0,0.0,0.0,1.38,10.41,0.0,0.0
Jamari Thrash,0.0,0.0,0.0,0.0,0.0,0.0,0.0,0.0,0.0,1.16,0.37,2.56,0.0,0.0,5,CLE,0.0,0.0,1.11,0.0,0.0,0.0,0.0,0.0,0.42,2.86,0.0,0.0,0.0,0.0,1.19,0.0,0.0,0.0,0.0,0.0,0.41,2.7,0.0,0.0
Jameis Winston,0.61,38.94,7.05,0.04,0.05,3.37,2.84,4.03,0.05,0.0,0.0,0.0,0.0,0.24,6,NYG,38.53,2.79,0.0,273.99,1.46,2.07,11.1,0.13,0.0,0.0,0.0,0.65,37.48,2.8,0.0,290.68,1.7,2.77,11.93,0.2,0.0,0.0,0.0,0.02
James Conner,0.0,0.0,0.0,0.0,0.0,0.0,12.76,5.27,0.04,4.08,0.92,7.24,0.03,0.01,8,ARI,0.0,12.12,4.01,0.0,0.0,0.0,62.67,0.62,3.74,29.3,0.13,0.19,0.0,15.49,3.79,0.0,0.0,0.0,105.46,0.64,3.56,26.78,0.15,0.0
James Cook,0.0,0.0,0.0,0.0,0.0,0.0,12.24,5.77,0.09,2.04,0.88,6.92,0.09,0.01,8,BUF,0.0,12.3,1.99,0.0,0.0,0.0,71.97,1.05,1.75,13.82,0.18,0.17,0.0,13.11,1.87,0.0,0.0,0.0,68.66,1.42,1.66,13.34,0.15,0.0
Jameson Williams,0.0,0.0,0.0,0.0,0.0,0.0,0.96,3.58,0.2,6.83,0.66,11.43,0.09,0.0,8,DET,0.0,0.89,7.05,0.0,0.0,0.0,3.26,0.17,4.43,75.49,0.62,0.0,0.0,1.0,5.9,0.0,0.0,0.0,3.99,0.23,3.83,77.26,0.52,0.0
Jared Goff,0.71,37.43,8.57,0.08,0.01,1.54,2.3,1.66,0.0,0.0,0.0,0.0,0.0,0.1,9,DET,38.64,2.14,0.0,310.17,3.02,0.37,3.62,0.0,0.0,0.0,0.0,0.24,32.34,2.4,0.0,317.47,2.54,0.21,4.43,0.0,0.0,0.0,0.0,0.0
Jauan Jennings,0.0,0.0,0.0,0.0,0.0,0.0,0.0,0.0,0.0,8.15,0.65,7.51,0.04,0.02,8,SFO,0.0,0.0,7.61,0.0,0.0,0.0,0.0,0.0,4.89,55.99,0.33,0.14,0.0,0.0,8.04,0.0,0.0,0.0,0.0,0.0,4.62,56.92,0.24,0.0
Javonte Williams,0.0,0.0,0.0,0.0,0.0,0.0,4.49,3.1,0.05,4.4,0.68,2.84,0.0,0.0,8,DAL,0.0,4.52,4.57,0.0,0.0,0.0,13.9,0.25,3.17,13.57,0.0,0.0,0.0,5.39,3.82,0.0,0.0,0.0,16.03,0.39,2.76,12.41,0.0,0.0
Jaxon Smith-Njigba,0.0,0.0,0.0,0.0,0.0,0.0,0.51,5.19,0.0,8.39,0.76,9.44,0.06,0.0,8,SEA,0.0,0.5,8.42,0.0,0.0,0.0,2.63,0.0,6.28,79.91,0.65,0.0,0.0,0.51,8.48,0.0,0.0,0.0,2.6,0.0,6.34,84.32,0.76,0.0
Jayden Daniels,0.69,34.11,6.74,0.08,0.03,3.74,10.02,6.92,0.02,0.0,0.0,0.0,0.0,0.03,8,WAS,36.14,9.88,0.0,248.82,2.67,0.95,68.61,0.19,0.0,0.0,0.0,0.23,39.02,9.64,0.0,262.97,2.22,0.96,58.03,0.15,0.0,0.0,0.0,0.0
Jayden Reed,0.0,0.0,0.0,0.0,0.0,0.0,0.84,8.81,0.0,3.96,0.63,7.96,0.08,0.03,8,GNB,0.0,0.85,3.73,0.0,0.0,0.0,7.61,0.0,2.42,29.33,0.35,0.15,0.0,1.02,3.69,0.0,0.0,0.0,10.11,0.0,2.14,26.55,0.36,0.0
Jaylen Waddle,0.0,0.0,0.0,0.0,0.0,0.0,0.09,-1.0,0.0,5.8,0.73,10.06,0.03,0.0,7,MIA,0.0,0.09,5.88,0.0,0.0,0.0,-0.09,0.0,4.22,58.67,0.16,0.0,0.0,0.09,5.42,0.0,0.0,0.0,-0.1,0.0,3.75,51.49,0.2,0.0
Jaylen Warren,0.0,0.0,0.0,0.0,0.0,0.0,8.92,4.76,0.01,4.27,0.8,7.32,0.0,0.02,8,PIT,0.0,9.48,4.45,0.0,0.0,0.0,45.67,0.09,3.66,33.8,0.0,0.23,0.0,9.11,4.95,0.0,0.0,0.0,41.6,0.03,3.96,33.57,0.0,0.0
Jaylen Wright,0.0,0.0,0.0,0.0,0.0,0.0,3.59,2.63,0.0,1.03,0.6,1.67,0.0,0.04,6,MIA,0.0,3.5,1.04,0.0,0.0,0.0,9.46,0.0,0.62,1.73,0.0,0.2,0.0,3.71,0.96,0.0,0.0,0.0,10.0,0.0,0.55,1.52,0.0,0.0
Jeremy McNichols,0.0,0.0,0.0,0.0,0.0,0.0,2.87,3.64,0.02,1.87,0.77,2.15,0.0,0.0,8,WAS,0.0,2.83,1.98,0.0,0.0,0.0,10.34,0.05,1.53,4.35,0.0,0.0,0.0,2.76,2.14,0.0,0.0,0.0,8.74,0.04,1.81,4.6,0.0,0.0
Jeremy Ruckert,0.0,0.0,0.0,0.0,0.0,0.0,0.0,0.0,0.0,1.97,0.57,3.96,0.0,0.0,7,NYJ,0.0,0.0,1.88,0.0,0.0,0.0,0.0,0.0,1.06,7.42,0.0,0.0,0.0,0.0,1.86,0.0,0.0,0.0,0.0,0.0,1.13,7.88,0.0,0.0
Jermaine Burton,0.0,0.0,0.0,0.0,0.0,0.0,0.0,0.0,0.0,4.43,0.23,2.1,0.0,0.0,2,CIN,0.0,0.0,4.49,0.0,0.0,0.0,0.0,0.0,1.02,9.24,0.0,0.0,0.0,0.0,4.44,0.0,0.0,0.0,0.0,0.0,1.0,9.93,0.0,0.0
Jerome Ford,0.0,0.0,0.0,0.0,0.0,0.0,7.51,6.02,0.04,2.39,0.91,7.62,0.0,0.0,8,CLE,0.0,8.02,2.3,0.0,0.0,0.0,48.01,0.33,2.11,17.53,0.0,0.0,0.0,7.1,2.45,0.0,0.0,0.0,37.01,0.29,2.08,16.56,0.0,0.0
Jerry Jeudy,0.0,0.0,0.0,0.0,0.0,0.0,0.0,0.0,0.0,10.49,0.72,9.31,0.03,0.0,8,CLE,0.0,0.0,10.08,0.0,0.0,0.0,0.0,0.0,7.33,94.0,0.31,0.0,0.0,0.0,10.74,0.0,0.0,0.0,0.0,0.0,7.24,88.78,0.24,0.0
Joe Burrow,0.72,41.59,7.95,0.08,0.02,3.57,2.12,5.89,0.1,0.0,0.0,0.0,0.0,0.4,8,CIN,42.17,2.15,0.0,328.24,3.03,0.76,12.94,0.21,0.0,0.0,0.0,0.83,41.73,2.63,0.0,352.78,2.53,0.51,16.18,0.25,0.0,0.0,0.0,0.01
Joe Flacco,0.69,35.93,8.3,0.05,0.06,2.53,0.93,0.57,0.0,0.0,0.0,0.0,0.0,1.07,3,CLE,34.53,0.99,0.0,287.05,1.74,2.02,0.56,0.0,0.0,0.0,0.0,1.06,36.77,0.88,0.0,271.1,1.36,1.58,0.43,0.0,0.0,0.0,0.0,0.02
John Bates,0.0,0.0,0.0,0.0,0.0,0.0,0.0,0.0,0.0,1.22,0.7,7.3,0.0,0.11,5,WAS,0.0,0.0,1.29,0.0,0.0,0.0,0.0,0.0,0.91,9.64,0.0,0.11,0.0,0.0,1.4,0.0,0.0,0.0,0.0,0.0,1.07,10.19,0.0,0.0
John FitzPatrick,0.0,0.0,0.0,0.0,0.0,0.0,0.0,0.0,0.0,1.0,1.0,2.0,0.0,0.0,1,GNB,0.0,0.0,0.94,0.0,0.0,0.0,0.0,0.0,0.97,1.86,0.0,0.0,0.0,0.0,0.93,0.0,0.0,0.0,0.0,0.0,0.86,1.68,0.0,0.0
John Metchie,0.0,0.0,0.0,0.0,0.0,0.0,0.0,0.0,0.0,4.55,0.64,6.34,0.02,0.06,7,PHI,0.0,0.0,4.52,0.0,0.0,0.0,0.0,0.0,2.94,28.67,0.09,0.24,0.0,0.0,4.49,0.0,0.0,0.0,0.0,0.0,2.93,27.09,0.07,0.0
Johnny Mundt,0.0,0.0,0.0,0.0,0.0,0.0,0.0,0.0,0.0,1.17,0.76,7.05,0.15,0.0,6,JAX,0.0,0.0,1.2,0.0,0.0,0.0,0.0,0.0,0.92,8.5,0.18,0.0,0.0,0.0,1.09,0.0,0.0,0.0,0.0,0.0,0.85,8.01,0.21,0.0
Johnny Wilson,0.0,0.0,0.0,0.0,0.0,0.0,0.0,0.0,0.0,1.0,0.13,0.65,0.13,0.0,4,PHI,0.0,0.0,0.99,0.0,0.0,0.0,0.0,0.0,0.13,0.65,0.13,0.0,0.0,0.0,0.99,0.0,0.0,0.0,0.0,0.0,0.13,0.61,0.1,0.0
Jonathan Taylor,0.0,0.0,0.0,0.0,0.0,0.0,24.4,4.78,0.04,1.96,0.54,2.63,0.07,0.02,8,IND,0.0,24.25,2.0,0.0,0.0,0.0,121.42,0.88,1.07,5.06,0.13,0.5,0.0,20.24,2.15,0.0,0.0,0.0,88.3,0.65,1.16,5.82,0.14,0.01
Jonathon Brooks,0.0,0.0,0.0,0.0,0.0,0.0,2.94,2.3,0.0,1.0,1.0,7.67,0.0,0.0,3,CAR,0.0,3.15,1.01,0.0,0.0,0.0,7.58,0.0,1.01,7.96,0.0,0.0,0.0,2.88,0.98,0.0,0.0,0.0,7.1,0.0,0.98,7.05,0.0,0.0
Jonnu Smith,0.0,0.0,0.0,0.0,0.0,0.0,0.09,0.0,0.0,7.17,0.84,8.41,0.1,0.02,9,PIT,0.0,0.1,7.47,0.0,0.0,0.0,0.0,0.0,6.46,65.2,0.74,0.13,0.0,0.09,8.31,0.0,0.0,0.0,0.0,0.0,6.98,64.76,0.73,0.0
Jordan Love,0.65,26.22,8.09,0.05,0.0,1.0,1.61,4.3,0.05,0.0,0.0,0.0,0.0,0.07,8,GNB,24.7,1.63,0.0,197.37,1.46,0.0,7.12,0.08,0.0,0.0,0.0,0.13,24.44,1.96,0.0,178.65,1.48,0.0,9.46,0.12,0.0,0.0,0.0,0.0
Jordan Mason,0.0,0.0,0.0,0.0,0.0,0.0,5.78,5.53,0.0,0.56,0.5,2.5,0.0,0.04,4,MIN,0.0,5.54,0.59,0.0,0.0,0.0,30.67,0.0,0.28,1.39,0.0,0.3,0.0,4.71,0.58,0.0,0.0,0.0,26.68,0.0,0.29,1.42,0.0,0.0
Jordan Whittington,0.0,0.0,0.0,0.0,0.0,0.0,0.0,0.0,0.0,1.0,1.0,6.0,0.0,0.0,1,LAR,0.0,0.0,1.0,0.0,0.0,0.0,0.0,0.0,1.0,6.35,0.0,0.0,0.0,0.0,0.82,0.0,0.0,0.0,0.0,0.0,0.89,5.38,0.0,0.0
Josh Allen,0.62,30.88,7.76,0.06,0.01,0.35,7.27,5.76,0.17,0.0,0.0,8571.43,1224.49,0.0,8,BUF,30.17,7.31,0.0,234.67,1.85,0.33,42.67,1.18,0.0,0.0,0.0,0.0,28.37,7.79,0.0,226.43,1.51,0.19,40.71,1.59,0.0,0.0,0.0,0.0
Josh Downs,0.0,0.0,0.0,0.0,0.0,0.0,0.0,0.0,0.0,5.93,0.61,7.54,0.05,0.0,7,IND,0.0,0.0,6.05,0.0,0.0,0.0,0.0,0.0,3.66,43.91,0.29,0.0,0.0,0.0,6.51,0.0,0.0,0.0,0.0,0.0,3.95,50.44,0.3,0.0
Josh Jacobs,0.0,0.0,0.0,0.0,0.0,0.0,18.88,3.95,0.08,2.41,0.91,11.22,0.0,0.02,8,GNB,0.0,19.17,2.27,0.0,0.0,0.0,76.71,1.46,2.13,25.16,0.0,0.47,0.0,22.95,2.25,0.0,0.0,0.0,101.88,2.22,1.88,22.77,0.0,0.01
Josh Johnson,0.5,1.0,8.0,0.0,0.0,0.4,0.7,-0.29,0.0,0.0,0.0,0.0,0.0,0.0,3,WAS,1.06,0.69,0.0,8.66,0.0,0.0,-0.2,0.0,0.0,0.0,0.0,0.0,1.14,0.67,0.0,9.15,0.0,0.0,-0.17,0.0,0.0,0.0,0.0,0.0
Josh Oliver,0.0,0.0,0.0,0.0,0.0,0.0,0.0,0.0,0.0,2.52,0.65,9.37,0.03,0.0,5,MIN,0.0,0.0,2.63,0.0,0.0,0.0,0.0,0.0,1.65,23.44,0.08,0.0,0.0,0.0,2.62,0.0,0.0,0.0,0.0,0.0,1.68,23.89,0.11,0.0
Josh Palmer,0.0,0.0,0.0,0.0,0.0,0.0,0.0,0.0,0.0,5.13,0.58,7.17,0.01,0.0,9,BUF,0.0,0.0,5.01,0.0,0.0,0.0,0.0,0.0,2.9,36.02,0.05,0.0,0.0,0.0,4.71,0.0,0.0,0.0,0.0,0.0,2.75,34.76,0.04,0.0
Josh Reynolds,0.0,0.0,0.0,0.0,0.0,0.0,0.0,0.0,0.0,1.0,0.0,0.0,0.0,0.0,2,NYJ,0.0,0.0,0.95,0.0,0.0,0.0,0.0,0.0,0.0,0.0,0.0,0.0,0.0,0.0,0.94,0.0,0.0,0.0,0.0,0.0,0.0,0.0,0.0,0.0
Joshua Dobbs,0.75,4.0,8.75,0.0,0.0,0.0,1.0,7.0,1.0,0.0,0.0,0.0,0.0,0.0,1,NWE,4.0,0.98,0.0,34.12,0.0,0.0,6.76,1.03,0.0,0.0,0.0,0.0,4.83,0.79,0.0,38.37,0.0,0.0,5.23,0.3,0.0,0.0,0.0,0.0
JuJu Smith-Schuster,0.0,0.0,0.0,0.0,0.0,0.0,0.0,0.0,0.0,1.78,0.66,6.61,0.09,0.0,7,KAN,0.0,0.0,1.76,0.0,0.0,0.0,0.0,0.0,1.15,11.4,0.14,0.0,0.0,0.0,1.64,0.0,0.0,0.0,0.0,0.0,1.0,8.4,0.12,0.0
Julian Hill,0.0,0.0,0.0,0.0,0.0,0.0,0.0,0.0,0.0,1.52,0.68,7.37,0.0,0.0,5,MIA,0.0,0.0,1.54,0.0,0.0,0.0,0.0,0.0,1.03,11.26,0.0,0.0,0.0,0.0,1.42,0.0,0.0,0.0,0.0,0.0,0.91,9.89,0.0,0.0
Julius Chestnut,0.0,0.0,0.0,0.0,0.0,0.0,2.65,5.09,0.0,0.88,0.33,0.67,0.0,0.0,3,TEN,0.0,2.48,0.88,0.0,0.0,0.0,12.53,0.0,0.29,0.58,0.0,0.0,0.0,2.58,1.0,0.0,0.0,0.0,13.83,0.0,0.32,0.66,0.0,0.0
Justice Hill,0.0,0.0,0.0,0.0,0.0,0.0,2.59,7.43,0.05,3.65,0.76,6.01,0.06,0.0,7,BAL,0.0,2.63,3.72,0.0,0.0,0.0,19.96,0.13,2.84,22.21,0.2,0.0,0.0,2.65,3.22,0.0,0.0,0.0,19.76,0.18,2.54,21.48,0.22,0.0
Justin Fields,0.0,0.22,0.0,0.0,0.0,0.0,1.61,8.22,0.0,0.0,0.0,0.0,0.0,0.0,4,NYJ,0.21,1.61,0.0,0.0,0.0,0.0,13.44,0.0,0.0,0.0,0.0,0.0,0.21,1.51,0.0,0.0,0.0,0.0,12.85,0.0,0.0,0.0,0.0,0.0
Justin Herbert,0.66,31.54,7.42,0.05,0.01,2.46,4.31,4.15,0.03,0.0,0.0,0.0,0.0,0.04,9,LAC,32.45,4.72,0.0,239.69,1.48,0.34,20.38,0.15,0.0,0.0,0.0,0.19,32.8,4.18,0.0,240.02,1.93,0.36,17.8,0.06,0.0,0.0,0.0,0.0
Justin Jefferson,1.0,0.04,22.0,0.0,0.0,0.0,0.0,0.0,0.0,10.07,0.7,9.55,0.07,0.0,9,MIN,0.04,0.0,10.52,0.87,0.0,0.0,0.0,0.0,7.11,95.45,0.73,0.0,0.04,0.0,10.48,0.89,0.0,0.0,0.0,0.0,7.24,97.31,1.07,0.0
Justin Watson,0.0,0.0,0.0,0.0,0.0,0.0,0.0,0.0,0.0,1.85,0.59,10.56,0.18,0.0,8,HOU,0.0,0.0,1.82,0.0,0.0,0.0,0.0,0.0,1.08,19.05,0.36,0.0,0.0,0.0,2.0,0.0,0.0,0.0,0.0,0.0,1.2,20.4,0.31,0.0
Juwan Johnson,0.0,0.0,0.0,0.0,0.0,0.0,0.0,0.0,0.0,4.98,0.71,7.51,0.05,0.07,8,NOR,0.0,0.0,5.07,0.0,0.0,0.0,0.0,0.0,3.58,37.71,0.23,0.37,0.0,0.0,4.62,0.0,0.0,0.0,0.0,0.0,3.49,31.76,0.2,0.0
KaVontae Turpin,0.0,0.0,0.0,0.0,0.0,0.0,1.63,7.37,0.0,2.75,0.52,7.92,0.03,0.03,8,DAL,0.0,1.64,2.86,0.0,0.0,0.0,12.0,0.0,1.52,23.66,0.08,0.1,0.0,1.96,2.39,0.0,0.0,0.0,13.84,0.0,1.32,21.63,0.07,0.0
Kalif Raymond,0.0,0.0,0.0,0.0,0.0,0.0,0.18,-12.0,0.0,1.36,0.67,9.6,0.0,0.0,3,DET,0.0,0.17,1.4,0.0,0.0,0.0,-2.05,0.0,0.9,12.62,0.0,0.0,0.0,0.19,1.18,0.0,0.0,0.0,-2.5,0.0,0.77,12.92,0.0,0.0
Kameron Johnson,0.0,0.0,0.0,0.0,0.0,0.0,1.0,11.0,0.0,0.0,0.0,0.0,0.0,0.0,1,TAM,0.0,0.91,0.0,0.0,0.0,0.0,9.1,0.0,0.0,0.0,0.0,0.0,0.0,0.95,0.0,0.0,0.0,0.0,8.88,0.0,0.0,0.0,0.0,0.0
Kareem Hunt,0.0,0.0,0.0,0.0,0.0,0.0,11.15,3.58,0.03,2.33,0.66,5.17,0.0,0.0,9,KAN,0.0,11.33,2.31,0.0,0.0,0.0,40.94,0.38,1.51,11.68,0.0,0.0,0.0,10.18,2.14,0.0,0.0,0.0,34.74,0.22,1.31,8.6,0.0,0.0
Kayshon Boutte,0.0,0.0,0.0,0.0,0.0,0.0,0.0,0.0,0.0,5.6,0.59,7.12,0.03,0.0,8,NWE,0.0,0.0,5.6,0.0,0.0,0.0,0.0,0.0,3.2,38.87,0.16,0.0,0.0,0.0,6.77,0.0,0.0,0.0,0.0,0.0,3.89,43.71,0.16,0.0
Keaton Mitchell,0.0,0.0,0.0,0.0,0.0,0.0,11.0,1.82,0.0,1.0,1.0,28.0,0.0,0.0,1,BAL,0.0,11.15,1.02,0.0,0.0,0.0,20.76,0.0,1.02,28.34,0.0,0.0,0.0,11.27,0.88,0.0,0.0,0.0,20.55,0.0,0.92,27.42,0.0,0.0
Keenan Allen,0.0,0.0,0.0,0.0,0.0,0.0,0.0,0.0,0.0,9.8,0.59,6.84,0.06,0.01,9,LAC,0.0,0.0,10.08,0.0,0.0,0.0,0.0,0.0,5.91,68.65,0.55,0.1,0.0,0.0,10.19,0.0,0.0,0.0,0.0,0.0,5.81,68.75,0.72,0.0
Kendre Miller,0.0,0.0,0.0,0.0,0.0,0.0,7.18,3.1,0.03,1.26,0.65,7.07,0.0,0.0,4,NOR,0.0,6.81,1.28,0.0,0.0,0.0,20.34,0.22,0.83,8.98,0.0,0.0,0.0,8.33,1.17,0.0,0.0,0.0,25.05,0.37,0.81,7.57,0.0,0.0
Kenneth Gainwell,0.0,0.0,0.0,0.0,0.0,0.0,4.48,3.88,0.02,1.38,1.0,7.97,0.0,0.0,8,PIT,0.0,4.76,1.44,0.0,0.0,0.0,18.69,0.09,1.48,11.89,0.0,0.0,0.0,4.58,1.6,0.0,0.0,0.0,17.03,0.03,1.6,11.81,0.0,0.0
Kenneth Walker III,0.0,0.0,0.0,0.0,0.0,0.0,13.62,3.28,0.01,5.15,0.88,4.19,0.0,0.01,5,SEA,0.0,13.31,5.17,0.0,0.0,0.0,44.39,0.13,4.46,21.77,0.0,0.22,0.0,13.52,5.2,0.0,0.0,0.0,43.96,0.17,4.51,22.97,0.0,0.01
Kenny McIntosh,0.0,0.0,0.0,0.0,0.0,0.0,5.0,5.44,0.0,0.68,1.0,8.0,0.0,0.0,4,SEA,0.0,4.88,0.68,0.0,0.0,0.0,27.03,0.0,0.67,5.49,0.0,0.0,0.0,4.96,0.69,0.0,0.0,0.0,26.77,0.0,0.68,5.79,0.0,0.0
Kenny Pickett,0.62,13.78,7.34,0.05,0.02,1.0,2.59,2.0,0.14,0.0,0.0,0.0,0.0,0.13,4,LVR,13.24,2.87,0.0,96.77,0.7,0.31,5.87,0.46,0.0,0.0,0.0,0.42,14.16,3.11,0.0,97.31,0.82,0.42,6.84,0.23,0.0,0.0,0.0,0.0
Kenny Yeboah,0.0,0.0,0.0,0.0,0.0,0.0,0.0,0.0,0.0,1.36,0.24,2.11,0.11,0.0,5,DET,0.0,0.0,1.4,0.0,0.0,0.0,0.0,0.0,0.32,2.77,0.15,0.0,0.0,0.0,1.18,0.0,0.0,0.0,0.0,0.0,0.28,2.84,0.13,0.0
Keon Coleman,0.0,0.0,0.0,0.0,0.0,0.0,0.0,0.0,0.0,3.72,0.45,9.05,0.09,0.0,4,BUF,0.0,0.0,3.63,0.0,0.0,0.0,0.0,0.0,1.63,32.97,0.33,0.0,0.0,0.0,3.42,0.0,0.0,0.0,0.0,0.0,1.55,31.81,0.27,0.0
KhaDarel Hodge,0.0,0.0,0.0,0.0,0.0,0.0,0.0,0.0,0.0,3.25,0.38,3.77,0.0,0.0,3,ATL,0.0,0.0,3.19,0.0,0.0,0.0,0.0,0.0,1.23,11.97,0.0,0.0,0.0,0.0,3.61,0.0,0.0,0.0,0.0,0.0,1.37,13.34,0.0,0.0
Khalil Shakir,0.0,0.0,0.0,0.0,0.0,0.0,0.0,0.0,0.0,7.29,0.61,6.26,0.04,0.03,8,BUF,0.0,0.0,7.12,0.0,0.0,0.0,0.0,0.0,4.33,44.69,0.29,0.25,0.0,0.0,6.7,0.0,0.0,0.0,0.0,0.0,4.1,43.12,0.24,0.0
Kirk Cousins,0.64,29.97,7.6,0.02,0.06,2.07,1.4,-0.1,0.0,0.0,0.0,0.0,0.0,0.67,6,ATL,29.46,1.36,0.0,222.54,0.6,1.71,-0.14,0.0,0.0,0.0,0.0,0.93,33.29,1.27,0.0,247.94,0.39,2.67,-0.11,0.0,0.0,0.0,0.0,0.01
Kyle Juszczyk,0.0,0.0,0.0,0.0,0.0,0.0,0.37,3.2,0.0,1.8,0.53,5.53,0.14,0.07,6,SFO,0.0,0.4,1.68,0.0,0.0,0.0,1.32,0.0,0.88,9.11,0.25,0.14,0.0,0.43,1.77,0.0,0.0,0.0,1.5,0.0,0.83,9.26,0.19,0.0
Kyle Pitts,0.0,0.0,0.0,0.0,0.0,0.0,0.0,0.0,0.0,3.8,0.57,5.63,0.05,0.0,8,ATL,0.0,0.0,3.74,0.0,0.0,0.0,0.0,0.0,2.17,20.9,0.19,0.0,0.0,0.0,4.22,0.0,0.0,0.0,0.0,0.0,2.41,23.29,0.12,0.0
Kylen Granson,0.0,0.0,0.0,0.0,0.0,0.0,0.0,0.0,0.0,3.05,0.57,7.08,0.0,0.0,7,PHI,0.0,0.0,3.03,0.0,0.0,0.0,0.0,0.0,1.76,21.46,0.0,0.0,0.0,0.0,3.01,0.0,0.0,0.0,0.0,0.0,1.75,20.28,0.0,0.0
Kyler Murray,0.69,36.82,6.91,0.02,0.03,2.42,4.76,6.28,0.06,0.0,0.0,0.0,0.0,0.08,8,ARI,36.23,4.52,0.0,252.37,0.75,1.1,27.86,0.35,0.0,0.0,0.0,0.41,34.22,5.78,0.0,230.63,0.89,1.05,46.88,0.36,0.0,0.0,0.0,0.01
Kyren Williams,0.0,0.0,0.0,0.0,0.0,0.0,20.2,4.38,0.04,1.83,0.93,4.96,0.0,0.01,9,LAR,0.0,20.3,1.82,0.0,0.0,0.0,90.53,0.94,1.71,9.61,0.0,0.21,0.0,23.59,1.51,0.0,0.0,0.0,105.71,1.43,1.52,8.15,0.0,0.0
Ladd McConkey,0.0,0.0,0.0,0.0,0.0,0.0,0.0,0.0,0.0,7.83,0.81,11.09,0.08,0.02,8,LAC,0.0,0.0,8.05,0.0,0.0,0.0,0.0,0.0,6.49,88.93,0.59,0.16,0.0,0.0,8.14,0.0,0.0,0.0,0.0,0.0,6.37,89.06,0.77,0.0
Lamar Jackson,0.69,24.51,9.05,0.11,0.01,1.45,6.38,8.09,0.05,0.0,0.0,0.0,0.0,0.1,8,BAL,24.95,6.47,0.0,224.54,2.5,0.2,53.53,0.32,0.0,0.0,0.0,0.51,21.6,6.54,0.0,217.24,2.72,0.09,52.99,0.44,0.0,0.0,0.0,0.01
Lucas Krull,0.0,0.0,0.0,0.0,0.0,0.0,0.0,0.0,0.0,2.08,0.97,6.2,0.0,0.0,6,DEN,0.0,0.0,2.11,0.0,0.0,0.0,0.0,0.0,2.03,13.01,0.0,0.0,0.0,0.0,2.04,0.0,0.0,0.0,0.0,0.0,2.15,13.92,0.0,0.0
Luke Farrell,0.0,0.0,0.0,0.0,0.0,0.0,0.0,0.0,0.0,2.04,0.61,2.9,0.0,0.0,5,SFO,0.0,0.0,1.9,0.0,0.0,0.0,0.0,0.0,1.15,5.41,0.0,0.0,0.0,0.0,2.01,0.0,0.0,0.0,0.0,0.0,1.09,5.5,0.0,0.0
Luke McCaffrey,0.0,0.0,0.0,0.0,0.0,0.0,0.0,0.0,0.0,1.86,0.57,4.68,0.0,0.0,6,WAS,0.0,0.0,1.97,0.0,0.0,0.0,0.0,0.0,1.13,9.42,0.0,0.0,0.0,0.0,2.13,0.0,0.0,0.0,0.0,0.0,1.33,9.96,0.0,0.0
Luke Musgrave,0.0,0.0,0.0,0.0,0.0,0.0,0.0,0.0,0.0,1.0,0.53,2.11,0.0,0.0,2,GNB,0.0,0.0,0.94,0.0,0.0,0.0,0.0,0.0,0.51,1.96,0.0,0.0,0.0,0.0,0.93,0.0,0.0,0.0,0.0,0.0,0.45,1.78,0.0,0.0
Luke Schoonmaker,0.0,0.0,0.0,0.0,0.0,0.0,0.0,0.0,0.0,3.59,0.75,7.2,0.04,0.0,6,DAL,0.0,0.0,3.73,0.0,0.0,0.0,0.0,0.0,2.85,28.08,0.14,0.0,0.0,0.0,3.12,0.0,0.0,0.0,0.0,0.0,2.48,25.67,0.12,0.0
Mac Jones,0.66,32.55,6.63,0.04,0.03,1.38,3.28,3.64,0.02,0.0,0.0,0.0,0.0,0.02,7,SFO,30.38,3.5,0.0,197.42,1.31,1.04,13.3,0.08,0.0,0.0,0.0,0.07,32.09,3.83,0.0,200.7,0.96,0.61,15.13,0.1,0.0,0.0,0.0,0.0
Mack Hollins,0.0,0.0,0.0,0.0,0.0,0.0,0.0,0.0,0.0,3.04,0.74,9.92,0.1,0.0,8,NWE,0.0,0.0,3.04,0.0,0.0,0.0,0.0,0.0,2.18,29.4,0.3,0.0,0.0,0.0,3.67,0.0,0.0,0.0,0.0,0.0,2.65,33.06,0.29,0.0
Malik Heath,0.0,0.0,0.0,0.0,0.0,0.0,0.0,0.0,0.0,1.33,1.0,5.25,0.75,0.0,2,GNB,0.0,0.0,1.25,0.0,0.0,0.0,0.0,0.0,1.29,6.5,1.11,0.0,0.0,0.0,1.24,0.0,0.0,0.0,0.0,0.0,1.14,5.88,1.13,0.0
Malik Nabers,0.0,0.0,0.0,0.0,0.0,0.0,0.18,2.0,0.0,11.26,0.64,8.05,0.05,0.01,8,NYG,0.0,0.18,11.14,0.0,0.0,0.0,0.35,0.0,7.19,90.46,0.53,0.11,0.0,0.18,10.84,0.0,0.0,0.0,0.38,0.0,7.55,95.98,0.61,0.0
Malik Washington,0.0,0.0,0.0,0.0,0.0,0.0,0.44,-0.0,0.12,3.57,0.72,6.35,0.0,0.03,9,MIA,0.0,0.43,3.62,0.0,0.0,0.0,-0.0,0.05,2.56,22.79,0.0,0.13,0.0,0.45,3.34,0.0,0.0,0.0,-0.0,0.03,2.27,20.01,0.0,0.0
Malik Willis,0.5,2.0,17.0,0.0,0.0,0.0,3.0,-0.67,0.0,0.0,0.0,0.0,0.0,0.0,1,GNB,1.88,3.05,0.0,31.64,0.0,0.0,-2.07,0.0,0.0,0.0,0.0,0.0,1.86,3.65,0.0,28.63,0.0,0.0,-2.75,0.0,0.0,0.0,0.0,0.0
Mark Andrews,0.0,0.0,0.0,0.0,0.0,0.0,0.43,1.55,0.0,4.13,0.84,11.19,0.21,0.0,8,BAL,0.0,0.44,4.2,0.0,0.0,0.0,0.69,0.0,3.55,46.78,0.8,0.0,0.0,0.44,3.64,0.0,0.0,0.0,0.68,0.0,3.18,45.26,0.88,0.0
Marquez Valdes-Scantling,0.0,0.0,0.0,0.0,0.0,0.0,0.2,4.0,0.0,4.25,0.44,10.41,0.09,0.0,7,SFO,0.0,0.21,3.97,0.0,0.0,0.0,0.89,0.0,1.73,40.47,0.39,0.0,0.0,0.23,4.19,0.0,0.0,0.0,1.01,0.0,1.63,41.14,0.28,0.0
Marquise Brown,0.0,0.0,0.0,0.0,0.0,0.0,0.0,0.0,0.0,7.47,0.6,6.09,0.0,0.0,2,KAN,0.0,0.0,7.4,0.0,0.0,0.0,0.0,0.0,4.4,44.1,0.0,0.0,0.0,0.0,6.88,0.0,0.0,0.0,0.0,0.0,3.82,32.47,0.0,0.0
Marvin Harrison Jr.,0.0,0.0,0.0,0.0,0.0,0.0,0.0,0.0,0.0,8.06,0.51,6.79,0.02,0.0,8,ARI,0.0,0.0,7.93,0.0,0.0,0.0,0.0,0.0,4.09,54.29,0.17,0.0,0.0,0.0,7.49,0.0,0.0,0.0,0.0,0.0,3.9,49.61,0.2,0.0
Marvin Mims,0.0,0.0,0.0,0.0,0.0,0.0,1.36,1.53,0.0,4.89,0.84,12.35,0.13,0.03,8,DEN,0.0,1.47,4.97,0.0,0.0,0.0,2.24,0.0,4.14,60.93,0.56,0.2,0.0,1.56,4.79,0.0,0.0,0.0,2.19,0.0,4.38,65.19,0.7,0.0
Mason Rudolph,0.68,30.69,7.13,0.05,0.05,1.41,3.79,3.7,0.0,0.0,0.0,0.0,0.0,0.11,4,PIT,31.96,4.03,0.0,236.6,1.59,1.8,15.08,0.0,0.0,0.0,0.0,0.37,35.55,3.87,0.0,235.0,1.57,2.29,13.74,0.0,0.0,0.0,0.0,0.01
Mason Tipton,0.0,0.0,0.0,0.0,0.0,0.0,0.0,0.0,0.0,1.36,0.0,0.0,0.0,0.0,2,NOR,0.0,0.0,1.39,0.0,0.0,0.0,0.0,0.0,0.0,0.0,0.0,0.0,0.0,0.0,1.26,0.0,0.0,0.0,0.0,0.0,0.0,0.0,0.0,0.0
Matthew Stafford,0.64,29.17,7.22,0.04,0.01,0.91,3.13,2.14,0.0,0.0,0.0,0.0,0.0,0.08,9,LAR,29.04,3.15,0.0,222.92,1.23,0.38,6.85,0.0,0.0,0.0,0.0,0.23,24.0,3.65,0.0,189.02,1.24,0.57,8.0,0.0,0.0,0.0,0.0,0.0
Michael Burton,0.0,0.0,0.0,0.0,0.0,0.0,0.88,1.17,0.26,1.38,1.0,5.64,0.25,0.0,5,DEN,0.0,0.95,1.4,0.0,0.0,0.0,1.11,0.27,1.39,7.85,0.3,0.0,0.0,1.01,1.35,0.0,0.0,0.0,1.08,0.38,1.47,8.4,0.38,0.0
Michael Mayer,0.0,0.0,0.0,0.0,0.0,0.0,0.0,0.0,0.0,2.9,0.61,5.7,0.0,0.0,7,LVR,0.0,0.0,2.79,0.0,0.0,0.0,0.0,0.0,1.71,15.81,0.0,0.0,0.0,0.0,2.98,0.0,0.0,0.0,0.0,0.0,1.83,15.9,0.0,0.0
Michael Penix,0.59,26.48,6.8,0.02,0.03,1.04,2.43,1.02,0.0,0.0,0.0,0.0,0.0,0.36,3,ATL,26.03,2.37,0.0,175.93,0.53,0.76,2.41,0.0,0.0,0.0,0.0,0.87,29.42,2.2,0.0,196.01,0.34,1.18,2.02,0.0,0.0,0.0,0.0,0.01
Michael Pittman Jr.,0.0,0.0,0.0,0.0,0.0,0.0,0.0,0.0,0.0,7.18,0.75,8.45,0.03,0.03,7,IND,0.0,0.0,7.33,0.0,0.0,0.0,0.0,0.0,5.45,59.58,0.21,0.21,0.0,0.0,7.88,0.0,0.0,0.0,0.0,0.0,5.88,68.45,0.22,0.0
Michael Wilson,0.0,0.0,0.0,0.0,0.0,0.0,0.2,7.0,0.0,4.36,0.63,8.07,0.03,0.0,8,ARI,0.0,0.19,4.29,0.0,0.0,0.0,1.3,0.0,2.73,34.9,0.13,0.0,0.0,0.24,4.05,0.0,0.0,0.0,2.2,0.0,2.6,31.89,0.16,0.0
Mike Evans,0.0,0.0,0.0,0.0,0.0,0.0,0.0,0.0,0.0,8.6,0.77,11.35,0.11,0.0,6,TAM,0.0,0.0,8.96,0.0,0.0,0.0,0.0,0.0,6.75,102.59,0.88,0.0,0.0,0.0,9.22,0.0,0.0,0.0,0.0,0.0,6.71,107.02,1.03,0.0
Mike Gesicki,0.0,0.0,0.0,0.0,0.0,0.0,0.0,0.0,0.0,5.47,0.8,7.68,0.01,0.0,8,CIN,0.0,0.0,5.55,0.0,0.0,0.0,0.0,0.0,4.39,41.7,0.05,0.0,0.0,0.0,5.49,0.0,0.0,0.0,0.0,0.0,4.3,44.82,0.04,0.0
Miles Sanders,0.0,0.0,0.0,0.0,0.0,0.0,2.0,0.5,0.0,0.8,1.0,-2.5,0.0,0.0,2,DAL,0.0,2.01,0.83,0.0,0.0,0.0,1.0,0.0,0.85,-2.17,0.0,0.0,0.0,2.4,0.7,0.0,0.0,0.0,1.15,0.0,0.74,-1.99,0.0,0.0
Mitchell Trubisky,1.0,0.84,44.62,0.62,0.0,0.0,2.47,-0.66,0.0,0.0,0.0,0.0,0.0,0.0,3,BUF,0.82,2.48,0.0,36.71,0.52,0.0,-1.66,0.0,0.0,0.0,0.0,0.0,0.77,2.65,0.0,35.42,0.42,0.0,-1.58,0.0,0.0,0.0,0.0,0.0
Mo Alie-Cox,0.0,0.0,0.0,0.0,0.0,0.0,0.0,0.0,0.0,1.79,0.56,5.63,0.0,0.0,4,IND,0.0,0.0,1.83,0.0,0.0,0.0,0.0,0.0,1.01,9.9,0.0,0.0,0.0,0.0,1.96,0.0,0.0,0.0,0.0,0.0,1.09,11.37,0.0,0.0
Najee Harris,0.0,0.0,0.0,0.0,0.0,0.0,13.12,3.91,0.02,2.37,0.73,5.16,0.0,0.0,8,LAC,0.0,14.37,2.44,0.0,0.0,0.0,58.45,0.3,1.77,12.52,0.0,0.0,0.0,12.71,2.46,0.0,0.0,0.0,51.04,0.12,1.74,12.54,0.0,0.0
Nate Adkins,0.0,0.0,0.0,0.0,0.0,0.0,0.0,0.0,0.0,1.24,1.0,10.78,0.26,0.0,5,DEN,0.0,0.0,1.26,0.0,0.0,0.0,0.0,0.0,1.25,13.49,0.28,0.0,0.0,0.0,1.22,0.0,0.0,0.0,0.0,0.0,1.32,14.43,0.36,0.0
Nick Chubb,0.0,0.0,0.0,0.0,0.0,0.0,11.78,3.62,0.03,1.06,0.56,4.15,0.18,0.02,6,HOU,0.0,12.02,1.05,0.0,0.0,0.0,44.17,0.32,0.59,4.29,0.21,0.28,0.0,9.28,1.15,0.0,0.0,0.0,25.76,0.21,0.65,4.59,0.18,0.0
Nick Mullens,1.0,0.42,14.0,0.0,0.0,0.0,1.17,-1.0,0.0,0.0,0.0,0.0,0.0,0.0,2,JAX,0.43,1.17,0.0,6.06,0.0,0.0,-1.22,0.0,0.0,0.0,0.0,0.0,0.39,0.95,0.0,5.71,0.0,0.0,-1.06,0.0,0.0,0.0,0.0,0.0
Nick Westbrook-Ikhine,0.0,0.0,0.0,0.0,0.0,0.0,0.0,0.0,0.0,4.67,0.5,7.92,0.13,0.0,9,MIA,0.0,0.0,4.73,0.0,0.0,0.0,0.0,0.0,2.33,37.19,0.56,0.0,0.0,0.0,4.37,0.0,0.0,0.0,0.0,0.0,2.07,32.64,0.7,0.0
Nico Collins,0.0,0.0,0.0,0.0,0.0,0.0,0.0,0.0,0.0,8.02,0.64,7.88,0.06,0.0,6,HOU,0.0,0.0,7.91,0.0,0.0,0.0,0.0,0.0,5.06,61.63,0.52,0.0,0.0,0.0,8.67,0.0,0.0,0.0,0.0,0.0,5.62,65.99,0.44,0.0
Noah Brown,0.0,0.0,0.0,0.0,0.0,0.0,0.0,0.0,0.0,6.15,0.58,6.11,0.0,0.0,5,WAS,0.0,0.0,6.52,0.0,0.0,0.0,0.0,0.0,3.79,40.67,0.0,0.0,0.0,0.0,7.04,0.0,0.0,0.0,0.0,0.0,4.47,42.98,0.0,0.0
Noah Fant,0.0,0.0,0.0,0.0,0.0,0.0,0.0,0.0,0.0,5.3,0.61,6.05,0.0,0.0,5,CIN,0.0,0.0,5.37,0.0,0.0,0.0,0.0,0.0,3.24,31.83,0.0,0.0,0.0,0.0,5.32,0.0,0.0,0.0,0.0,0.0,3.17,34.21,0.0,0.0
Noah Gray,0.0,0.0,0.0,0.0,0.0,0.0,0.0,0.0,0.0,3.3,0.72,7.44,0.15,0.0,9,KAN,0.0,0.0,3.27,0.0,0.0,0.0,0.0,0.0,2.33,23.8,0.43,0.0,0.0,0.0,3.04,0.0,0.0,0.0,0.0,0.0,2.02,17.52,0.38,0.0
Olamide Zaccheaus,0.0,0.0,0.0,0.0,0.0,0.0,0.21,8.0,0.0,5.06,0.77,8.62,0.12,0.02,8,CHI,0.0,0.22,4.8,0.0,0.0,0.0,1.81,0.0,3.74,42.23,0.69,0.1,0.0,0.19,5.36,0.0,0.0,0.0,1.54,0.0,3.81,51.5,0.7,0.0
Parker Washington,0.0,0.0,0.0,0.0,0.0,0.0,0.0,0.0,0.0,5.26,0.69,8.57,0.07,0.0,7,JAX,0.0,0.0,5.39,0.0,0.0,0.0,0.0,0.0,3.75,46.45,0.37,0.0,0.0,0.0,4.9,0.0,0.0,0.0,0.0,0.0,3.46,43.79,0.44,0.0
Pat Freiermuth,0.0,0.0,0.0,0.0,0.0,0.0,0.0,0.0,0.0,4.9,0.84,8.1,0.09,0.07,8,PIT,0.0,0.0,5.1,0.0,0.0,0.0,0.0,0.0,4.41,42.92,0.46,0.3,0.0,0.0,5.68,0.0,0.0,0.0,0.0,0.0,4.77,42.62,0.45,0.01
Patrick Mahomes,0.66,39.24,6.43,0.05,0.0,2.09,2.76,7.03,0.06,0.0,0.0,0.0,0.0,0.07,9,KAN,38.87,2.81,0.0,244.57,1.69,0.0,19.9,0.19,0.0,0.0,0.0,0.18,36.12,2.52,0.0,180.09,1.49,0.0,16.89,0.11,0.0,0.0,0.0,0.01
Patrick Ricard,0.0,0.0,0.0,0.0,0.0,0.0,0.0,0.0,0.0,1.0,1.0,4.33,0.33,0.0,2,BAL,0.0,0.0,1.02,0.0,0.0,0.0,0.0,0.0,1.02,4.38,0.31,0.0,0.0,0.0,0.88,0.0,0.0,0.0,0.0,0.0,0.92,4.24,0.33,0.0
Patrick Taylor,0.0,0.0,0.0,0.0,0.0,0.0,7.56,3.23,0.06,3.25,0.17,0.17,0.0,0.0,2,SFO,0.0,8.08,3.03,0.0,0.0,0.0,27.2,0.55,0.51,0.51,0.0,0.0,0.0,8.82,3.2,0.0,0.0,0.0,30.95,0.68,0.48,0.51,0.0,0.0
Payne Durham,0.0,0.0,0.0,0.0,0.0,0.0,0.0,0.0,0.0,4.08,0.71,7.66,0.1,0.09,3,TAM,0.0,0.0,4.25,0.0,0.0,0.0,0.0,0.0,2.95,32.85,0.38,0.37,0.0,0.0,4.37,0.0,0.0,0.0,0.0,0.0,2.94,34.26,0.44,0.01
Puka Nacua,0.0,0.0,0.0,0.0,0.0,0.0,1.06,4.25,0.12,10.78,0.76,9.34,0.03,0.0,9,LAR,0.0,1.07,10.73,0.0,0.0,0.0,4.61,0.15,8.23,106.57,0.34,0.0,0.0,1.24,8.87,0.0,0.0,0.0,5.38,0.22,7.31,90.36,0.34,0.0
Quentin Johnston,0.0,0.0,0.0,0.0,0.0,0.0,0.04,2.0,0.0,6.67,0.52,5.31,0.07,0.0,9,LAC,0.0,0.04,6.86,0.0,0.0,0.0,0.09,0.0,3.55,36.27,0.44,0.0,0.0,0.04,6.94,0.0,0.0,0.0,0.08,0.0,3.48,36.33,0.57,0.0
Rachaad White,0.0,0.0,0.0,0.0,0.0,0.0,9.76,4.72,0.03,3.14,0.88,6.18,0.11,0.03,8,TAM,0.0,8.91,3.27,0.0,0.0,0.0,38.12,0.28,2.82,20.39,0.32,0.35,0.0,9.26,3.37,0.0,0.0,0.0,37.18,0.23,2.8,21.28,0.37,0.01
Raheem Mostert,0.0,0.0,0.0,0.0,0.0,0.0,5.36,2.44,0.0,2.09,0.91,6.53,0.0,0.01,8,LVR,0.0,5.94,2.01,0.0,0.0,0.0,14.82,0.0,1.84,13.06,0.0,0.09,0.0,6.44,2.15,0.0,0.0,0.0,17.26,0.0,1.96,13.13,0.0,0.0
Rasheen Ali,0.0,0.0,0.0,0.0,0.0,0.0,3.07,2.94,0.0,0.0,0.0,0.0,0.0,0.0,3,BAL,0.0,3.11,0.0,0.0,0.0,0.0,9.36,0.0,0.0,0.0,0.0,0.0,0.0,3.15,0.0,0.0,0.0,0.0,9.27,0.0,0.0,0.0,0.0,0.0
Rashod Bateman,0.0,0.0,0.0,0.0,0.0,0.0,0.0,0.0,0.0,3.51,0.59,9.95,0.23,0.0,7,BAL,0.0,0.0,3.57,0.0,0.0,0.0,0.0,0.0,2.12,35.35,0.75,0.0,0.0,0.0,3.09,0.0,0.0,0.0,0.0,0.0,1.9,34.2,0.82,0.0
Ray Davis,0.0,0.0,0.0,0.0,0.0,0.0,6.29,3.02,0.02,1.07,1.0,10.42,0.22,0.0,7,BUF,0.0,6.32,1.05,0.0,0.0,0.0,19.36,0.12,1.04,10.92,0.23,0.0,0.0,6.74,0.98,0.0,0.0,0.0,18.47,0.16,0.99,10.54,0.19,0.0
Ray-Ray McCloud,0.0,0.0,0.0,0.0,0.0,0.0,0.76,6.84,0.0,4.59,0.73,8.88,0.01,0.03,8,ATL,0.0,0.74,4.51,0.0,0.0,0.0,5.05,0.0,3.35,39.82,0.05,0.16,0.0,0.69,5.1,0.0,0.0,0.0,4.23,0.0,3.72,44.37,0.03,0.0
Reggie Gilliam,0.0,0.0,0.0,0.0,0.0,0.0,2.0,1.5,0.0,0.0,0.0,0.0,0.0,0.0,1,BUF,0.0,2.01,0.0,0.0,0.0,0.0,3.06,0.0,0.0,0.0,0.0,0.0,0.0,2.14,0.0,0.0,0.0,0.0,2.92,0.0,0.0,0.0,0.0,0.0
Rhamondre Stevenson,0.0,0.0,0.0,0.0,0.0,0.0,11.49,3.98,0.02,1.79,0.76,6.19,0.02,0.03,8,NWE,0.0,11.31,1.79,0.0,0.0,0.0,44.17,0.24,1.32,10.8,0.03,0.47,0.0,9.12,2.16,0.0,0.0,0.0,34.14,0.07,1.6,12.15,0.03,0.01
Ricky Pearsall,0.0,0.21,0.0,0.0,0.0,0.0,0.43,3.0,0.0,4.55,0.67,9.93,0.06,0.0,7,SFO,0.2,0.46,4.25,0.0,0.0,0.0,1.44,0.0,2.82,41.33,0.28,0.0,0.21,0.5,4.49,0.0,0.0,0.0,1.63,0.0,2.66,42.02,0.2,0.0
Rico Dowdle,0.0,0.0,0.0,0.0,0.0,0.0,18.52,4.88,0.01,2.31,0.83,4.68,0.02,0.01,9,CAR,0.0,19.84,2.32,0.0,0.0,0.0,101.34,0.19,1.93,11.22,0.05,0.18,0.0,18.13,2.26,0.0,0.0,0.0,94.88,0.17,1.88,9.93,0.03,0.0
Rome Odunze,0.0,0.0,0.0,0.0,0.0,0.0,0.0,0.0,0.0,6.52,0.48,6.62,0.04,0.03,9,CHI,0.0,0.0,6.18,0.0,0.0,0.0,0.0,0.0,3.01,41.79,0.3,0.18,0.0,0.0,6.91,0.0,0.0,0.0,0.0,0.0,3.06,50.96,0.3,0.0
Romeo Doubs,0.0,0.0,0.0,0.0,0.0,0.0,0.0,0.0,0.0,5.92,0.62,6.55,0.07,0.0,6,GNB,0.0,0.0,5.58,0.0,0.0,0.0,0.0,0.0,3.56,36.08,0.46,0.0,0.0,0.0,5.52,0.0,0.0,0.0,0.0,0.0,3.15,32.66,0.47,0.0
Roschon Johnson,0.0,0.0,0.0,0.0,0.0,0.0,3.27,2.16,0.08,0.64,0.76,5.38,0.0,0.0,6,CHI,0.0,3.37,0.61,0.0,0.0,0.0,7.62,0.27,0.47,3.33,0.0,0.0,0.0,2.94,0.68,0.0,0.0,0.0,6.48,0.37,0.48,4.07,0.0,0.0
Russell Wilson,0.65,31.17,7.02,0.04,0.02,3.02,4.27,4.94,0.05,0.0,0.0,0.0,0.0,0.14,8,NYG,30.85,4.2,0.0,218.38,1.17,0.66,20.45,0.2,0.0,0.0,0.0,0.57,30.0,4.21,0.0,231.69,1.36,0.89,21.99,0.29,0.0,0.0,0.0,0.01
Ryan Flournoy,0.0,0.0,0.0,0.0,0.0,0.0,0.0,0.0,0.0,2.19,0.67,7.16,0.0,0.0,5,DAL,0.0,0.0,2.28,0.0,0.0,0.0,0.0,0.0,1.55,17.03,0.0,0.0,0.0,0.0,1.9,0.0,0.0,0.0,0.0,0.0,1.35,15.57,0.0,0.0
Ryan Miller,0.0,0.0,0.0,0.0,0.0,0.0,0.0,0.0,0.0,2.32,0.65,6.12,0.13,0.0,6,TAM,0.0,0.0,2.42,0.0,0.0,0.0,0.0,0.0,1.54,14.92,0.28,0.0,0.0,0.0,2.49,0.0,0.0,0.0,0.0,0.0,1.53,15.57,0.33,0.0
Sam Darnold,0.68,35.69,8.1,0.07,0.02,2.69,3.67,2.17,0.02,0.0,0.0,0.0,0.0,0.08,9,SEA,35.83,3.59,0.0,291.67,3.24,1.0,7.91,0.07,0.0,0.0,0.0,0.35,36.05,3.64,0.0,307.77,3.75,1.01,7.84,0.09,0.0,0.0,0.0,0.01
Sam Howell,0.36,14.0,1.71,0.0,0.07,4.0,1.0,2.0,0.0,0.0,0.0,0.0,0.0,0.0,1,PHI,13.91,0.91,0.0,23.79,0.0,1.0,1.71,0.0,0.0,0.0,0.0,0.0,13.82,0.76,0.0,22.48,0.0,1.13,1.53,0.0,0.0,0.0,0.0,0.0
Sam LaPorta,0.0,0.0,0.0,0.0,0.0,0.0,0.0,0.0,0.0,7.24,0.64,7.4,0.09,0.0,8,DET,0.0,0.0,7.47,0.0,0.0,0.0,0.0,0.0,4.55,51.8,0.66,0.0,0.0,0.0,6.26,0.0,0.0,0.0,0.0,0.0,3.94,53.02,0.55,0.0
Samaje Perine,0.0,0.0,0.0,0.0,0.0,0.0,0.78,6.76,0.0,2.17,0.85,10.97,0.02,0.0,9,CIN,0.0,0.79,2.2,0.0,0.0,0.0,5.47,0.0,1.85,23.63,0.04,0.0,0.0,0.97,2.18,0.0,0.0,0.0,6.83,0.0,1.81,25.4,0.03,0.0
Saquon Barkley,0.0,0.0,0.0,0.0,0.0,0.17,24.65,5.58,0.03,2.2,0.71,5.97,0.02,0.01,9,PHI,0.0,22.53,2.19,0.0,0.0,0.0,117.8,0.58,1.58,13.05,0.04,0.22,0.0,18.62,2.17,0.0,0.0,0.0,105.09,0.52,1.57,12.34,0.03,0.0
Scott Miller,0.0,0.0,0.0,0.0,0.0,0.0,0.0,0.0,0.0,2.4,0.58,7.39,0.0,0.0,2,PIT,0.0,0.0,2.5,0.0,0.0,0.0,0.0,0.0,1.49,19.18,0.0,0.0,0.0,0.0,2.78,0.0,0.0,0.0,0.0,0.0,1.61,19.05,0.0,0.0
Sean Tucker,0.0,0.0,0.0,0.0,0.0,0.0,5.72,4.87,0.03,0.97,0.55,3.13,0.0,0.02,5,TAM,0.0,5.22,1.01,0.0,0.0,0.0,23.05,0.16,0.54,3.19,0.0,0.12,0.0,5.42,1.04,0.0,0.0,0.0,22.48,0.14,0.54,3.33,0.0,0.0
Shane Zylstra,0.0,0.0,0.0,0.0,0.0,0.0,0.0,0.0,0.0,1.0,1.0,22.0,0.0,0.0,1,DET,0.0,0.0,1.03,0.0,0.0,0.0,0.0,0.0,0.98,21.27,0.0,0.0,0.0,0.0,0.86,0.0,0.0,0.0,0.0,0.0,0.85,21.77,0.0,0.0
Sione Vaki,0.0,0.0,0.0,0.0,0.0,0.0,1.54,1.8,0.0,1.38,1.0,10.0,0.0,0.0,2,DET,0.0,1.43,1.42,0.0,0.0,0.0,2.63,0.0,1.36,13.34,0.0,0.0,0.0,1.61,1.19,0.0,0.0,0.0,3.21,0.0,1.17,13.66,0.0,0.0
Spencer Rattler,0.52,29.56,5.81,0.02,0.04,2.11,2.78,9.49,0.0,0.0,0.0,0.0,0.0,0.25,3,NOR,30.12,2.64,0.0,173.15,0.54,1.36,24.1,0.0,0.0,0.0,0.0,0.69,27.45,3.23,0.0,145.85,0.48,0.32,29.69,0.0,0.0,0.0,0.0,0.01
Sterling Shepard,0.0,0.0,0.0,0.0,0.0,0.0,0.4,11.06,0.0,4.32,0.61,6.92,0.0,0.0,7,TAM,0.0,0.37,4.5,0.0,0.0,0.0,3.66,0.0,2.68,31.42,0.0,0.0,0.0,0.38,4.63,0.0,0.0,0.0,3.57,0.0,2.67,32.78,0.0,0.0
Stone Smartt,0.0,0.0,0.0,0.0,0.0,0.0,0.0,0.0,0.0,3.2,0.89,10.62,0.0,0.06,5,NYJ,0.0,0.0,3.05,0.0,0.0,0.0,0.0,0.0,2.69,32.33,0.0,0.2,0.0,0.0,3.02,0.0,0.0,0.0,0.0,0.0,2.87,34.31,0.0,0.01
T.J. Hockenson,0.0,0.0,0.0,0.0,0.0,0.0,0.0,0.0,0.0,6.0,0.7,8.38,0.0,0.0,9,MIN,0.0,0.0,6.27,0.0,0.0,0.0,0.0,0.0,4.24,49.91,0.0,0.0,0.0,0.0,6.24,0.0,0.0,0.0,0.0,0.0,4.31,50.88,0.0,0.0
Tank Bigsby,0.0,0.0,0.0,0.0,0.0,0.0,11.02,3.48,0.03,1.04,0.47,2.13,0.0,0.03,7,JAX,0.0,11.0,1.07,0.0,0.0,0.0,40.02,0.32,0.51,2.28,0.0,0.35,0.0,8.94,0.97,0.0,0.0,0.0,34.89,0.31,0.47,2.15,0.0,0.01
Tank Dell,0.0,0.0,0.0,0.0,0.0,0.0,0.41,7.87,0.0,5.43,0.67,10.81,0.04,0.0,7,HOU,0.0,0.42,5.35,0.0,0.0,0.0,3.34,0.0,3.59,57.24,0.23,0.0,0.0,0.32,5.87,0.0,0.0,0.0,1.95,0.0,3.98,61.29,0.2,0.0
Tanner Hudson,0.0,0.0,0.0,0.0,0.0,0.0,0.1,1.0,0.0,2.47,0.93,7.82,0.04,0.0,6,CIN,0.0,0.1,2.5,0.0,0.0,0.0,0.1,0.0,2.3,19.18,0.09,0.0,0.0,0.12,2.48,0.0,0.0,0.0,0.13,0.0,2.26,20.61,0.08,0.0
Tanner McKee,0.75,4.0,13.5,0.5,0.0,0.0,2.0,-1.0,0.0,0.0,0.0,0.0,0.0,0.0,1,PHI,3.97,1.83,0.0,53.66,1.92,0.0,-1.71,0.0,0.0,0.0,0.0,0.0,3.95,1.51,0.0,50.72,1.47,0.0,-1.53,0.0,0.0,0.0,0.0,0.0
Taysom Hill,0.4,0.67,7.2,0.0,0.4,0.0,5.33,8.65,0.17,6.53,0.78,6.24,0.0,0.02,4,NOR,0.68,5.06,6.65,4.86,0.0,0.31,42.12,0.93,5.16,41.08,0.0,0.24,0.62,6.18,6.06,4.1,0.0,0.07,51.88,1.57,5.02,34.6,0.0,0.0
Tee Higgins,0.0,0.0,0.0,0.0,0.0,0.0,0.0,0.0,0.0,9.77,0.7,8.61,0.13,0.02,6,CIN,0.0,0.0,9.91,0.0,0.0,0.0,0.0,0.0,6.85,83.51,1.16,0.19,0.0,0.0,9.8,0.0,0.0,0.0,0.0,0.0,6.71,89.75,0.97,0.0
Terry McLaurin,0.0,0.0,0.0,0.0,0.0,0.0,0.0,0.0,0.0,6.68,0.66,8.09,0.15,0.0,8,WAS,0.0,0.0,7.08,0.0,0.0,0.0,0.0,0.0,4.68,58.49,0.98,0.0,0.0,0.0,7.64,0.0,0.0,0.0,0.0,0.0,5.53,61.81,0.82,0.0
Theo Johnson,0.0,0.0,0.0,0.0,0.0,0.0,0.0,0.0,0.0,5.63,0.7,8.13,0.02,0.0,4,NYG,0.0,0.0,5.57,0.0,0.0,0.0,0.0,0.0,3.93,45.68,0.11,0.0,0.0,0.0,5.42,0.0,0.0,0.0,0.0,0.0,4.13,48.47,0.12,0.0
Tim Patrick,0.0,0.0,0.0,0.0,0.0,0.0,0.0,0.0,0.0,4.39,0.68,6.84,0.12,0.0,7,JAX,0.0,0.0,4.5,0.0,0.0,0.0,0.0,0.0,3.09,30.94,0.53,0.0,0.0,0.0,4.09,0.0,0.0,0.0,0.0,0.0,2.84,29.17,0.63,0.0
Tip Reiman,0.0,0.0,0.0,0.0,0.0,0.0,0.0,0.0,0.0,1.76,0.78,5.84,0.0,0.0,3,ARI,0.0,0.0,1.73,0.0,0.0,0.0,0.0,0.0,1.37,10.2,0.0,0.0,0.0,0.0,1.64,0.0,0.0,0.0,0.0,0.0,1.3,9.32,0.0,0.0
Tommy DeVito,0.71,19.92,5.75,0.0,0.0,2.77,3.31,3.72,0.0,0.0,0.0,0.0,0.0,0.0,2,NWE,19.93,3.26,0.0,111.65,0.0,0.0,11.89,0.0,0.0,0.0,0.0,0.0,24.08,2.63,0.0,125.57,0.0,0.0,9.19,0.0,0.0,0.0,0.0,0.0
Tommy Tremble,0.0,0.0,0.0,0.0,0.0,0.0,0.0,0.0,0.0,3.29,0.74,7.97,0.06,0.0,5,CAR,0.0,0.0,3.31,0.0,0.0,0.0,0.0,0.0,2.46,27.21,0.23,0.0,0.0,0.0,3.21,0.0,0.0,0.0,0.0,0.0,2.39,24.09,0.13,0.0
Tony Pollard,0.0,0.0,0.0,0.0,0.0,0.0,14.59,4.12,0.02,3.3,0.67,4.22,0.0,0.02,8,TEN,0.0,13.63,3.3,0.0,0.0,0.0,55.82,0.29,2.24,13.75,0.0,0.42,0.0,14.23,3.73,0.0,0.0,0.0,61.65,0.27,2.46,15.49,0.0,0.0
Travis Etienne,0.0,0.0,0.0,0.0,0.0,0.0,10.94,3.57,0.0,3.14,0.81,6.56,0.0,0.0,8,JAX,0.0,10.92,3.22,0.0,0.0,0.0,40.76,0.0,2.63,21.23,0.0,0.0,0.0,8.88,2.92,0.0,0.0,0.0,35.53,0.0,2.42,20.01,0.0,0.0
Travis Kelce,0.0,0.0,0.0,0.0,0.0,0.0,0.0,0.0,0.0,8.91,0.67,5.79,0.03,0.0,9,KAN,0.0,0.0,8.83,0.0,0.0,0.0,0.0,0.0,5.86,50.01,0.23,0.0,0.0,0.0,8.2,0.0,0.0,0.0,0.0,0.0,5.09,36.82,0.2,0.0
Tre Tucker,0.0,0.0,0.0,0.0,0.0,0.0,0.57,2.48,0.0,4.88,0.5,6.76,0.06,0.0,8,LVR,0.0,0.63,4.69,0.0,0.0,0.0,1.6,0.0,2.36,31.56,0.3,0.0,0.0,0.68,5.01,0.0,0.0,0.0,1.87,0.0,2.52,31.74,0.35,0.0
Trent Sherfield,0.0,0.0,0.0,0.0,0.0,0.0,0.0,0.0,0.0,1.0,1.0,9.35,0.0,0.0,4,DEN,0.0,0.0,1.02,0.0,0.0,0.0,0.0,0.0,1.01,9.43,0.0,0.0,0.0,0.0,0.98,0.0,0.0,0.0,0.0,0.0,1.07,10.09,0.0,0.0
Trevor Lawrence,0.46,15.25,4.79,0.0,0.08,0.5,2.0,3.25,0.25,0.0,0.0,0.0,0.0,0.0,2,JAX,15.62,2.0,0.0,75.28,0.0,0.9,6.78,0.48,0.0,0.0,0.0,0.0,14.2,1.62,0.0,70.97,0.0,1.16,5.91,0.47,0.0,0.0,0.0,0.0
Trey Benson,0.0,0.0,0.0,0.0,0.0,0.0,4.45,5.44,0.01,0.48,1.0,9.27,0.0,0.0,6,ARI,0.0,4.23,0.47,0.0,0.0,0.0,22.56,0.05,0.48,4.41,0.0,0.0,0.0,5.4,0.45,0.0,0.0,0.0,37.96,0.06,0.46,4.03,0.0,0.0
Trey Lance,0.79,1.56,2.61,0.0,0.11,0.33,1.33,1.92,0.0,0.0,0.0,0.0,0.0,0.0,3,LAC,1.6,1.46,0.0,4.17,0.0,0.18,2.91,0.0,0.0,0.0,0.0,0.0,1.62,1.29,0.0,4.18,0.0,0.19,2.54,0.0,0.0,0.0,0.0,0.0
Trey McBride,0.0,0.0,0.0,0.0,0.0,0.0,0.04,2.0,1.0,10.88,0.77,7.57,0.02,0.0,8,ARI,0.0,0.04,10.71,0.0,0.0,0.0,0.07,0.05,8.34,81.7,0.22,0.0,0.0,0.05,10.11,0.0,0.0,0.0,0.13,0.05,7.94,74.66,0.26,0.0
Trey Palmer,0.0,0.0,0.0,0.0,0.0,0.0,0.0,0.0,0.0,2.32,0.47,7.5,0.0,0.0,5,NOR,0.0,0.0,2.36,0.0,0.0,0.0,0.0,0.0,1.11,17.54,0.0,0.0,0.0,0.0,2.15,0.0,0.0,0.0,0.0,0.0,1.07,14.78,0.0,0.0
Troy Franklin,0.0,0.0,0.0,0.0,0.0,0.0,0.0,0.0,0.0,3.45,0.49,4.54,0.02,0.0,8,DEN,0.0,0.0,3.51,0.0,0.0,0.0,0.0,0.0,1.7,15.8,0.06,0.0,0.0,0.0,3.38,0.0,0.0,0.0,0.0,0.0,1.8,16.91,0.08,0.0
Tua Tagovailoa,0.73,38.98,6.9,0.05,0.02,1.89,1.34,0.69,0.0,0.0,0.0,0.0,0.0,0.41,8,MIA,39.51,1.31,0.0,270.45,1.79,0.82,0.93,0.0,0.0,0.0,0.0,0.58,36.45,1.38,0.0,237.36,2.24,0.56,0.98,0.0,0.0,0.0,0.0,0.01
Tucker Fisk,0.0,0.0,0.0,0.0,0.0,0.0,0.0,0.0,0.0,1.08,0.92,5.49,0.0,0.0,7,LAC,0.0,0.0,1.11,0.0,0.0,0.0,0.0,0.0,1.02,6.07,0.0,0.0,0.0,0.0,1.12,0.0,0.0,0.0,0.0,0.0,1.0,6.08,0.0,0.0
Tucker Kraft,0.0,0.0,0.0,0.0,0.0,0.0,0.22,2.0,0.0,3.63,0.75,12.55,0.06,0.0,8,GNB,0.0,0.22,3.42,0.0,0.0,0.0,0.45,0.0,2.64,42.39,0.24,0.0,0.0,0.27,3.38,0.0,0.0,0.0,0.6,0.0,2.34,38.37,0.25,0.0
Tutu Atwell,0.0,0.0,0.0,0.0,0.0,0.0,0.14,0.0,0.0,2.25,0.75,9.99,0.0,0.0,8,LAR,0.0,0.14,2.24,0.0,0.0,0.0,0.0,0.0,1.69,23.79,0.0,0.0,0.0,0.16,1.85,0.0,0.0,0.0,0.0,0.0,1.51,20.17,0.0,0.0
Ty Chandler,0.0,0.0,0.0,0.0,0.0,0.0,3.04,2.05,0.0,0.0,0.0,0.0,0.0,0.0,4,MIN,0.0,2.91,0.0,0.0,0.0,0.0,5.98,0.0,0.0,0.0,0.0,0.0,0.0,2.48,0.0,0.0,0.0,0.0,5.2,0.0,0.0,0.0,0.0,0.0
Ty Johnson,0.0,0.0,0.0,0.0,0.0,0.0,3.39,4.75,0.0,2.02,0.8,15.53,0.07,0.0,8,BUF,0.0,3.41,1.97,0.0,0.0,0.0,16.41,0.0,1.57,30.72,0.14,0.0,0.0,3.63,1.86,0.0,0.0,0.0,15.65,0.0,1.49,29.64,0.12,0.0
Tylan Wallace,0.0,0.0,0.0,0.0,0.0,0.0,0.0,0.0,0.0,1.33,1.0,12.92,0.06,0.12,6,BAL,0.0,0.0,1.35,0.0,0.0,0.0,0.0,0.0,1.36,17.39,0.07,0.13,0.0,0.0,1.17,0.0,0.0,0.0,0.0,0.0,1.22,16.83,0.08,0.0
Tyler Allgeier,0.0,0.0,0.0,0.0,0.0,0.0,7.78,3.89,0.02,0.39,1.0,5.95,0.0,0.0,8,ATL,0.0,7.57,0.38,0.0,0.0,0.0,29.37,0.15,0.39,2.27,0.0,0.0,0.0,7.05,0.43,0.0,0.0,0.0,24.62,0.13,0.43,2.53,0.0,0.0
Tyler Conklin,0.0,0.0,0.0,0.0,0.0,0.0,0.1,0.0,0.0,5.51,0.79,6.95,0.04,0.0,7,LAC,0.0,0.11,5.67,0.0,0.0,0.0,0.0,0.0,4.45,39.22,0.21,0.0,0.0,0.1,5.73,0.0,0.0,0.0,0.0,0.0,4.37,39.28,0.27,0.0
Tyler Goodson,0.0,0.0,0.0,0.0,0.0,0.0,2.2,5.05,0.0,0.45,0.67,3.0,0.33,0.0,3,IND,0.0,2.19,0.46,0.0,0.0,0.0,11.57,0.0,0.31,1.33,0.15,0.0,0.0,1.82,0.49,0.0,0.0,0.0,8.41,0.0,0.33,1.52,0.15,0.0
Tyler Higbee,0.0,0.0,0.0,0.0,0.0,0.0,0.0,0.0,0.0,2.53,0.6,3.94,0.19,0.0,2,LAR,0.0,0.0,2.52,0.0,0.0,0.0,0.0,0.0,1.52,10.55,0.51,0.0,0.0,0.0,2.08,0.0,0.0,0.0,0.0,0.0,1.36,8.95,0.51,0.0
Tyler Lockett,0.0,0.0,0.0,0.0,0.0,0.0,0.0,0.0,0.0,2.47,0.78,7.5,0.02,0.0,8,TEN,0.0,0.0,2.47,0.0,0.0,0.0,0.0,0.0,1.95,18.29,0.05,0.0,0.0,0.0,2.79,0.0,0.0,0.0,0.0,0.0,2.14,20.6,0.05,0.0
Tyreek Hill,0.0,0.0,0.0,0.0,0.0,0.0,0.24,5.77,0.0,8.24,0.69,8.08,0.07,0.0,9,MIA,0.0,0.23,8.35,0.0,0.0,0.0,1.39,0.0,5.66,66.95,0.53,0.0,0.0,0.25,7.7,0.0,0.0,0.0,1.47,0.0,5.03,58.76,0.66,0.0
Tyrell Shavers,0.0,0.0,0.0,0.0,0.0,0.0,0.0,0.0,0.0,1.0,1.0,69.0,1.0,0.0,1,BUF,0.0,0.0,0.98,0.0,0.0,0.0,0.0,0.0,0.97,67.57,1.0,0.0,0.0,0.0,0.92,0.0,0.0,0.0,0.0,0.0,0.92,65.2,0.81,0.0
Tyrod Taylor,0.79,14.0,5.93,0.14,0.0,0.0,2.0,3.0,0.0,0.0,0.0,0.0,0.0,0.5,1,NYJ,13.34,2.0,0.0,78.98,1.92,0.0,6.09,0.0,0.0,0.0,0.0,1.12,13.2,1.87,0.0,83.83,2.65,0.0,5.82,0.0,0.0,0.0,0.0,0.03
Tyrone Tracy Jr.,0.0,0.0,0.0,0.0,0.0,0.0,12.8,3.48,0.02,4.28,0.64,5.48,0.04,0.02,8,NYG,0.0,12.58,4.24,0.0,0.0,0.0,43.19,0.24,2.73,23.41,0.16,0.32,0.0,12.61,4.12,0.0,0.0,0.0,46.44,0.35,2.87,24.83,0.19,0.01
Tyson Bagent,1.0,1.0,5.47,0.0,0.0,0.0,0.0,0.0,0.0,0.0,0.0,0.0,0.0,0.0,2,CHI,0.95,0.0,0.0,5.3,0.0,0.0,0.0,0.0,0.0,0.0,0.0,0.0,1.06,0.0,0.0,6.46,0.0,0.0,0.0,0.0,0.0,0.0,0.0,0.0
Van Jefferson,0.0,0.0,0.0,0.0,0.0,0.0,0.0,0.0,0.0,1.88,0.5,7.82,0.07,0.0,8,TEN,0.0,0.0,1.88,0.0,0.0,0.0,0.0,0.0,0.95,14.51,0.13,0.0,0.0,0.0,2.13,0.0,0.0,0.0,0.0,0.0,1.04,16.35,0.12,0.0
Velus Jones Jr.,0.0,0.0,0.0,0.0,0.0,0.0,1.0,0.0,0.0,0.0,0.0,0.0,0.0,0.0,1,NOR,0.0,0.95,0.0,0.0,0.0,0.0,0.0,0.0,0.0,0.0,0.0,0.0,0.0,1.16,0.0,0.0,0.0,0.0,0.0,0.0,0.0,0.0,0.0,0.0
Wan'Dale Robinson,0.0,0.0,0.0,0.0,0.0,0.0,0.1,0.0,0.0,7.72,0.6,5.91,0.03,0.0,8,NYG,0.0,0.1,7.64,0.0,0.0,0.0,0.0,0.0,4.62,45.54,0.22,0.0,0.0,0.1,7.43,0.0,0.0,0.0,0.0,0.0,4.85,48.31,0.25,0.0
Will Dissly,0.0,0.0,0.0,0.0,0.0,0.0,0.0,0.0,0.0,3.19,0.75,8.53,0.03,0.0,7,LAC,0.0,0.0,3.28,0.0,0.0,0.0,0.0,0.0,2.45,27.87,0.09,0.0,0.0,0.0,3.32,0.0,0.0,0.0,0.0,0.0,2.4,27.91,0.12,0.0
Will Levis,0.6,25.91,7.32,0.04,0.04,3.48,3.58,2.1,0.0,0.0,0.0,0.0,0.0,0.25,6,TEN,25.93,3.34,0.0,187.21,0.99,0.85,6.98,0.0,0.0,0.0,0.0,1.03,29.31,3.49,0.0,210.96,0.96,1.13,7.71,0.0,0.0,0.0,0.0,0.01
Will Mallory,0.0,0.0,0.0,0.0,0.0,0.0,0.0,0.0,0.0,1.0,0.53,4.24,0.0,0.0,3,IND,0.0,0.0,1.02,0.0,0.0,0.0,0.0,0.0,0.54,4.16,0.0,0.0,0.0,0.0,1.1,0.0,0.0,0.0,0.0,0.0,0.58,4.78,0.0,0.0
Will Shipley,0.0,0.0,0.0,0.0,0.0,0.0,3.67,3.82,0.0,0.0,0.0,0.0,0.0,0.0,2,PHI,0.0,3.35,0.0,0.0,0.0,0.0,12.01,0.0,0.0,0.0,0.0,0.0,0.0,2.77,0.0,0.0,0.0,0.0,10.71,0.0,0.0,0.0,0.0,0.0
Xavier Gipson,0.0,0.0,0.0,0.0,0.0,0.0,0.0,0.0,0.0,1.0,0.77,4.77,0.0,0.0,3,NYJ,0.0,0.0,0.95,0.0,0.0,0.0,0.0,0.0,0.73,4.54,0.0,0.0,0.0,0.0,0.94,0.0,0.0,0.0,0.0,0.0,0.78,4.82,0.0,0.0
Xavier Hutchinson,0.0,0.0,0.0,0.0,0.0,0.0,0.0,0.0,0.0,2.16,0.54,5.05,0.0,0.0,6,HOU,0.0,0.0,2.13,0.0,0.0,0.0,0.0,0.0,1.15,10.64,0.0,0.0,0.0,0.0,2.33,0.0,0.0,0.0,0.0,0.0,1.28,11.39,0.0,0.0
Xavier Legette,0.0,0.0,0.0,0.0,0.0,0.0,0.24,2.8,0.0,6.63,0.52,5.12,0.01,0.0,7,CAR,0.0,0.26,6.67,0.0,0.0,0.0,0.75,0.0,3.48,35.23,0.08,0.0,0.0,0.23,6.47,0.0,0.0,0.0,0.71,0.0,3.38,31.19,0.04,0.0
Xavier Worthy,0.0,0.0,0.0,0.0,0.0,0.0,1.69,5.47,0.09,7.91,0.69,6.7,0.05,0.0,9,KAN,0.0,1.72,7.84,0.0,0.0,0.0,9.48,0.17,5.36,51.37,0.34,0.0,0.0,1.54,7.28,0.0,0.0,0.0,8.05,0.1,4.65,37.83,0.3,0.0
Zach Charbonnet,0.0,0.0,0.0,0.0,0.0,0.0,8.84,4.96,0.06,3.16,0.8,5.97,0.0,0.0,8,SEA,0.0,8.64,3.17,0.0,0.0,0.0,43.57,0.49,2.49,19.03,0.0,0.0,0.0,8.78,3.19,0.0,0.0,0.0,43.15,0.67,2.51,20.08,0.0,0.0
Zach Ertz,0.0,0.0,0.0,0.0,0.0,0.0,0.0,0.0,0.0,4.98,0.73,7.35,0.15,0.0,8,WAS,0.0,0.0,5.28,0.0,0.0,0.0,0.0,0.0,3.86,39.62,0.73,0.0,0.0,0.0,5.7,0.0,0.0,0.0,0.0,0.0,4.56,41.87,0.61,0.0
Zamir White,0.0,0.0,0.0,0.0,0.0,0.0,5.33,1.75,0.06,0.0,0.0,0.0,0.0,0.0,2,LVR,0.0,5.91,0.0,0.0,0.0,0.0,10.57,0.4,0.0,0.0,0.0,0.0,0.0,6.4,0.0,0.0,0.0,0.0,12.31,0.2,0.0,0.0,0.0,0.0
Zay Flowers,0.0,0.0,0.0,0.0,0.0,0.0,0.32,0.6,0.0,6.68,0.59,9.24,0.03,0.0,8,BAL,0.0,0.32,6.8,0.0,0.0,0.0,0.2,0.0,4.03,62.48,0.19,0.0,0.0,0.33,5.89,0.0,0.0,0.0,0.2,0.0,3.61,60.45,0.2,0.0
Zay Jones,0.0,0.0,0.0,0.0,0.0,0.0,0.0,0.0,0.0,1.28,0.78,9.53,0.0,0.0,3,ARI,0.0,0.0,1.26,0.0,0.0,0.0,0.0,0.0,0.99,12.1,0.0,0.0,0.0,0.0,1.19,0.0,0.0,0.0,0.0,0.0,0.95,11.06,0.0,0.0
